ts_code,trade_date,open,high,low,close,volume,amount,factor
000300.SH,2014-01-02,2323.433,2325.991,2310.653,2321.978,45194291.0,49012211.124,1.0
000300.SH,2014-01-03,2311.968,2314.836,2280.887,2290.779,59782645.0,57739709.924,1.0
000300.SH,2014-01-06,2286.371,2286.371,2229.334,2238.637,66300403.0,59979360.128,1.0
000300.SH,2014-01-07,2222.306,2246.791,2218.647,2238.001,43753103.0,42565648.108,1.0
000300.SH,2014-01-08,2240.635,2262.584,2228.418,2241.911,51348854.0,50691488.898,1.0
000300.SH,2014-01-09,2236.967,2258.894,2220.802,2222.221,55987041.0,54399491.333,1.0
000300.SH,2014-01-10,2216.521,2224.494,2200.215,2204.851,54169293.0,47572309.533,1.0
000300.SH,2014-01-13,2206.996,2222.072,2183.597,2193.679,50122772.0,46123003.754,1.0
000300.SH,2014-01-14,2192.844,2214.124,2179.908,2212.846,54049947.0,46785099.888,1.0
000300.SH,2014-01-15,2210.024,2215.903,2193.802,2208.941,48962395.0,45755914.348,1.0
000300.SH,2014-01-16,2209.448,2227.262,2201.56,2211.844,52298902.0,49842784.005,1.0
000300.SH,2014-01-17,2203.821,2205.972,2175.876,2178.488,50273155.0,46268159.163,1.0
000300.SH,2014-01-20,2173.651,2182.463,2156.458,2165.993,40560154.0,39157227.541,1.0
000300.SH,2014-01-21,2168.42,2197.923,2168.42,2187.41,40306247.0,38590992.772,1.0
000300.SH,2014-01-22,2190.432,2244.133,2187.534,2243.796,70641375.0,64803357.078,1.0
000300.SH,2014-01-23,2242.245,2248.924,2228.057,2231.889,56345951.0,55726417.393,1.0
000300.SH,2014-01-24,2225.758,2257.355,2222.893,2245.678,61167670.0,59563444.873,1.0
000300.SH,2014-01-27,2233.015,2233.231,2211.799,2215.919,70344246.0,63503992.484,1.0
000300.SH,2014-01-28,2220.785,2233.257,2205.972,2219.855,53269130.0,49408754.555,1.0
000300.SH,2014-01-29,2225.711,2233.057,2219.928,2227.781,50222717.0,48788682.77,1.0
000300.SH,2014-01-30,2223.163,2223.163,2200.224,2202.45,43632304.0,43475960.839,1.0
000300.SH,2014-02-07,2187.343,2212.498,2177.117,2212.483,50459315.0,49597106.433,1.0
000300.SH,2014-02-10,2221.54,2270.194,2221.54,2267.534,83065716.0,81103244.127,1.0
000300.SH,2014-02-11,2267.735,2296.516,2262.599,2285.562,99229829.0,92688969.126,1.0
000300.SH,2014-02-12,2286.187,2294.317,2276.444,2291.246,76592161.0,73487379.679,1.0
000300.SH,2014-02-13,2288.451,2307.474,2278.261,2279.554,96217789.0,87352124.305,1.0
000300.SH,2014-02-14,2278.4,2295.852,2274.429,2295.575,67082997.0,64613327.719,1.0
000300.SH,2014-02-17,2308.791,2315.579,2293.552,2311.647,87831666.0,86871352.624,1.0
000300.SH,2014-02-18,2310.309,2310.309,2276.108,2282.442,87049743.0,88107267.954,1.0
000300.SH,2014-02-19,2280.927,2317.42,2274.152,2308.656,99352561.0,88341900.374,1.0
000300.SH,2014-02-20,2314.088,2331.698,2286.203,2287.436,106439533.0,91771595.713,1.0
000300.SH,2014-02-21,2284.03,2287.869,2250.652,2264.294,76368993.0,69908188.663,1.0
000300.SH,2014-02-24,2246.715,2246.715,2194.164,2214.509,89215939.0,79599146.389,1.0
000300.SH,2014-02-25,2216.515,2225.209,2150.095,2157.909,93237551.0,88306571.728,1.0
000300.SH,2014-02-26,2147.737,2164.698,2137.079,2163.405,77993297.0,68640581.126,1.0
000300.SH,2014-02-27,2170.81,2180.063,2150.135,2154.108,90104296.0,81587999.653,1.0
000300.SH,2014-02-28,2149.446,2180.474,2133.548,2178.971,76668057.0,70216798.972,1.0
000300.SH,2014-03-03,2173.907,2194.224,2167.91,2190.37,82072314.0,69408739.897,1.0
000300.SH,2014-03-04,2183.858,2188.601,2161.589,2184.273,73069250.0,64691438.035,1.0
000300.SH,2014-03-05,2187.352,2189.093,2159.595,2163.976,61332015.0,55669679.402,1.0
000300.SH,2014-03-06,2159.397,2181.427,2136.454,2173.634,69093767.0,61495023.657,1.0
000300.SH,2014-03-07,2170.043,2189.39,2161.436,2168.358,64265177.0,58693177.974,1.0
000300.SH,2014-03-10,2149.676,2149.676,2095.067,2097.787,71416407.0,63086412.572,1.0
000300.SH,2014-03-11,2092.608,2118.79,2088.729,2108.661,57621243.0,53075782.462,1.0
000300.SH,2014-03-12,2102.801,2130.586,2090.757,2114.134,70069747.0,60115239.174,1.0
000300.SH,2014-03-13,2119.547,2149.436,2115.986,2140.333,69226028.0,59163094.375,1.0
000300.SH,2014-03-14,2129.87,2140.384,2109.575,2122.836,58617737.0,49805247.51,1.0
000300.SH,2014-03-17,2132.793,2143.196,2118.953,2143.038,52409445.0,47571288.733,1.0
000300.SH,2014-03-18,2146.124,2152.462,2134.923,2138.133,55354132.0,54188441.365,1.0
000300.SH,2014-03-19,2131.283,2131.283,2101.285,2120.87,59303905.0,55283943.974,1.0
000300.SH,2014-03-20,2116.185,2134.792,2086.497,2086.967,67631285.0,58951601.97,1.0
000300.SH,2014-03-21,2079.871,2163.225,2077.759,2158.798,104024807.0,83560511.769,1.0
000300.SH,2014-03-24,2161.898,2186.731,2150.871,2176.554,104491984.0,81203913.733,1.0
000300.SH,2014-03-25,2170.78,2191.491,2164.669,2174.44,86877510.0,67548473.561,1.0
000300.SH,2014-03-26,2181.231,2186.078,2165.217,2171.047,58276176.0,50116023.097,1.0
000300.SH,2014-03-27,2168.344,2186.893,2146.916,2155.707,71275132.0,62175860.35,1.0
000300.SH,2014-03-28,2154.515,2172.668,2144.584,2151.965,70086073.0,60123341.093,1.0
000300.SH,2014-03-31,2156.054,2165.254,2134.422,2146.305,55457488.0,48105020.054,1.0
000300.SH,2014-04-01,2143.717,2170.095,2141.151,2163.115,48866403.0,43659064.291,1.0
000300.SH,2014-04-02,2166.067,2182.683,2164.008,2180.727,65039257.0,56777151.867,1.0
000300.SH,2014-04-03,2188.642,2196.138,2160.747,2165.008,71536032.0,57708859.685,1.0
000300.SH,2014-04-04,2157.982,2186.154,2155.277,2185.472,47945888.0,43912624.261,1.0
000300.SH,2014-04-08,2179.92,2243.97,2178.905,2237.316,97219117.0,85692893.37,1.0
000300.SH,2014-04-09,2239.791,2246.793,2228.994,2238.62,66357268.0,61178630.422,1.0
000300.SH,2014-04-10,2241.452,2290.742,2229.515,2273.761,114545405.0,101616815.025,1.0
000300.SH,2014-04-11,2269.565,2281.105,2261.133,2270.666,90615897.0,86154853.765,1.0
000300.SH,2014-04-14,2267.943,2275.83,2255.456,2268.613,62264998.0,60254151.5,1.0
000300.SH,2014-04-15,2261.411,2261.474,2225.685,2229.463,68218130.0,62599115.638,1.0
000300.SH,2014-04-16,2223.468,2245.315,2221.153,2232.526,51678010.0,47770218.198,1.0
000300.SH,2014-04-17,2238.779,2241.622,2221.954,2224.803,48333628.0,45096433.749,1.0
000300.SH,2014-04-18,2215.879,2228.77,2203.047,2224.479,50757995.0,45709617.096,1.0
000300.SH,2014-04-21,2209.942,2231.707,2186.755,2187.248,56278280.0,51856112.765,1.0
000300.SH,2014-04-22,2184.017,2196.849,2165.075,2196.795,57094694.0,52351993.061,1.0
000300.SH,2014-04-23,2191.231,2205.594,2187.388,2194.668,47763531.0,45191150.83,1.0
000300.SH,2014-04-24,2192.769,2209.454,2186.763,2190.474,45058911.0,41927012.945,1.0
000300.SH,2014-04-25,2195.815,2201.712,2167.64,2167.826,60245383.0,52092022.381,1.0
000300.SH,2014-04-28,2165.773,2171.385,2132.695,2134.969,60485187.0,49998809.829,1.0
000300.SH,2014-04-29,2134.413,2159.379,2131.783,2158.47,48204931.0,41550353.157,1.0
000300.SH,2014-04-30,2158.762,2164.175,2153.124,2158.659,45334624.0,39493022.295,1.0
000300.SH,2014-05-05,2152.59,2161.703,2131.232,2156.47,49344073.0,41470449.799,1.0
000300.SH,2014-05-06,2151.388,2173.618,2150.112,2157.328,48086519.0,41486451.628,1.0
000300.SH,2014-05-07,2151.472,2153.723,2136.99,2137.316,44607470.0,37751019.661,1.0
000300.SH,2014-05-08,2132.036,2168.206,2128.318,2135.496,48332452.0,40729772.017,1.0
000300.SH,2014-05-09,2138.84,2141.559,2120.595,2133.911,49181135.0,40242745.273,1.0
000300.SH,2014-05-12,2150.313,2184.332,2139.483,2180.054,83472560.0,66275508.636,1.0
000300.SH,2014-05-13,2180.059,2185.046,2167.767,2174.852,64912518.0,50241276.089,1.0
000300.SH,2014-05-14,2175.094,2184.221,2168.997,2172.372,48514206.0,39214123.931,1.0
000300.SH,2014-05-15,2169.278,2171.453,2142.338,2144.084,46734032.0,38938529.216,1.0
000300.SH,2014-05-16,2143.926,2150.5,2132.186,2145.952,42253197.0,34987586.802,1.0
000300.SH,2014-05-19,2139.362,2139.362,2105.713,2115.143,42893607.0,37135950.607,1.0
000300.SH,2014-05-20,2124.708,2131.567,2110.72,2115.771,37299683.0,31576339.037,1.0
000300.SH,2014-05-21,2106.762,2136.1,2096.514,2135.905,38946042.0,32246807.97,1.0
000300.SH,2014-05-22,2134.087,2160.909,2128.858,2130.868,46252736.0,39227549.718,1.0
000300.SH,2014-05-23,2130.775,2148.583,2128.663,2148.414,37623105.0,32420020.159,1.0
000300.SH,2014-05-26,2161.892,2165.421,2147.445,2155.976,39550656.0,37788482.728,1.0
000300.SH,2014-05-27,2154.395,2160.027,2145.752,2147.28,35897171.0,32374256.462,1.0
000300.SH,2014-05-28,2147.467,2171.172,2142.007,2169.352,50056260.0,45627619.375,1.0
000300.SH,2014-05-29,2171.26,2178.092,2154.925,2155.164,44891556.0,41076912.68,1.0
000300.SH,2014-05-30,2156.381,2166.907,2146.218,2156.464,43923863.0,39769199.791,1.0
000300.SH,2014-06-03,2157.64,2168.995,2149.291,2149.918,41982954.0,37906226.058,1.0
000300.SH,2014-06-04,2149.407,2149.452,2117.313,2128.274,41817249.0,35607022.812,1.0
000300.SH,2014-06-05,2126.607,2150.93,2123.524,2150.602,36477424.0,33050774.675,1.0
000300.SH,2014-06-06,2149.214,2149.783,2123.98,2134.716,35738058.0,32415599.488,1.0
000300.SH,2014-06-09,2128.225,2153.903,2126.665,2134.281,39311060.0,35326732.064,1.0
000300.SH,2014-06-10,2138.671,2161.526,2132.447,2161.268,50507902.0,44416141.206,1.0
000300.SH,2014-06-11,2156.151,2163.61,2152.08,2160.766,42563718.0,37311080.748,1.0
000300.SH,2014-06-12,2156.761,2160.988,2148.413,2153.41,43025843.0,37252041.741,1.0
000300.SH,2014-06-13,2150.987,2183.645,2150.569,2176.242,59252876.0,51765511.45,1.0
000300.SH,2014-06-16,2176.438,2196.343,2174.277,2191.855,63296875.0,56904298.384,1.0
000300.SH,2014-06-17,2185.681,2185.681,2168.445,2169.674,49933665.0,46244977.817,1.0
000300.SH,2014-06-18,2169.252,2172.549,2158.497,2160.239,49463897.0,42538095.511,1.0
000300.SH,2014-06-19,2161.426,2166.407,2119.498,2126.907,53162645.0,46029744.918,1.0
000300.SH,2014-06-20,2124.963,2137.034,2120.807,2136.729,42393719.0,35425712.925,1.0
000300.SH,2014-06-23,2137.926,2147.227,2132.454,2134.11,41179258.0,37112428.752,1.0
000300.SH,2014-06-24,2131.686,2145.213,2130.292,2144.821,40164356.0,38778505.304,1.0
000300.SH,2014-06-25,2141.726,2141.726,2126.035,2133.371,37666100.0,33809315.524,1.0
000300.SH,2014-06-26,2135.156,2151.114,2134.891,2149.076,44351166.0,40601836.632,1.0
000300.SH,2014-06-27,2146.374,2159.526,2138.927,2150.258,52722896.0,45525673.947,1.0
000300.SH,2014-06-30,2152.306,2168.221,2152.306,2165.118,54304188.0,50277570.814,1.0
000300.SH,2014-07-01,2169.199,2171.15,2157.133,2164.559,53323100.0,49936284.309,1.0
000300.SH,2014-07-02,2163.998,2171.51,2155.609,2170.867,59685501.0,53273658.927,1.0
000300.SH,2014-07-03,2169.003,2184.964,2164.843,2180.192,63690690.0,56024939.299,1.0
000300.SH,2014-07-04,2180.445,2183.798,2174.073,2178.695,52851106.0,47990033.413,1.0
000300.SH,2014-07-07,2178.546,2186.202,2171.083,2176.289,50242334.0,47663876.919,1.0
000300.SH,2014-07-08,2174.828,2180.778,2163.359,2180.473,50743599.0,46017266.874,1.0
000300.SH,2014-07-09,2178.135,2178.51,2148.26,2148.71,62022046.0,58980248.398,1.0
000300.SH,2014-07-10,2146.601,2151.774,2139.522,2142.847,55732497.0,50931668.887,1.0
000300.SH,2014-07-11,2136.317,2154.735,2134.795,2148.009,61374274.0,51551825.645,1.0
000300.SH,2014-07-14,2149.542,2171.902,2145.278,2171.758,66158863.0,60467088.864,1.0
000300.SH,2014-07-15,2170.089,2176.272,2165.206,2174.976,71815694.0,64304875.149,1.0
000300.SH,2014-07-16,2172.824,2183.248,2166.774,2170.868,81560230.0,61126054.498,1.0
000300.SH,2014-07-17,2166.831,2166.932,2147.084,2157.068,59453568.0,46354646.289,1.0
000300.SH,2014-07-18,2147.663,2176.325,2145.446,2164.144,65473295.0,53758919.136,1.0
000300.SH,2014-07-21,2164.223,2171.94,2158.955,2166.295,54172260.0,47731629.577,1.0
000300.SH,2014-07-22,2162.436,2197.592,2162.236,2192.698,78542583.0,66806114.43,1.0
000300.SH,2014-07-23,2191.394,2210.282,2190.555,2197.833,84213872.0,69177998.063,1.0
000300.SH,2014-07-24,2199.833,2239.815,2199.833,2237.015,119435534.0,99964367.602,1.0
000300.SH,2014-07-25,2243.067,2260.89,2239.066,2260.454,98972838.0,81994560.081,1.0
000300.SH,2014-07-28,2272.383,2331.472,2272.383,2323.897,179869333.0,145277424.291,1.0
000300.SH,2014-07-29,2326.038,2342.77,2316.217,2331.369,134269641.0,112176546.316,1.0
000300.SH,2014-07-30,2324.69,2339.038,2316.058,2322.011,123022832.0,103362308.865,1.0
000300.SH,2014-07-31,2321.967,2350.551,2316.585,2350.251,110987769.0,93135566.963,1.0
000300.SH,2014-08-01,2341.227,2371.5,2328.966,2329.402,126317390.0,106125190.266,1.0
000300.SH,2014-08-04,2336.63,2375.62,2332.138,2375.62,116713754.0,101301888.277,1.0
000300.SH,2014-08-05,2376.797,2380.774,2353.795,2369.353,111861789.0,97906971.246,1.0
000300.SH,2014-08-06,2358.206,2371.667,2334.334,2363.221,116341829.0,96681298.733,1.0
000300.SH,2014-08-07,2363.608,2369.204,2326.268,2327.457,116729210.0,94254453.994,1.0
000300.SH,2014-08-08,2329.184,2339.27,2319.288,2331.134,86739694.0,72605666.133,1.0
000300.SH,2014-08-11,2338.008,2367.004,2337.014,2365.349,91601171.0,82973900.36,1.0
000300.SH,2014-08-12,2361.17,2361.17,2344.716,2357.052,91822608.0,82973769.642,1.0
000300.SH,2014-08-13,2358.459,2370.513,2335.694,2358.901,110447789.0,94185266.458,1.0
000300.SH,2014-08-14,2357.198,2363.18,2334.08,2335.945,97969493.0,84251435.869,1.0
000300.SH,2014-08-15,2337.985,2366.902,2333.123,2360.635,93592546.0,81888217.001,1.0
000300.SH,2014-08-18,2366.272,2379.804,2361.197,2374.562,104509554.0,90148909.855,1.0
000300.SH,2014-08-19,2378.886,2379.474,2358.965,2374.768,115850020.0,102742759.96,1.0
000300.SH,2014-08-20,2371.649,2375.475,2360.837,2366.14,101288088.0,91374802.73,1.0
000300.SH,2014-08-21,2365.731,2367.46,2333.299,2354.244,100690211.0,92192063.269,1.0
000300.SH,2014-08-22,2352.316,2368.457,2350.986,2365.364,89823938.0,85642463.757,1.0
000300.SH,2014-08-25,2367.019,2367.606,2338.455,2342.863,97373717.0,85182493.96,1.0
000300.SH,2014-08-26,2339.6,2350.391,2317.184,2324.092,93844222.0,83135033.15,1.0
000300.SH,2014-08-27,2323.79,2336.737,2322.885,2327.595,67676221.0,62448675.179,1.0
000300.SH,2014-08-28,2328.059,2336.363,2309.639,2311.278,70490655.0,66195966.855,1.0
000300.SH,2014-08-29,2317.304,2338.774,2313.262,2338.287,63211423.0,58359967.752,1.0
000300.SH,2014-09-01,2340.925,2355.552,2338.53,2355.317,77320870.0,73362240.553,1.0
000300.SH,2014-09-02,2359.862,2387.655,2349.949,2386.46,114436733.0,106925790.139,1.0
000300.SH,2014-09-03,2389.694,2414.26,2389.679,2408.838,129734204.0,123629189.433,1.0
000300.SH,2014-09-04,2411.934,2427.297,2404.082,2426.224,111272298.0,108294703.239,1.0
000300.SH,2014-09-05,2433.174,2450.634,2427.987,2449.259,133551764.0,123349320.057,1.0
000300.SH,2014-09-09,2452.227,2454.893,2437.078,2445.224,118194344.0,107795213.548,1.0
000300.SH,2014-09-10,2435.593,2437.081,2422.646,2432.433,109175517.0,97472682.969,1.0
000300.SH,2014-09-11,2430.678,2461.473,2417.269,2423.454,132982583.0,127203381.658,1.0
000300.SH,2014-09-12,2418.752,2438.358,2412.622,2438.358,109160170.0,96625765.409,1.0
000300.SH,2014-09-15,2433.001,2439.254,2418.959,2437.189,122247159.0,112507690.398,1.0
000300.SH,2014-09-16,2440.339,2442.924,2386.98,2388.765,186742791.0,147250169.859,1.0
000300.SH,2014-09-17,2395.361,2405.371,2379.091,2401.326,125269028.0,98039470.145,1.0
000300.SH,2014-09-18,2396.379,2414.946,2389.622,2408.664,115926376.0,92105332.013,1.0
000300.SH,2014-09-19,2409.313,2430.149,2402.313,2425.211,101813577.0,88221038.707,1.0
000300.SH,2014-09-22,2419.326,2419.326,2374.108,2378.92,102240870.0,88958056.522,1.0
000300.SH,2014-09-23,2379.521,2402.482,2379.521,2399.462,84033341.0,75463683.722,1.0
000300.SH,2014-09-24,2391.419,2443.978,2387.07,2441.864,142713530.0,120389934.642,1.0
000300.SH,2014-09-25,2453.423,2462.668,2429.587,2436.965,138661891.0,119612625.726,1.0
000300.SH,2014-09-26,2430.808,2439.649,2420.499,2437.201,100299494.0,87757377.938,1.0
000300.SH,2014-09-29,2443.91,2453.665,2435.611,2447.799,123401727.0,111463779.824,1.0
000300.SH,2014-09-30,2452.166,2454.885,2444.204,2450.988,115804229.0,101906558.841,1.0
000300.SH,2014-10-08,2460.87,2478.383,2445.268,2478.383,121953604.0,116500107.81,1.0
000300.SH,2014-10-09,2480.197,2488.113,2461.112,2481.955,137923920.0,120752628.433,1.0
000300.SH,2014-10-10,2472.096,2482.136,2457.684,2466.789,147634307.0,121924973.049,1.0
000300.SH,2014-10-13,2457.412,2460.389,2430.546,2454.946,131593362.0,112784478.808,1.0
000300.SH,2014-10-14,2451.094,2467.904,2436.336,2446.562,127393705.0,106356643.094,1.0
000300.SH,2014-10-15,2444.538,2465.498,2431.188,2463.874,135801882.0,114837290.107,1.0
000300.SH,2014-10-16,2448.968,2480.3,2441.822,2444.395,158166603.0,128340525.473,1.0
000300.SH,2014-10-17,2443.222,2456.105,2410.401,2441.732,132759988.0,112685625.525,1.0
000300.SH,2014-10-20,2448.453,2456.621,2441.896,2454.711,91435401.0,84843604.9,1.0
000300.SH,2014-10-21,2453.406,2459.255,2432.552,2433.391,96241912.0,86622201.933,1.0
000300.SH,2014-10-22,2434.886,2447.467,2417.562,2418.641,88656193.0,82251744.245,1.0
000300.SH,2014-10-23,2415.44,2424.662,2392.532,2395.936,103491839.0,86045452.83,1.0
000300.SH,2014-10-24,2397.848,2404.993,2385.725,2390.706,74974869.0,65601225.156,1.0
000300.SH,2014-10-27,2377.542,2377.542,2361.68,2368.832,73862447.0,65956480.803,1.0
000300.SH,2014-10-28,2373.155,2416.766,2373.155,2416.653,101523055.0,90529903.107,1.0
000300.SH,2014-10-29,2423.813,2461.268,2415.703,2451.384,158584062.0,134541723.619,1.0
000300.SH,2014-10-30,2450.361,2474.376,2443.759,2468.925,189626353.0,139157358.014,1.0
000300.SH,2014-10-31,2473.501,2512.189,2466.504,2508.325,239172412.0,181604617.039,1.0
000300.SH,2014-11-03,2515.824,2524.172,2502.06,2512.548,205801228.0,151406835.108,1.0
000300.SH,2014-11-04,2511.036,2517.46,2498.605,2513.172,218247005.0,155291882.55,1.0
000300.SH,2014-11-05,2516.87,2519.399,2499.228,2503.448,190491862.0,146130895.12,1.0
000300.SH,2014-11-06,2505.167,2510.985,2482.983,2506.067,149651117.0,118839203.631,1.0
000300.SH,2014-11-07,2508.765,2541.549,2489.419,2502.153,208760911.0,176868665.325,1.0
000300.SH,2014-11-10,2529.83,2565.73,2514.71,2565.73,226599735.0,187612569.248,1.0
000300.SH,2014-11-11,2578.438,2602.373,2532.572,2558.612,323711656.0,265840509.803,1.0
000300.SH,2014-11-12,2545.403,2594.318,2539.601,2594.318,184686261.0,157847382.809,1.0
000300.SH,2014-11-13,2597.389,2607.519,2567.463,2579.75,219815615.0,192985452.9,1.0
000300.SH,2014-11-14,2569.211,2581.932,2557.666,2581.093,165049965.0,145409933.865,1.0
000300.SH,2014-11-17,2613.513,2614.086,2565.943,2567.101,158478095.0,147724645.089,1.0
000300.SH,2014-11-18,2565.273,2570.211,2534.927,2541.416,142941356.0,124246649.435,1.0
000300.SH,2014-11-19,2538.233,2550.5,2531.318,2537.223,122146974.0,113031721.938,1.0
000300.SH,2014-11-20,2528.78,2545.473,2522.836,2537.099,106149864.0,98145538.65,1.0
000300.SH,2014-11-21,2537.538,2585.362,2530.032,2583.455,151028139.0,143750813.26,1.0
000300.SH,2014-11-24,2614.16,2667.671,2602.944,2649.258,279839720.0,264974912.281,1.0
000300.SH,2014-11-25,2650.085,2686.063,2643.843,2685.561,222611699.0,206879208.489,1.0
000300.SH,2014-11-26,2695.263,2723.36,2690.31,2723.018,243962485.0,239333899.163,1.0
000300.SH,2014-11-27,2737.03,2754.49,2718.704,2754.49,265464730.0,261164877.169,1.0
000300.SH,2014-11-28,2753.925,2809.543,2740.374,2808.819,375323662.0,330256023.242,1.0
000300.SH,2014-12-01,2825.611,2855.332,2808.653,2819.812,365487417.0,338833084.229,1.0
000300.SH,2014-12-02,2807.338,2944.506,2804.293,2923.94,361465322.0,341185189.116,1.0
000300.SH,2014-12-03,2936.124,3028.225,2912.246,2967.549,466156685.0,464857500.377,1.0
000300.SH,2014-12-04,2975.403,3104.89,2968.876,3104.351,426812928.0,433875560.243,1.0
000300.SH,2014-12-05,3143.968,3195.798,3011.936,3124.885,524881260.0,554362904.944,1.0
000300.SH,2014-12-08,3108.272,3270.881,3075.7,3252.881,484462344.0,515773683.037,1.0
000300.SH,2014-12-09,3233.097,3387.827,3074.516,3106.913,632874567.0,702150099.247,1.0
000300.SH,2014-12-10,3120.212,3229.047,3058.191,3221.546,425018708.0,477300103.105,1.0
000300.SH,2014-12-11,3185.161,3254.424,3158.443,3183.012,367091691.0,392944833.604,1.0
000300.SH,2014-12-12,3182.923,3239.447,3167.928,3193.227,301065325.0,337817436.996,1.0
000300.SH,2014-12-15,3176.829,3226.221,3143.297,3217.228,290193834.0,326668040.798,1.0
000300.SH,2014-12-16,3221.358,3303.402,3207.688,3303.402,358123847.0,425665729.151,1.0
000300.SH,2014-12-17,3325.82,3368.194,3275.736,3360.598,448140770.0,527748937.956,1.0
000300.SH,2014-12-18,3359.09,3393.711,3322.229,3345.927,355970207.0,416260448.852,1.0
000300.SH,2014-12-19,3345.629,3397.183,3280.916,3383.167,411211590.0,435516864.94,1.0
000300.SH,2014-12-22,3396.251,3455.207,3357.661,3394.481,549801671.0,537021101.759,1.0
000300.SH,2014-12-23,3358.798,3431.779,3316.913,3324.924,369736093.0,377227774.057,1.0
000300.SH,2014-12-24,3332.146,3340.357,3188.495,3230.385,317449587.0,339475799.573,1.0
000300.SH,2014-12-25,3254.48,3335.779,3226.322,3335.419,309799547.0,330128939.928,1.0
000300.SH,2014-12-26,3343.64,3453.338,3335.012,3445.839,384614124.0,438838427.11,1.0
000300.SH,2014-12-29,3502.183,3524.28,3405.836,3455.455,425015037.0,505004508.391,1.0
000300.SH,2014-12-30,3450.814,3491.826,3422.174,3457.554,328233873.0,394607772.399,1.0
000300.SH,2014-12-31,3462.389,3542.34,3452.498,3533.705,345934760.0,403710888.146,1.0
000300.SH,2015-01-05,3566.089,3669.042,3551.51,3641.541,451198098.0,519849817.448,1.0
000300.SH,2015-01-06,3608.428,3683.226,3587.231,3641.059,420962185.0,498529588.258,1.0
000300.SH,2015-01-07,3620.924,3671.19,3601.698,3643.79,320191232.0,398731720.502,1.0
000300.SH,2015-01-08,3650.073,3659.945,3552.1,3559.259,295003045.0,355831967.325,1.0
000300.SH,2015-01-09,3547.574,3689.753,3536.395,3546.723,349982672.0,430210592.272,1.0
000300.SH,2015-01-12,3531.515,3560.527,3461.322,3513.576,266567175.0,334257133.083,1.0
000300.SH,2015-01-13,3506.451,3550.158,3494.768,3514.04,187153965.0,250796676.069,1.0
000300.SH,2015-01-14,3522.907,3547.242,3471.56,3502.423,196012510.0,241285837.533,1.0
000300.SH,2015-01-15,3501.719,3604.121,3482.27,3604.121,237812338.0,303445351.108,1.0
000300.SH,2015-01-16,3616.248,3662.158,3601.258,3635.146,282681614.0,355568710.742,1.0
000300.SH,2015-01-19,3414.013,3497.252,3330.981,3355.155,329505275.0,366017532.103,1.0
000300.SH,2015-01-20,3336.793,3419.204,3325.681,3396.222,297843232.0,381917903.845,1.0
000300.SH,2015-01-21,3420.491,3557.794,3409.43,3548.885,337928210.0,425433704.264,1.0
000300.SH,2015-01-22,3551.052,3576.756,3520.053,3567.613,268853599.0,345026040.998,1.0
000300.SH,2015-01-23,3582.088,3627.806,3548.626,3571.732,280172172.0,361835546.416,1.0
000300.SH,2015-01-26,3580.118,3611.617,3559.376,3607.985,239766203.0,309585710.088,1.0
000300.SH,2015-01-27,3614.038,3616.258,3510.017,3574.931,287669179.0,357548249.621,1.0
000300.SH,2015-01-28,3547.239,3583.312,3512.393,3525.323,216220214.0,278749164.896,1.0
000300.SH,2015-01-29,3474.915,3505.582,3453.901,3481.798,211618860.0,251897926.442,1.0
000300.SH,2015-01-30,3496.885,3514.217,3431.936,3434.39,196479157.0,237420793.858,1.0
000300.SH,2015-02-02,3360.193,3407.256,3347.085,3353.96,195183699.0,224837769.887,1.0
000300.SH,2015-02-03,3388.602,3441.709,3360.717,3437.445,192846096.0,241100023.193,1.0
000300.SH,2015-02-04,3446.144,3476.817,3399.565,3401.768,191304349.0,244034297.155,1.0
000300.SH,2015-02-05,3487.951,3487.951,3366.862,3366.946,250430609.0,311523669.172,1.0
000300.SH,2015-02-06,3352.33,3374.051,3285.935,3312.42,192664186.0,221433183.351,1.0
000300.SH,2015-02-09,3305.734,3376.526,3298.597,3345.921,172353820.0,220766525.021,1.0
000300.SH,2015-02-10,3345.077,3407.18,3339.548,3406.943,159309088.0,199120680.699,1.0
000300.SH,2015-02-11,3415.977,3445.655,3412.136,3434.124,144613772.0,185979219.656,1.0
000300.SH,2015-02-12,3435.361,3453.582,3405.627,3442.874,156081691.0,191285873.488,1.0
000300.SH,2015-02-13,3458.827,3509.505,3452.079,3469.828,201089971.0,247076153.339,1.0
000300.SH,2015-02-16,3473.289,3504.475,3466.607,3499.483,165641343.0,222799721.247,1.0
000300.SH,2015-02-17,3511.544,3536.82,3511.093,3522.322,165328313.0,214457267.905,1.0
000300.SH,2015-02-25,3529.55,3529.55,3463.955,3478.729,165539351.0,211739059.322,1.0
000300.SH,2015-02-26,3473.713,3569.33,3456.871,3566.295,229328438.0,279809075.234,1.0
000300.SH,2015-02-27,3565.233,3594.813,3560.455,3572.843,222786438.0,271861944.608,1.0
000300.SH,2015-03-02,3603.452,3608.691,3566.527,3601.265,248176125.0,325164897.145,1.0
000300.SH,2015-03-03,3579.315,3579.315,3504.201,3507.9,261866489.0,335700118.167,1.0
000300.SH,2015-03-04,3514.667,3540.912,3497.172,3530.822,199663981.0,257468790.961,1.0
000300.SH,2015-03-05,3513.249,3517.083,3467.676,3496.344,217508805.0,279030592.35,1.0
000300.SH,2015-03-06,3501.184,3516.243,3472.392,3478.52,181518054.0,233468244.766,1.0
000300.SH,2015-03-09,3449.696,3546.705,3417.486,3537.75,233940411.0,277860471.571,1.0
000300.SH,2015-03-10,3523.64,3551.205,3511.985,3520.611,194267657.0,245366625.918,1.0
000300.SH,2015-03-11,3524.575,3568.916,3512.218,3524.653,188947825.0,235772755.479,1.0
000300.SH,2015-03-12,3557.686,3603.341,3536.534,3592.844,265664625.0,322141249.344,1.0
000300.SH,2015-03-13,3604.671,3641.392,3594.742,3617.657,246864768.0,297298516.465,1.0
000300.SH,2015-03-16,3641.773,3705.739,3621.119,3705.671,275438307.0,358497570.207,1.0
000300.SH,2015-03-17,3733.961,3762.575,3716.809,3757.122,371625666.0,455003825.887,1.0
000300.SH,2015-03-18,3769.086,3846.055,3763.848,3846.055,415190011.0,484465529.242,1.0
000300.SH,2015-03-19,3851.249,3859.126,3809.706,3839.739,391547630.0,463212821.639,1.0
000300.SH,2015-03-20,3852.492,3916.863,3832.416,3892.574,401817552.0,544468374.302,1.0
000300.SH,2015-03-23,3923.083,3972.296,3922.21,3972.061,391119922.0,519760220.709,1.0
000300.SH,2015-03-24,3980.066,3989.858,3883.782,3973.046,468581312.0,591066800.604,1.0
000300.SH,2015-03-25,3961.578,3980.716,3913.988,3940.412,379968851.0,501733891.68,1.0
000300.SH,2015-03-26,3921.745,3991.997,3892.878,3949.999,346756315.0,468538490.771,1.0
000300.SH,2015-03-27,3957.542,3993.032,3932.87,3971.697,298756064.0,393132347.578,1.0
000300.SH,2015-03-30,3999.024,4101.651,3999.024,4088.178,428297020.0,546211078.887,1.0
000300.SH,2015-03-31,4138.885,4166.018,4037.771,4051.204,436065635.0,598121732.643,1.0
000300.SH,2015-04-01,4057.501,4139.499,4046.939,4123.895,329512853.0,466596904.663,1.0
000300.SH,2015-04-02,4149.946,4156.842,4068.649,4124.776,339070487.0,476617837.707,1.0
000300.SH,2015-04-03,4104.672,4170.558,4092.383,4170.538,321303766.0,466965600.575,1.0
000300.SH,2015-04-07,4213.894,4260.471,4197.019,4260.044,415362654.0,564646323.685,1.0
000300.SH,2015-04-08,4277.45,4304.78,4204.826,4295.803,458676715.0,658308062.76,1.0
000300.SH,2015-04-09,4316.958,4332.166,4212.611,4262.138,439699902.0,650419151.486,1.0
000300.SH,2015-04-10,4249.383,4351.687,4231.196,4344.416,348190170.0,509354291.196,1.0
000300.SH,2015-04-13,4394.047,4432.024,4361.589,4421.073,434153036.0,598518139.93,1.0
000300.SH,2015-04-14,4432.126,4474.353,4385.908,4438.184,434432126.0,602127441.917,1.0
000300.SH,2015-04-15,4439.314,4475.997,4379.609,4380.513,472154131.0,596822875.636,1.0
000300.SH,2015-04-16,4355.491,4513.765,4335.63,4513.546,422603748.0,564722844.124,1.0
000300.SH,2015-04-17,4578.679,4630.27,4553.904,4596.136,552802663.0,733953610.122,1.0
000300.SH,2015-04-20,4615.034,4671.168,4492.6,4521.919,686439075.0,939264904.128,1.0
000300.SH,2015-04-21,4520.461,4620.058,4504.558,4619.164,490314991.0,685365027.867,1.0
000300.SH,2015-04-22,4637.055,4740.933,4632.589,4739.814,516213792.0,769924803.864,1.0
000300.SH,2015-04-23,4764.481,4782.044,4693.967,4740.892,497430954.0,752258236.225,1.0
000300.SH,2015-04-24,4682.626,4730.43,4618.318,4702.641,480152936.0,721273097.49,1.0
000300.SH,2015-04-27,4753.871,4810.485,4735.31,4807.592,513076548.0,765910402.328,1.0
000300.SH,2015-04-28,4811.319,4839.078,4703.567,4741.861,608638545.0,860349875.255,1.0
000300.SH,2015-04-29,4722.903,4797.927,4695.793,4774.326,395056980.0,601676350.605,1.0
000300.SH,2015-04-30,4788.412,4818.725,4749.485,4749.886,399727444.0,612511415.165,1.0
000300.SH,2015-05-04,4757.637,4795.915,4699.398,4787.741,377843853.0,565453373.624,1.0
000300.SH,2015-05-05,4785.192,4785.192,4572.983,4596.837,460419626.0,660020218.474,1.0
000300.SH,2015-05-06,4626.231,4700.909,4511.761,4553.327,376073702.0,586033987.365,1.0
000300.SH,2015-05-07,4520.818,4546.338,4467.459,4470.089,297759203.0,427189953.161,1.0
000300.SH,2015-05-08,4515.554,4559.058,4445.592,4558.404,302407967.0,452090694.881,1.0
000300.SH,2015-05-11,4582.091,4690.954,4535.149,4690.532,373838420.0,583260408.778,1.0
000300.SH,2015-05-12,4692.122,4748.004,4660.016,4747.421,377053891.0,607123299.939,1.0
000300.SH,2015-05-13,4746.713,4758.002,4678.845,4718.436,370730424.0,590479847.838,1.0
000300.SH,2015-05-14,4717.955,4735.284,4670.168,4700.778,337725152.0,513219655.55,1.0
000300.SH,2015-05-15,4690.755,4690.755,4592.05,4617.47,328431166.0,506695010.176,1.0
000300.SH,2015-05-18,4582.058,4623.383,4565.061,4575.14,269180489.0,434083129.375,1.0
000300.SH,2015-05-19,4577.637,4740.005,4577.637,4731.222,314785952.0,524232160.128,1.0
000300.SH,2015-05-20,4751.572,4843.1,4745.21,4754.919,363180748.0,589956272.979,1.0
000300.SH,2015-05-21,4768.689,4841.615,4746.029,4840.976,305054537.0,505346105.539,1.0
000300.SH,2015-05-22,4895.925,4951.991,4870.598,4951.335,455846718.0,719129953.2,1.0
000300.SH,2015-05-25,4949.11,5099.839,4949.11,5099.495,465736590.0,757085825.931,1.0
000300.SH,2015-05-26,5140.798,5199.295,5063.146,5198.918,487949359.0,802295843.467,1.0
000300.SH,2015-05-27,5216.17,5226.844,5126.861,5181.434,470798730.0,777826309.129,1.0
000300.SH,2015-05-28,5174.101,5213.183,4831.329,4834.007,571829047.0,873207363.731,1.0
000300.SH,2015-05-29,4839.53,4924.303,4665.521,4840.829,427878859.0,636008152.61,1.0
000300.SH,2015-06-01,4862.756,5079.319,4835.774,5076.179,417503741.0,637843681.462,1.0
000300.SH,2015-06-02,5091.272,5162.556,5047.081,5161.87,412973196.0,658452859.697,1.0
000300.SH,2015-06-03,5176.597,5186.967,5059.495,5143.59,414258270.0,672056532.157,1.0
000300.SH,2015-06-04,5156.012,5194.233,4863.465,5181.416,482767268.0,735170669.363,1.0
000300.SH,2015-06-05,5254.905,5288.34,5104.178,5230.552,545961196.0,855224403.052,1.0
000300.SH,2015-06-08,5259.408,5370.609,5202.595,5353.751,637313237.0,949498013.951,1.0
000300.SH,2015-06-09,5379.47,5380.426,5251.208,5317.461,570427263.0,871431819.564,1.0
000300.SH,2015-06-10,5254.3042,5374.8296,5209.6795,5309.112,442165676.0,711509256.785,1.0
000300.SH,2015-06-11,5305.1407,5329.2951,5248.1626,5306.59,392338755.0,660584867.997,1.0
000300.SH,2015-06-12,5329.2781,5351.6481,5283.0859,5335.1151,430131386.0,694213173.337,1.0
000300.SH,2015-06-15,5354.0138,5362.4515,5207.3081,5221.1665,475745703.0,766237730.233,1.0
000300.SH,2015-06-16,5165.0245,5204.303,5015.2646,5064.8212,411675638.0,651522532.247,1.0
000300.SH,2015-06-17,5072.3064,5158.3671,4949.2934,5138.8307,397124187.0,589868366.44,1.0
000300.SH,2015-06-18,5107.6946,5121.2184,4926.4292,4930.5491,364395814.0,555646755.662,1.0
000300.SH,2015-06-19,4847.0568,4910.4499,4634.6909,4637.0517,358104744.0,519609575.034,1.0
000300.SH,2015-06-23,4641.4248,4786.955,4455.3304,4786.0906,365087944.0,536984113.004,1.0
000300.SH,2015-06-24,4811.5949,4883.7317,4744.3058,4880.1261,434638723.0,615374085.939,1.0
000300.SH,2015-06-25,4906.2416,4919.2631,4667.2235,4706.5159,446135982.0,640246401.379,1.0
000300.SH,2015-06-26,4573.8723,4650.1861,4278.6752,4336.1947,446639790.0,612959478.689,1.0
000300.SH,2015-06-29,4446.8419,4451.1659,4000.9261,4191.5486,525662482.0,704014548.847,1.0
000300.SH,2015-06-30,4161.0672,4475.7674,4016.0126,4472.9976,527045280.0,716045824.698,1.0
000300.SH,2015-07-01,4408.9843,4526.1271,4235.6964,4253.021,431721411.0,623330596.858,1.0
000300.SH,2015-07-02,4287.7344,4312.1904,4000.0612,4107.9961,457062194.0,593506685.518,1.0
000300.SH,2015-07-03,4017.2019,4164.6289,3785.9015,3885.9169,429300850.0,538216869.728,1.0
000300.SH,2015-07-06,4218.266,4218.266,3832.4678,3998.537,648094530.0,779558044.352,1.0
000300.SH,2015-07-07,3877.8539,3960.6359,3743.6237,3928.0025,679385007.0,795962644.454,1.0
000300.SH,2015-07-08,3651.0604,3762.6222,3612.2536,3663.0375,581467097.0,640122398.881,1.0
000300.SH,2015-07-09,3621.6804,3930.2641,3537.826,3897.6263,503870610.0,564744043.358,1.0
000300.SH,2015-07-10,3916.2717,4179.1114,3887.5509,4106.5561,500701802.0,629079512.954,1.0
000300.SH,2015-07-13,4132.2308,4278.1612,4072.4297,4211.8116,502092186.0,659251724.205,1.0
000300.SH,2015-07-14,4178.6295,4258.5132,4062.5004,4112.1488,454422009.0,597521262.486,1.0
000300.SH,2015-07-15,4068.8803,4114.2425,3899.5079,3966.7585,421956367.0,514064532.339,1.0
000300.SH,2015-07-16,3949.639,4067.0223,3856.3213,3997.3555,330531345.0,410050894.56,1.0
000300.SH,2015-07-17,4023.7567,4190.1857,4000.2307,4151.4956,331107131.0,435597103.716,1.0
000300.SH,2015-07-20,4157.0598,4221.693,4106.389,4160.612,352673472.0,483493894.661,1.0
000300.SH,2015-07-21,4109.7606,4201.4824,4081.7039,4166.0057,318374945.0,431695843.789,1.0
000300.SH,2015-07-22,4148.5601,4187.4305,4094.7116,4157.1604,318945997.0,441832505.196,1.0
000300.SH,2015-07-23,4158.932,4262.0619,4148.8235,4250.805,354471759.0,483972220.006,1.0
000300.SH,2015-07-24,4255.1977,4299.6497,4154.617,4176.2787,392045373.0,535901647.23,1.0
000300.SH,2015-07-27,4097.7963,4156.3128,3817.1693,3818.7314,365054511.0,477952010.794,1.0
000300.SH,2015-07-28,3690.9741,3883.4461,3627.4214,3811.0926,383527216.0,482654543.336,1.0
000300.SH,2015-07-29,3839.9585,3934.0033,3769.1894,3930.3791,276972845.0,372287868.068,1.0
000300.SH,2015-07-30,3915.7795,3968.5338,3802.8821,3815.4118,271548665.0,376351170.573,1.0
000300.SH,2015-07-31,3777.1546,3863.6237,3757.9889,3816.6993,222376767.0,299312543.754,1.0
000300.SH,2015-08-03,3766.0719,3829.2354,3742.5781,3829.2354,245805030.0,309631297.7,1.0
000300.SH,2015-08-04,3827.3726,3948.4489,3801.0281,3948.1554,220236556.0,288756503.266,1.0
000300.SH,2015-08-05,3937.6232,3962.2774,3858.6598,3866.8998,200484269.0,272693513.971,1.0
000300.SH,2015-08-06,3802.928,3888.6926,3793.237,3831.8516,147278694.0,195532363.765,1.0
000300.SH,2015-08-07,3866.4298,3926.6488,3857.9076,3906.9448,183349153.0,246546119.056,1.0
000300.SH,2015-08-10,3947.4724,4101.7313,3932.8417,4084.3646,306780540.0,401702020.648,1.0
000300.SH,2015-08-11,4083.5887,4110.1328,4042.0037,4066.6692,322034191.0,416996541.243,1.0
000300.SH,2015-08-12,4025.6735,4078.0297,4015.3547,4016.1262,255146196.0,339799364.935,1.0
000300.SH,2015-08-13,4010.0129,4075.7003,3967.8205,4075.463,242836979.0,319887602.964,1.0
000300.SH,2015-08-14,4097.9177,4113.1585,4056.7265,4073.54,253392996.0,340076813.259,1.0
000300.SH,2015-08-17,4058.1129,4081.7718,4009.9896,4077.8721,256939638.0,336830563.044,1.0
000300.SH,2015-08-18,4084.3108,4103.0535,3816.5535,3825.4122,319881070.0,424924184.411,1.0
000300.SH,2015-08-19,3748.2663,3898.74,3668.1924,3886.1357,269049839.0,340923470.856,1.0
000300.SH,2015-08-20,3848.4034,3880.824,3761.4541,3761.4541,212167965.0,270576698.834,1.0
000300.SH,2015-08-21,3714.2891,3757.7794,3578.1749,3589.5358,217986403.0,267498426.435,1.0
000300.SH,2015-08-24,3454.5977,3468.1493,3266.5499,3275.5342,255436652.0,273124228.208,1.0
000300.SH,2015-08-25,3070.0069,3200.1081,3019.5561,3042.9266,276081306.0,281160333.742,1.0
000300.SH,2015-08-26,3062.566,3192.9316,2952.0082,3025.692,308270623.0,312188248.685,1.0
000300.SH,2015-08-27,3092.8123,3206.7238,3028.3984,3205.6375,267294930.0,278769983.405,1.0
000300.SH,2015-08-28,3246.236,3353.2435,3223.6221,3342.2863,299498426.0,318763482.694,1.0
000300.SH,2015-08-31,3307.3962,3368.2789,3205.5365,3366.5359,280250403.0,306610891.136,1.0
000300.SH,2015-09-01,3296.5289,3370.5039,3190.5783,3362.0827,352458528.0,351387828.324,1.0
000300.SH,2015-09-02,3220.8505,3387.0204,3213.6371,3365.8318,347789412.0,348986389.305,1.0
000300.SH,2015-09-07,3347.2934,3422.2246,3240.2427,3250.485,204224431.0,221756790.269,1.0
000300.SH,2015-09-08,3221.789,3340.2192,3170.807,3334.0233,154599631.0,168294750.03,1.0
000300.SH,2015-09-09,3344.8238,3426.6509,3330.2896,3399.3054,220467421.0,258815794.996,1.0
000300.SH,2015-09-10,3349.2806,3398.3164,3337.3105,3357.561,144882971.0,168108269.695,1.0
000300.SH,2015-09-11,3349.8772,3383.1338,3315.4782,3347.1878,108547508.0,130262410.873,1.0
000300.SH,2015-09-14,3367.642,3373.9212,3187.5659,3281.1317,205457251.0,226168550.065,1.0
000300.SH,2015-09-15,3208.744,3240.0789,3131.9795,3152.2319,143555641.0,145989213.753,1.0
000300.SH,2015-09-16,3149.1577,3345.9177,3131.3703,3309.2484,159709994.0,168269840.344,1.0
000300.SH,2015-09-17,3287.6567,3354.9052,3236.9986,3236.9986,169401881.0,190270181.393,1.0
000300.SH,2015-09-18,3254.4432,3280.877,3227.8338,3251.2732,106903481.0,121752531.747,1.0
000300.SH,2015-09-21,3222.6029,3312.5497,3211.9336,3308.2467,122788668.0,145323018.237,1.0
000300.SH,2015-09-22,3312.3655,3371.4139,3303.1842,3339.03,146221985.0,172492862.561,1.0
000300.SH,2015-09-23,3290.0712,3315.9351,3253.3326,3263.0275,123171439.0,136885975.737,1.0
000300.SH,2015-09-24,3278.8962,3300.8572,3255.9021,3284.9991,102011238.0,120820642.496,1.0
000300.SH,2015-09-25,3272.665,3290.858,3201.9137,3231.9514,121419278.0,137602168.79,1.0
000300.SH,2015-09-28,3226.6072,3246.5541,3186.5066,3242.7524,74219468.0,88007466.971,1.0
000300.SH,2015-09-29,3197.2209,3208.4165,3159.0419,3178.8544,87150633.0,96691510.035,1.0
000300.SH,2015-09-30,3195.901,3223.9076,3186.767,3202.9475,78559349.0,95881598.729,1.0
000300.SH,2015-10-08,3324.981,3337.3306,3294.6049,3296.482,132081768.0,164120601.354,1.0
000300.SH,2015-10-09,3302.3596,3352.3794,3293.965,3340.1159,124352500.0,144731343.186,1.0
000300.SH,2015-10-12,3351.1391,3486.6306,3347.2512,3447.6934,221400468.0,263706468.495,1.0
000300.SH,2015-10-13,3422.4772,3452.0453,3413.9674,3445.0431,145433786.0,174978937.957,1.0
000300.SH,2015-10-14,3431.1352,3458.7015,3403.2305,3406.1116,152173938.0,174599255.68,1.0
000300.SH,2015-10-15,3403.3891,3486.815,3402.3162,3486.815,171158299.0,201881880.361,1.0
000300.SH,2015-10-16,3508.5177,3537.5387,3487.1044,3534.0653,208964709.0,252211491.386,1.0
000300.SH,2015-10-19,3548.9525,3572.9945,3502.5045,3534.1821,207606744.0,254890985.147,1.0
000300.SH,2015-10-20,3527.875,3577.7981,3510.4368,3577.7027,179025108.0,226525577.194,1.0
000300.SH,2015-10-21,3580.8378,3601.2434,3417.4123,3473.2544,282076050.0,326886985.805,1.0
000300.SH,2015-10-22,3453.2013,3530.7657,3442.3065,3524.5339,184305580.0,223583606.54,1.0
000300.SH,2015-10-23,3536.8425,3581.8362,3515.8216,3571.2411,198294478.0,247059685.203,1.0
000300.SH,2015-10-26,3614.7023,3620.7564,3561.1922,3589.2611,204248863.0,270489759.134,1.0
000300.SH,2015-10-27,3569.4486,3601.0529,3486.102,3592.8794,192056140.0,239042538.536,1.0
000300.SH,2015-10-28,3575.8048,3598.1717,3517.2104,3524.9199,170977098.0,213303023.833,1.0
000300.SH,2015-10-29,3539.9777,3561.814,3507.9657,3533.3065,127010446.0,161051885.808,1.0
000300.SH,2015-10-30,3530.2233,3574.4733,3497.5677,3534.0788,139141914.0,183317149.529,1.0
000300.SH,2015-11-02,3489.2252,3543.4501,3474.7116,3475.9623,130002568.0,167455101.934,1.0
000300.SH,2015-11-03,3484.7218,3501.704,3452.6203,3465.4927,101401876.0,132231502.584,1.0
000300.SH,2015-11-04,3477.1592,3628.5377,3477.1592,3628.5377,205423865.0,266955889.953,1.0
000300.SH,2015-11-05,3630.7817,3781.4085,3627.3009,3705.9697,398046568.0,495138171.518,1.0
000300.SH,2015-11-06,3698.342,3801.705,3694.6567,3793.3739,298753076.0,389779446.699,1.0
000300.SH,2015-11-09,3796.3792,3891.773,3796.3792,3840.3547,356804823.0,463161707.601,1.0
000300.SH,2015-11-10,3806.6685,3876.4901,3798.8214,3833.2379,286519603.0,380910629.424,1.0
000300.SH,2015-11-11,3828.4476,3843.1121,3781.4102,3833.6457,232234296.0,307008336.072,1.0
000300.SH,2015-11-12,3841.7376,3843.8997,3771.2743,3795.3241,217537647.0,302446791.881,1.0
000300.SH,2015-11-13,3756.2044,3793.7134,3727.5847,3746.2422,203489891.0,281961129.453,1.0
000300.SH,2015-11-16,3682.7349,3764.4087,3680.0734,3764.1262,161690901.0,227483711.616,1.0
000300.SH,2015-11-17,3790.4261,3852.7743,3750.1565,3758.3869,248533071.0,365138598.381,1.0
000300.SH,2015-11-18,3760.4555,3771.8467,3706.3103,3715.5796,185689495.0,254137953.313,1.0
000300.SH,2015-11-19,3725.622,3775.232,3714.675,3774.969,154631989.0,204557606.993,1.0
000300.SH,2015-11-20,3778.8843,3793.5447,3757.0264,3774.3833,186951689.0,242295089.781,1.0
000300.SH,2015-11-23,3774.4356,3802.8513,3743.405,3753.3351,175626812.0,234640979.61,1.0
000300.SH,2015-11-24,3745.7607,3754.1688,3702.7369,3753.8887,143383283.0,192495095.083,1.0
000300.SH,2015-11-25,3747.7594,3781.857,3735.7162,3781.6069,151944941.0,215125047.954,1.0
000300.SH,2015-11-26,3795.2454,3805.8435,3756.8234,3759.4286,173525468.0,239797205.559,1.0
000300.SH,2015-11-27,3739.0958,3742.7417,3534.3904,3556.9924,208939358.0,269758168.475,1.0
000300.SH,2015-11-30,3554.89,3587.9703,3455.0679,3566.4122,173201163.0,220098287.801,1.0
000300.SH,2015-12-01,3562.3186,3617.3054,3536.1156,3591.696,136536554.0,176598805.608,1.0
000300.SH,2015-12-02,3587.7576,3725.8542,3573.4025,3721.9545,213538865.0,260938692.616,1.0
000300.SH,2015-12-03,3709.5469,3758.4457,3693.137,3749.2985,197762126.0,236698987.44,1.0
000300.SH,2015-12-04,3719.7338,3726.1236,3667.2911,3677.5922,151199522.0,196455597.757,1.0
000300.SH,2015-12-07,3681.5817,3699.337,3658.5778,3687.6073,113883150.0,161220059.836,1.0
000300.SH,2015-12-08,3668.8385,3668.8385,3619.4449,3623.0202,125781083.0,163317229.186,1.0
000300.SH,2015-12-09,3613.4203,3655.1585,3611.4904,3635.9382,113325422.0,154319992.1,1.0
000300.SH,2015-12-10,3634.366,3678.3183,3615.9911,3623.0842,120215625.0,168622188.283,1.0
000300.SH,2015-12-11,3605.3723,3630.7435,3578.1463,3608.0587,110322481.0,145248640.244,1.0
000300.SH,2015-12-14,3573.8838,3712.5026,3570.9978,3711.322,151769119.0,203291513.291,1.0
000300.SH,2015-12-15,3707.7304,3717.3573,3679.2297,3694.3885,126481710.0,186795461.663,1.0
000300.SH,2015-12-16,3703.9503,3713.0897,3677.4495,3685.4398,111342723.0,160118243.242,1.0
000300.SH,2015-12-17,3712.7833,3768.8435,3709.8511,3755.8881,177924075.0,242543823.434,1.0
000300.SH,2015-12-18,3754.9603,3810.218,3750.925,3767.9128,173465980.0,232281458.171,1.0
000300.SH,2015-12-21,3762.097,3877.82,3759.989,3865.965,217435275.0,289905289.214,1.0
000300.SH,2015-12-22,3872.0975,3880.4675,3841.5929,3876.7325,180303661.0,243797366.698,1.0
000300.SH,2015-12-23,3877.8722,3926.6857,3862.9646,3866.3814,207017147.0,294710770.246,1.0
000300.SH,2015-12-24,3858.1348,3867.6786,3787.0836,3829.4022,147181397.0,203683543.579,1.0
000300.SH,2015-12-25,3832.0849,3848.0247,3813.204,3838.201,119624013.0,163314511.431,1.0
000300.SH,2015-12-28,3847.5323,3853.3891,3727.6316,3727.6316,153988440.0,210026020.459,1.0
000300.SH,2015-12-29,3723.0498,3762.0518,3710.4803,3761.8745,101885555.0,140405054.699,1.0
000300.SH,2015-12-30,3762.9141,3765.657,3726.278,3765.1752,105629955.0,155744099.319,1.0
000300.SH,2015-12-31,3760.9039,3772.6166,3727.3247,3731.0047,101873556.0,145043696.235,1.0
000300.SH,2016-01-04,3725.8561,3726.2446,3468.9485,3469.0662,115370674.0,145968206.095,1.0
000300.SH,2016-01-05,3382.1769,3518.217,3377.2799,3478.7797,162116984.0,196017085.879,1.0
000300.SH,2016-01-06,3482.4064,3543.7394,3468.4666,3539.8082,145966144.0,160947198.402,1.0
000300.SH,2016-01-07,3481.1499,3481.1499,3284.7374,3294.3839,44102641.0,47130795.628,1.0
000300.SH,2016-01-08,3371.871,3418.8508,3237.9307,3361.5632,185959451.0,203498868.289,1.0
000300.SH,2016-01-11,3303.1246,3342.4807,3192.4499,3192.4499,174638387.0,184464050.18,1.0
000300.SH,2016-01-12,3214.8234,3242.2532,3174.5497,3215.7099,128225796.0,142048909.71,1.0
000300.SH,2016-01-13,3240.4838,3257.2953,3155.8787,3155.8787,120666494.0,130886082.444,1.0
000300.SH,2016-01-14,3076.6445,3226.6576,3072.0389,3221.5714,134537671.0,144771580.596,1.0
000300.SH,2016-01-15,3200.888,3216.7977,3101.0522,3118.7301,124601779.0,131882737.252,1.0
000300.SH,2016-01-18,3068.2348,3165.6164,3066.727,3130.7289,101128386.0,109458287.764,1.0
000300.SH,2016-01-19,3132.7047,3227.908,3119.2163,3223.1251,127653893.0,142907686.296,1.0
000300.SH,2016-01-20,3204.2183,3225.9496,3154.4259,3174.3781,130650504.0,143313337.192,1.0
000300.SH,2016-01-21,3136.3841,3202.5381,3081.3454,3081.3454,111189733.0,121856195.433,1.0
000300.SH,2016-01-22,3114.895,3132.1708,3053.9581,3113.4626,89951087.0,96885673.842,1.0
000300.SH,2016-01-25,3129.0279,3149.3322,3105.1004,3128.886,81540061.0,85777891.364,1.0
000300.SH,2016-01-26,3099.5957,3106.5302,2934.6469,2940.5085,126933921.0,127250652.518,1.0
000300.SH,2016-01-27,2953.1826,2963.5438,2839.2899,2930.3519,132229366.0,126997670.778,1.0
000300.SH,2016-01-28,2909.3341,2941.8866,2841.8442,2853.7562,99222756.0,95663874.927,1.0
000300.SH,2016-01-29,2855.5983,2965.3093,2854.3712,2946.0902,113304259.0,109462356.68,1.0
000300.SH,2016-02-01,2939.0401,2944.5172,2869.5614,2901.0477,86795342.0,82931453.498,1.0
000300.SH,2016-02-02,2901.5284,2972.4258,2901.5119,2961.3337,88601963.0,88740230.428,1.0
000300.SH,2016-02-03,2931.2883,2954.71,2909.8982,2948.6386,77389000.0,74817092.259,1.0
000300.SH,2016-02-04,2960.3335,2999.2061,2960.2065,2984.7598,91779724.0,91550346.872,1.0
000300.SH,2016-02-05,2982.0563,2988.3597,2962.8471,2963.7894,76850808.0,77443222.334,1.0
000300.SH,2016-02-15,2888.4277,2961.4926,2886.0183,2946.7066,72919434.0,71285049.141,1.0
000300.SH,2016-02-16,2962.1871,3042.0886,2962.1871,3037.0353,112579643.0,112300492.317,1.0
000300.SH,2016-02-17,3034.0902,3065.7845,3027.0458,3063.3199,128291607.0,122279340.234,1.0
000300.SH,2016-02-18,3079.5272,3093.5129,3049.8407,3053.6985,124401464.0,122618612.161,1.0
000300.SH,2016-02-19,3047.9417,3065.9677,3032.6336,3051.585,87338012.0,90849341.804,1.0
000300.SH,2016-02-22,3083.9325,3128.2069,3071.3289,3118.8675,140946968.0,141684080.627,1.0
000300.SH,2016-02-23,3117.2027,3119.2209,3061.4294,3089.3632,112567391.0,117476469.063,1.0
000300.SH,2016-02-24,3077.6062,3109.5454,3055.2511,3109.5454,111782650.0,112918607.549,1.0
000300.SH,2016-02-25,3104.4097,3104.4357,2905.4565,2918.7501,157829752.0,153493008.194,1.0
000300.SH,2016-02-26,2942.0954,2964.3851,2902.948,2948.0306,106949729.0,102531571.946,1.0
000300.SH,2016-02-29,2939.5802,2939.8745,2821.2149,2877.4666,129341020.0,118440829.598,1.0
000300.SH,2016-03-01,2881.3353,2950.4361,2863.3228,2930.6937,116045918.0,110491037.808,1.0
000300.SH,2016-03-02,2933.9209,3054.7237,2933.1162,3051.3327,175972347.0,164025161.471,1.0
000300.SH,2016-03-03,3050.3886,3078.4437,3040.2463,3058.4219,173105744.0,165509087.742,1.0
000300.SH,2016-03-04,3047.5371,3101.6556,3032.4235,3093.8895,219172534.0,205520475.543,1.0
000300.SH,2016-03-07,3108.9994,3130.9032,3083.5843,3104.8397,132462037.0,127790344.488,1.0
000300.SH,2016-03-08,3100.1492,3109.2499,3001.8285,3107.6727,136235742.0,128758488.144,1.0
000300.SH,2016-03-09,3045.9238,3072.9156,3020.1335,3071.907,111466245.0,106298652.785,1.0
000300.SH,2016-03-10,3056.2104,3074.1602,3012.6908,3013.1457,76072197.0,78180468.559,1.0
000300.SH,2016-03-11,2990.2135,3026.4368,2982.1722,3018.2844,73333564.0,74367296.548,1.0
000300.SH,2016-03-14,3039.5689,3106.8002,3033.9997,3065.6904,117108655.0,123539094.703,1.0
000300.SH,2016-03-15,3061.3427,3077.0846,3028.5781,3074.7796,98311941.0,101302845.698,1.0
000300.SH,2016-03-16,3068.8664,3100.3518,3064.5209,3090.0328,124736448.0,126128854.001,1.0
000300.SH,2016-03-17,3096.8076,3147.8413,3077.5717,3124.2039,121661777.0,136603715.775,1.0
000300.SH,2016-03-18,3136.223,3197.668,3130.102,3171.963,197302564.0,210017810.346,1.0
000300.SH,2016-03-21,3203.2929,3267.7751,3198.3608,3249.4372,233269464.0,256836636.273,1.0
000300.SH,2016-03-22,3231.6146,3249.6772,3218.7276,3225.7903,161020897.0,194211982.989,1.0
000300.SH,2016-03-23,3217.7288,3242.2466,3202.9759,3236.0924,125679286.0,155567074.583,1.0
000300.SH,2016-03-24,3211.496,3221.9061,3181.8128,3181.8507,133131122.0,162436036.415,1.0
000300.SH,2016-03-25,3176.8101,3204.4423,3174.3179,3197.8169,97395330.0,115195604.431,1.0
000300.SH,2016-03-28,3206.9532,3229.6237,3161.8782,3169.7283,103441933.0,123844044.128,1.0
000300.SH,2016-03-29,3171.3138,3178.0748,3122.7605,3135.4098,97294747.0,113844280.553,1.0
000300.SH,2016-03-30,3161.2886,3216.6755,3161.2886,3216.2753,117802512.0,140721774.451,1.0
000300.SH,2016-03-31,3229.1995,3241.9268,3208.6649,3218.0879,121552074.0,147267617.416,1.0
000300.SH,2016-04-01,3213.674,3222.6124,3165.8555,3221.8948,118122139.0,127050098.456,1.0
000300.SH,2016-04-05,3211.3046,3271.9301,3205.2065,3264.4858,146047772.0,159296543.667,1.0
000300.SH,2016-04-06,3250.5215,3267.64,3236.1961,3257.5276,120196305.0,137206268.587,1.0
000300.SH,2016-04-07,3266.2883,3270.8202,3208.6443,3209.2902,112409467.0,128273067.72,1.0
000300.SH,2016-04-08,3189.8456,3197.7736,3163.305,3185.7258,101005625.0,113920716.519,1.0
000300.SH,2016-04-11,3213.507,3251.5717,3213.507,3230.0957,125212709.0,142759491.34,1.0
000300.SH,2016-04-12,3227.3673,3232.2642,3198.9027,3218.4497,92869437.0,99086557.951,1.0
000300.SH,2016-04-13,3237.8575,3296.5228,3237.8575,3261.3831,195613866.0,200159601.29,1.0
000300.SH,2016-04-14,3277.0982,3286.0716,3252.0499,3275.8321,113157327.0,117989443.45,1.0
000300.SH,2016-04-15,3279.8566,3282.9846,3261.7299,3272.2053,99807529.0,107963982.334,1.0
000300.SH,2016-04-18,3252.6706,3252.6706,3221.6623,3228.4531,97090069.0,103956150.095,1.0
000300.SH,2016-04-19,3243.9712,3250.7253,3221.5773,3238.3029,80871440.0,90976236.261,1.0
000300.SH,2016-04-20,3244.1419,3248.4218,3107.3693,3181.0264,162207858.0,172324694.469,1.0
000300.SH,2016-04-21,3160.7958,3198.557,3150.9395,3160.6033,104752651.0,110324379.038,1.0
000300.SH,2016-04-22,3142.5611,3175.3799,3137.9927,3174.9012,77078492.0,82442921.903,1.0
000300.SH,2016-04-25,3164.7384,3172.2694,3137.113,3162.0331,67519351.0,74734848.036,1.0
000300.SH,2016-04-26,3159.7706,3181.0954,3150.4041,3179.1605,59020734.0,68871554.173,1.0
000300.SH,2016-04-27,3181.9305,3188.8264,3162.6914,3165.9156,60004147.0,70620405.995,1.0
000300.SH,2016-04-28,3169.3333,3174.7662,3135.6425,3160.5809,69870660.0,78876767.222,1.0
000300.SH,2016-04-29,3153.5371,3171.2887,3149.3966,3156.7451,58029776.0,70807704.222,1.0
000300.SH,2016-05-03,3159.823,3218.485,3151.4045,3213.5397,98164835.0,115733867.591,1.0
000300.SH,2016-05-04,3203.4653,3222.8816,3198.2919,3209.4614,90862408.0,97797134.813,1.0
000300.SH,2016-05-05,3204.1686,3217.282,3196.5661,3213.9199,74733681.0,83946496.908,1.0
000300.SH,2016-05-06,3213.1358,3216.893,3130.1469,3130.3544,108680240.0,119265216.104,1.0
000300.SH,2016-05-09,3115.4301,3115.4301,3055.0057,3065.6154,99230477.0,100409213.488,1.0
000300.SH,2016-05-10,3055.2119,3084.7245,3055.1831,3069.1124,68849935.0,70650764.147,1.0
000300.SH,2016-05-11,3080.6361,3102.8768,3063.0883,3082.8086,81794258.0,87323408.342,1.0
000300.SH,2016-05-12,3059.3831,3095.3489,3035.0228,3090.1372,78765726.0,81418792.606,1.0
000300.SH,2016-05-13,3081.6797,3103.0955,3064.691,3074.9351,62629755.0,65850995.649,1.0
000300.SH,2016-05-16,3064.5261,3095.5554,3053.6619,3095.3085,59461856.0,64405200.02,1.0
000300.SH,2016-05-17,3095.5229,3105.2013,3073.459,3086.0249,65278125.0,75389385.458,1.0
000300.SH,2016-05-18,3071.5292,3072.6122,3039.4618,3068.0358,82715369.0,88458847.115,1.0
000300.SH,2016-05-19,3060.3426,3086.977,3058.145,3062.5002,60444166.0,68679060.392,1.0
000300.SH,2016-05-20,3047.7778,3078.5316,3041.5169,3078.2183,56080842.0,65124251.092,1.0
000300.SH,2016-05-23,3078.515,3098.4782,3076.5039,3087.2225,59697216.0,70337514.484,1.0
000300.SH,2016-05-24,3083.2441,3083.2571,3052.5905,3063.5556,58734385.0,61106015.446,1.0
000300.SH,2016-05-25,3079.7486,3089.1022,3054.8697,3059.2259,56652803.0,63316562.53,1.0
000300.SH,2016-05-26,3056.6004,3072.524,3027.444,3064.2111,60392981.0,65985183.919,1.0
000300.SH,2016-05-27,3059.732,3073.7562,3052.1793,3062.4993,60468750.0,59371777.079,1.0
000300.SH,2016-05-30,3056.3138,3075.2613,3037.6647,3066.7095,63098579.0,63496565.009,1.0
000300.SH,2016-05-31,3068.5964,3170.926,3068.5964,3169.5598,138863111.0,151398175.957,1.0
000300.SH,2016-06-01,3172.9619,3181.7926,3159.8175,3160.547,113148482.0,131700821.152,1.0
000300.SH,2016-06-02,3158.0259,3168.824,3151.0654,3167.0997,86003427.0,97093625.345,1.0
000300.SH,2016-06-03,3172.946,3201.7492,3162.088,3189.3255,101491783.0,136332027.087,1.0
000300.SH,2016-06-06,3192.7793,3197.2204,3168.554,3178.7883,76693751.0,101176231.366,1.0
000300.SH,2016-06-07,3182.4374,3186.6167,3168.1792,3177.0536,68928314.0,88711618.425,1.0
000300.SH,2016-06-08,3171.8134,3174.9719,3148.3517,3163.9864,76291775.0,97682790.861,1.0
000300.SH,2016-06-13,3134.0453,3145.6057,3065.7674,3066.3413,92975947.0,114091320.004,1.0
000300.SH,2016-06-14,3058.4433,3078.7494,3055.6553,3075.9834,66279457.0,78622305.35,1.0
000300.SH,2016-06-15,3043.9577,3128.6733,3042.2328,3116.3682,87393257.0,106170177.872,1.0
000300.SH,2016-06-16,3104.3619,3112.4755,3089.4777,3094.6748,82974703.0,93496238.871,1.0
000300.SH,2016-06-17,3096.0901,3131.0485,3096.0901,3110.3572,85402985.0,97953389.32,1.0
000300.SH,2016-06-20,3114.9064,3118.7254,3089.7127,3112.6744,63587141.0,74647802.462,1.0
000300.SH,2016-06-21,3124.8984,3155.4927,3097.9402,3106.3175,87965345.0,107233643.632,1.0
000300.SH,2016-06-22,3100.4496,3134.0608,3096.9919,3133.9611,66487113.0,81348715.848,1.0
000300.SH,2016-06-23,3129.7207,3129.7207,3102.4811,3117.3168,67751738.0,81732552.159,1.0
000300.SH,2016-06-24,3110.6465,3130.5391,3033.9651,3077.1554,104792208.0,118967441.702,1.0
000300.SH,2016-06-27,3065.128,3120.6405,3064.9664,3120.5443,83267259.0,104066083.791,1.0
000300.SH,2016-06-28,3107.3979,3139.4301,3099.7012,3136.4013,92024637.0,117197791.504,1.0
000300.SH,2016-06-29,3142.4842,3158.0762,3139.1325,3151.3898,103723668.0,117958861.189,1.0
000300.SH,2016-06-30,3152.8331,3163.7205,3148.1987,3153.921,79692617.0,100627912.925,1.0
000300.SH,2016-07-01,3156.932,3170.2583,3148.2948,3154.2003,71746283.0,91215027.688,1.0
000300.SH,2016-07-04,3136.3852,3210.6016,3134.0233,3204.6962,133310529.0,149894780.037,1.0
000300.SH,2016-07-05,3199.1572,3216.7029,3197.9956,3207.3827,130226895.0,143899100.428,1.0
000300.SH,2016-07-06,3197.6249,3217.5158,3183.4511,3216.8035,124897458.0,147232471.496,1.0
000300.SH,2016-07-07,3206.5507,3220.5404,3190.1235,3209.9542,118595202.0,140488833.675,1.0
000300.SH,2016-07-08,3199.7542,3204.9283,3183.9594,3192.2804,89734855.0,111063465.417,1.0
000300.SH,2016-07-11,3199.0383,3235.9623,3197.6255,3203.3298,138529511.0,155288151.673,1.0
000300.SH,2016-07-12,3201.9062,3273.4738,3200.3034,3273.1823,172534217.0,190853738.897,1.0
000300.SH,2016-07-13,3274.0202,3300.9912,3271.7752,3282.8681,175196090.0,196592300.322,1.0
000300.SH,2016-07-14,3277.4816,3281.9503,3259.0653,3276.7637,107525798.0,128090420.917,1.0
000300.SH,2016-07-15,3278.8357,3285.026,3265.2906,3276.2775,102665026.0,125179812.929,1.0
000300.SH,2016-07-18,3269.7077,3281.6375,3251.7659,3262.0222,110312518.0,129785706.199,1.0
000300.SH,2016-07-19,3260.4349,3264.7303,3226.1987,3248.2341,88886861.0,107108911.172,1.0
000300.SH,2016-07-20,3246.8626,3254.5076,3232.2568,3237.6051,72701255.0,91367448.994,1.0
000300.SH,2016-07-21,3238.3367,3271.3739,3238.3034,3252.5227,86004825.0,107464072.513,1.0
000300.SH,2016-07-22,3251.242,3253.7694,3220.8937,3225.1621,86029128.0,107416887.32,1.0
000300.SH,2016-07-25,3220.1658,3243.7902,3218.1419,3230.885,70203185.0,92015844.035,1.0
000300.SH,2016-07-26,3228.234,3269.7457,3228.0075,3269.5882,81051089.0,103745762.758,1.0
000300.SH,2016-07-27,3270.0837,3276.5112,3157.4093,3218.243,160188665.0,186928366.498,1.0
000300.SH,2016-07-28,3204.4645,3235.7816,3195.2696,3221.1365,112779964.0,137295892.753,1.0
000300.SH,2016-07-29,3217.1923,3225.4184,3198.6839,3203.9304,88044837.0,103787029.748,1.0
000300.SH,2016-08-01,3196.425,3199.9751,3156.7488,3176.8091,87003497.0,98818634.361,1.0
000300.SH,2016-08-02,3173.7576,3189.0529,3165.5422,3189.0529,62167639.0,70640763.842,1.0
000300.SH,2016-08-03,3179.6842,3197.1573,3173.5356,3193.5073,72864102.0,79754323.301,1.0
000300.SH,2016-08-04,3190.546,3201.5539,3170.4189,3201.2888,73504373.0,86919591.121,1.0
000300.SH,2016-08-05,3201.3543,3224.873,3192.8614,3205.1101,77196366.0,94429542.391,1.0
000300.SH,2016-08-08,3199.5723,3234.4795,3187.2521,3234.1833,86676051.0,102638114.597,1.0
000300.SH,2016-08-09,3232.603,3257.3336,3229.1741,3256.9813,91065259.0,105924052.436,1.0
000300.SH,2016-08-10,3255.1822,3261.8609,3242.7509,3243.3409,90430372.0,106157448.028,1.0
000300.SH,2016-08-11,3239.5583,3274.0261,3232.6127,3233.3604,101041213.0,116996159.046,1.0
000300.SH,2016-08-12,3231.8065,3294.2337,3231.1366,3294.2337,116254044.0,129354686.387,1.0
000300.SH,2016-08-15,3303.4688,3417.9147,3302.3776,3393.4239,220543421.0,258897463.91,1.0
000300.SH,2016-08-16,3403.3839,3418.6884,3372.0206,3378.2451,196389740.0,226785231.085,1.0
000300.SH,2016-08-17,3377.7713,3394.3887,3356.9244,3373.0476,138847688.0,167917530.856,1.0
000300.SH,2016-08-18,3369.9472,3394.7912,3349.6879,3364.4851,142380169.0,172256533.0,1.0
000300.SH,2016-08-19,3358.555,3374.045,3341.1922,3365.0197,119961508.0,135382706.293,1.0
000300.SH,2016-08-22,3364.681,3372.8331,3335.4695,3336.7949,107951008.0,128201783.812,1.0
000300.SH,2016-08-23,3332.621,3359.6477,3324.9603,3341.8298,92924516.0,108503692.377,1.0
000300.SH,2016-08-24,3341.9304,3348.1291,3323.7251,3329.8631,81191429.0,94012832.2,1.0
000300.SH,2016-08-25,3314.0846,3315.0812,3279.8064,3308.9721,100589153.0,112578140.01,1.0
000300.SH,2016-08-26,3312.4991,3328.9453,3301.7359,3307.0902,81530691.0,93213205.56,1.0
000300.SH,2016-08-29,3306.5749,3315.0789,3297.0697,3307.7812,77036333.0,88011642.022,1.0
000300.SH,2016-08-30,3310.3188,3325.1218,3304.5966,3311.9872,75725987.0,89513016.667,1.0
000300.SH,2016-08-31,3310.5654,3333.9729,3304.6552,3327.7938,79570805.0,99215044.445,1.0
000300.SH,2016-09-01,3326.7389,3329.3455,3301.2129,3301.5767,84947219.0,100911462.823,1.0
000300.SH,2016-09-02,3298.7217,3320.4252,3295.7554,3314.1142,82791803.0,99396378.584,1.0
000300.SH,2016-09-05,3321.0053,3338.4197,3314.6293,3319.6803,78292477.0,87531089.645,1.0
000300.SH,2016-09-06,3322.018,3347.9511,3300.1257,3342.6259,98283998.0,118366533.426,1.0
000300.SH,2016-09-07,3344.0657,3357.3567,3337.7508,3340.8172,102940106.0,115119908.617,1.0
000300.SH,2016-09-08,3338.0082,3343.395,3328.2264,3339.564,71916158.0,83742346.85,1.0
000300.SH,2016-09-09,3339.3733,3344.951,3318.044,3318.044,82657036.0,95471188.732,1.0
000300.SH,2016-09-12,3271.8702,3276.7163,3234.573,3262.6043,122917682.0,134456630.927,1.0
000300.SH,2016-09-13,3265.3373,3269.2224,3246.3857,3260.333,67180288.0,76862644.231,1.0
000300.SH,2016-09-14,3245.7371,3254.995,3231.3355,3238.7299,70432697.0,79780746.436,1.0
000300.SH,2016-09-19,3242.7429,3264.8995,3242.7429,3263.1242,58831082.0,67678031.642,1.0
000300.SH,2016-09-20,3264.6649,3265.0353,3252.3885,3257.4034,52784206.0,61626150.818,1.0
000300.SH,2016-09-21,3257.7097,3270.9022,3254.3214,3266.6363,59142979.0,68957744.044,1.0
000300.SH,2016-09-22,3281.4718,3303.1993,3277.9791,3291.1211,75753542.0,89991761.655,1.0
000300.SH,2016-09-23,3292.2788,3293.9162,3275.025,3275.6665,57993986.0,68046257.25,1.0
000300.SH,2016-09-26,3267.6905,3267.6905,3220.2838,3220.2838,70452186.0,78700835.132,1.0
000300.SH,2016-09-27,3214.8704,3240.7756,3214.4414,3240.7546,58460550.0,66651130.361,1.0
000300.SH,2016-09-28,3243.647,3243.647,3227.996,3230.8904,44727498.0,51996404.752,1.0
000300.SH,2016-09-29,3234.857,3257.7668,3234.8032,3244.3874,55452556.0,62220302.312,1.0
000300.SH,2016-09-30,3240.1775,3260.9405,3239.0364,3253.2848,44978022.0,52655734.553,1.0
000300.SH,2016-10-10,3265.3644,3294.6409,3258.9584,3293.8689,80519260.0,89607989.896,1.0
000300.SH,2016-10-11,3296.8672,3308.0042,3292.8775,3306.5573,87713163.0,88213421.183,1.0
000300.SH,2016-10-12,3299.1388,3302.561,3289.7532,3300.0099,68669781.0,72386912.616,1.0
000300.SH,2016-10-13,3299.1557,3307.4091,3292.3974,3302.6455,81224198.0,79923748.596,1.0
000300.SH,2016-10-14,3298.734,3306.6859,3285.729,3305.8481,82316271.0,81485597.806,1.0
000300.SH,2016-10-17,3305.9635,3309.0097,3271.5413,3277.8787,86113509.0,88199418.936,1.0
000300.SH,2016-10-18,3272.6815,3321.3324,3272.6815,3321.3324,102860714.0,104625044.142,1.0
000300.SH,2016-10-19,3323.3038,3332.5201,3309.8313,3316.2407,101167725.0,96354442.199,1.0
000300.SH,2016-10-20,3317.1792,3324.9031,3312.1741,3318.6044,79238871.0,82481095.277,1.0
000300.SH,2016-10-21,3315.7156,3341.5603,3309.1787,3327.74,109785176.0,107114926.126,1.0
000300.SH,2016-10-24,3332.5125,3382.8259,3330.9674,3367.5778,153014345.0,150063007.899,1.0
000300.SH,2016-10-25,3367.4753,3373.9139,3356.5853,3367.4547,111191693.0,110576512.916,1.0
000300.SH,2016-10-26,3365.1975,3367.831,3349.5744,3354.8003,98024786.0,104719318.22,1.0
000300.SH,2016-10-27,3351.4603,3352.3545,3335.1332,3345.695,77629851.0,85241012.414,1.0
000300.SH,2016-10-28,3347.1438,3370.7485,3337.2888,3340.1262,93133309.0,104797971.448,1.0
000300.SH,2016-10-31,3332.406,3340.4695,3317.3279,3336.2778,71352863.0,80701820.968,1.0
000300.SH,2016-11-01,3338.7099,3359.3941,3334.4568,3359.0515,74938199.0,84717683.75,1.0
000300.SH,2016-11-02,3350.71,3356.3974,3331.3841,3333.3524,91197104.0,100348995.733,1.0
000300.SH,2016-11-03,3326.9045,3379.9889,3324.8378,3365.085,126223504.0,137386468.361,1.0
000300.SH,2016-11-04,3362.2055,3377.6394,3348.4263,3354.1749,104069655.0,110813764.577,1.0
000300.SH,2016-11-07,3353.4441,3362.7416,3342.3122,3356.5916,99877988.0,94370876.771,1.0
000300.SH,2016-11-08,3367.6974,3383.9174,3361.1292,3371.1177,103148282.0,105138256.061,1.0
000300.SH,2016-11-09,3370.5999,3373.096,3322.0798,3353.0547,139110059.0,145186921.69,1.0
000300.SH,2016-11-10,3374.906,3403.0158,3374.906,3390.6119,134705535.0,133277399.553,1.0
000300.SH,2016-11-11,3387.9481,3422.6715,3382.8925,3417.2211,198781496.0,190647270.04,1.0
000300.SH,2016-11-14,3409.2241,3452.6159,3408.1392,3430.2482,213247105.0,208353308.629,1.0
000300.SH,2016-11-15,3428.8663,3434.9216,3415.9948,3429.8697,134566320.0,135206770.523,1.0
000300.SH,2016-11-16,3432.4336,3435.6366,3419.2435,3429.5921,129808511.0,128944599.173,1.0
000300.SH,2016-11-17,3423.4654,3437.669,3412.8771,3436.535,121561731.0,121576882.948,1.0
000300.SH,2016-11-18,3437.4898,3443.1185,3413.2698,3417.4554,115951205.0,117345607.612,1.0
000300.SH,2016-11-21,3412.6523,3463.1423,3412.0801,3441.1106,146434529.0,147542589.349,1.0
000300.SH,2016-11-22,3443.2201,3469.2189,3443.2201,3468.3637,168523446.0,167250665.827,1.0
000300.SH,2016-11-23,3473.8949,3492.9564,3465.7639,3474.7289,162388504.0,171247116.196,1.0
000300.SH,2016-11-24,3468.8071,3508.1648,3467.0108,3488.7402,145746301.0,165071453.531,1.0
000300.SH,2016-11-25,3490.0399,3521.3029,3463.9477,3521.2984,153621506.0,166832181.108,1.0
000300.SH,2016-11-28,3538.6754,3553.3603,3528.3196,3535.0807,207375483.0,219859766.828,1.0
000300.SH,2016-11-29,3525.9011,3583.7185,3521.3787,3564.0404,236918356.0,248322816.339,1.0
000300.SH,2016-11-30,3557.6357,3567.0689,3527.0231,3538.001,178560178.0,190681227.631,1.0
000300.SH,2016-12-01,3543.9555,3575.97,3543.245,3565.036,180170761.0,199637742.998,1.0
000300.SH,2016-12-02,3559.7711,3562.5497,3516.7881,3528.9547,196355480.0,203742147.476,1.0
000300.SH,2016-12-05,3473.6876,3496.8838,3457.3433,3469.4073,180852355.0,190175061.733,1.0
000300.SH,2016-12-06,3466.2417,3477.5901,3456.8067,3459.1533,115529090.0,125727753.193,1.0
000300.SH,2016-12-07,3458.3687,3475.7473,3445.7561,3475.7473,114345103.0,115282194.223,1.0
000300.SH,2016-12-08,3481.8067,3484.3402,3466.512,3470.1426,117383922.0,119188508.676,1.0
000300.SH,2016-12-09,3464.8733,3507.9276,3461.7612,3493.7004,150303308.0,152674867.707,1.0
000300.SH,2016-12-12,3489.2683,3495.8022,3400.793,3409.1794,187467751.0,199163540.831,1.0
000300.SH,2016-12-13,3394.2072,3416.2147,3370.5956,3405.0355,121105097.0,124454188.749,1.0
000300.SH,2016-12-14,3399.4113,3412.2795,3378.2656,3378.9453,124007744.0,126182669.414,1.0
000300.SH,2016-12-15,3363.8597,3378.0367,3327.1429,3340.4338,114960660.0,121507811.54,1.0
000300.SH,2016-12-16,3335.3625,3356.2916,3330.4928,3346.0305,90775422.0,98112206.845,1.0
000300.SH,2016-12-19,3342.3449,3344.8584,3324.9986,3328.9827,81640678.0,86095693.838,1.0
000300.SH,2016-12-20,3328.2985,3329.1022,3289.2682,3309.0641,87569592.0,88527345.889,1.0
000300.SH,2016-12-21,3313.7451,3342.4761,3313.7451,3338.536,108254995.0,106205485.213,1.0
000300.SH,2016-12-22,3335.1218,3340.3628,3322.7196,3335.672,92277249.0,92564877.57,1.0
000300.SH,2016-12-23,3333.4009,3334.8937,3300.8843,3307.5991,97444713.0,99575473.231,1.0
000300.SH,2016-12-26,3293.2236,3322.4212,3267.0481,3322.4006,89793982.0,95493219.936,1.0
000300.SH,2016-12-27,3319.2061,3330.2324,3315.8318,3316.3852,75486359.0,79617133.03,1.0
000300.SH,2016-12-28,3315.7526,3320.5467,3293.1737,3301.8887,69000437.0,71759839.566,1.0
000300.SH,2016-12-29,3297.036,3312.113,3288.0959,3297.7648,70087923.0,75972960.431,1.0
000300.SH,2016-12-30,3302.5993,3313.5497,3295.7513,3310.0808,71744116.0,76921368.838,1.0
000300.SH,2017-01-03,3313.9534,3345.2629,3313.9534,3342.2272,86567896.0,87612765.768,1.0
000300.SH,2017-01-04,3340.5576,3369.5658,3338.1527,3368.3117,90050827.0,98014355.468,1.0
000300.SH,2017-01-05,3368.3402,3373.4119,3361.462,3367.7892,88336357.0,91189339.582,1.0
000300.SH,2017-01-06,3366.8522,3368.8705,3346.8914,3347.6665,87459114.0,91072256.748,1.0
000300.SH,2017-01-09,3345.7483,3366.2219,3344.3472,3363.9014,83707942.0,87916115.243,1.0
000300.SH,2017-01-10,3361.6394,3370.5051,3354.0878,3358.2716,83819160.0,82533965.08,1.0
000300.SH,2017-01-11,3355.8008,3366.6315,3334.2978,3334.4954,91071438.0,86750457.122,1.0
000300.SH,2017-01-12,3332.6857,3343.1279,3315.9629,3317.6241,81239135.0,75031886.874,1.0
000300.SH,2017-01-13,3317.9625,3338.174,3309.3741,3319.9122,84180589.0,84556101.403,1.0
000300.SH,2017-01-16,3314.1507,3322.7819,3264.2071,3319.4455,157779135.0,153262520.121,1.0
000300.SH,2017-01-17,3305.6001,3327.3767,3292.2044,3326.3563,69453328.0,74754505.696,1.0
000300.SH,2017-01-18,3323.3389,3350.9619,3320.4062,3339.3653,70623227.0,75680677.264,1.0
000300.SH,2017-01-19,3330.9522,3346.4959,3324.6835,3329.2891,66159808.0,63869709.163,1.0
000300.SH,2017-01-20,3326.9773,3358.4121,3326.374,3354.8891,65300462.0,70831324.31,1.0
000300.SH,2017-01-23,3359.0543,3378.7388,3355.8475,3364.0808,75557498.0,76492660.154,1.0
000300.SH,2017-01-24,3363.1374,3371.32,3355.899,3364.4509,66194226.0,66049651.289,1.0
000300.SH,2017-01-25,3361.6561,3376.4415,3357.2183,3375.9042,58376931.0,62483395.802,1.0
000300.SH,2017-01-26,3378.2609,3395.8848,3378.2609,3387.9606,65316647.0,66488818.305,1.0
000300.SH,2017-02-03,3390.9315,3392.4773,3362.5653,3364.4923,55188861.0,57113853.255,1.0
000300.SH,2017-02-06,3368.1081,3381.3348,3358.7516,3373.2051,68521360.0,73408134.768,1.0
000300.SH,2017-02-07,3371.7695,3376.7099,3354.6251,3365.6849,63754462.0,69758178.999,1.0
000300.SH,2017-02-08,3361.7811,3383.6859,3347.4302,3383.2878,75402879.0,82869735.773,1.0
000300.SH,2017-02-09,3381.8992,3406.5888,3379.7872,3396.2924,97558515.0,102134228.699,1.0
000300.SH,2017-02-10,3398.3173,3422.3256,3398.0295,3413.4868,123768720.0,121908580.284,1.0
000300.SH,2017-02-13,3416.9168,3439.5432,3416.8746,3436.275,120144538.0,125332998.844,1.0
000300.SH,2017-02-14,3438.511,3440.6748,3424.4028,3435.8042,94809465.0,98537165.438,1.0
000300.SH,2017-02-15,3435.3882,3448.0322,3417.0811,3421.7131,127643338.0,124653179.488,1.0
000300.SH,2017-02-16,3421.8299,3440.9331,3418.3514,3440.9331,108276962.0,101809767.504,1.0
000300.SH,2017-02-17,3443.6166,3457.5562,3419.6143,3421.4419,114600036.0,118033129.67,1.0
000300.SH,2017-02-20,3421.6434,3472.6035,3421.6434,3471.3926,132628862.0,134681505.159,1.0
000300.SH,2017-02-21,3475.0584,3490.0855,3472.017,3482.823,114842009.0,120675429.543,1.0
000300.SH,2017-02-22,3483.2008,3489.946,3473.524,3489.7567,102815994.0,109232425.841,1.0
000300.SH,2017-02-23,3487.5745,3492.9616,3460.118,3473.3236,99536330.0,106555922.466,1.0
000300.SH,2017-02-24,3468.9588,3473.8517,3455.2514,3473.8517,95535133.0,99875164.759,1.0
000300.SH,2017-02-27,3471.1319,3472.8356,3441.3938,3446.2228,98672160.0,106830874.529,1.0
000300.SH,2017-02-28,3445.0274,3460.9089,3441.3589,3452.8103,75215260.0,81979307.361,1.0
000300.SH,2017-03-01,3452.2058,3472.6962,3449.109,3458.4376,103260354.0,109317781.348,1.0
000300.SH,2017-03-02,3463.4829,3468.471,3434.001,3435.0963,89898077.0,97876187.925,1.0
000300.SH,2017-03-03,3424.6627,3428.8824,3412.8312,3427.8628,80994652.0,90009618.835,1.0
000300.SH,2017-03-06,3427.2533,3449.0342,3425.9041,3446.484,83070882.0,95178548.496,1.0
000300.SH,2017-03-07,3446.1628,3454.0386,3440.0574,3453.9565,80334720.0,94483824.245,1.0
000300.SH,2017-03-08,3452.2006,3457.0351,3441.2575,3448.7313,79587690.0,89124904.682,1.0
000300.SH,2017-03-09,3442.8953,3443.0455,3414.6782,3426.9438,84570381.0,90090049.49,1.0
000300.SH,2017-03-10,3423.9776,3436.2388,3423.9369,3427.8916,70016199.0,82161714.923,1.0
000300.SH,2017-03-13,3425.6723,3458.098,3412.6879,3458.098,91684124.0,108489140.923,1.0
000300.SH,2017-03-14,3456.6584,3465.3915,3448.9034,3456.6934,77077963.0,95317564.129,1.0
000300.SH,2017-03-15,3452.2139,3463.9191,3445.2676,3463.6436,79104954.0,94056256.667,1.0
000300.SH,2017-03-16,3472.2694,3492.1267,3472.2694,3481.5066,106333913.0,124695573.677,1.0
000300.SH,2017-03-17,3485.3114,3488.4969,3441.4685,3445.8051,103755560.0,122368918.55,1.0
000300.SH,2017-03-20,3449.0515,3454.063,3429.8254,3449.6126,88734322.0,103769403.897,1.0
000300.SH,2017-03-21,3449.7696,3466.7026,3445.6416,3466.3468,87707855.0,113528201.39,1.0
000300.SH,2017-03-22,3450.7544,3464.3328,3433.4994,3450.0502,104935894.0,123865640.377,1.0
000300.SH,2017-03-23,3452.4056,3470.8164,3435.6912,3461.9782,94318062.0,115813813.702,1.0
000300.SH,2017-03-24,3464.1966,3499.3179,3461.1108,3489.5997,125645833.0,141752526.681,1.0
000300.SH,2017-03-27,3488.7647,3505.9789,3474.5206,3478.0385,107015377.0,124388012.134,1.0
000300.SH,2017-03-28,3480.249,3482.2923,3461.4678,3469.8093,84194820.0,97495938.765,1.0
000300.SH,2017-03-29,3472.9665,3483.0571,3455.5529,3465.1933,104851706.0,114663468.279,1.0
000300.SH,2017-03-30,3461.6159,3467.3049,3422.366,3436.758,116376922.0,122088021.63,1.0
000300.SH,2017-03-31,3434.8222,3456.3051,3430.8197,3456.0455,91577491.0,100984904.83,1.0
000300.SH,2017-04-05,3476.4231,3504.5379,3475.1486,3503.8932,143399017.0,160742981.172,1.0
000300.SH,2017-04-06,3507.9879,3517.7779,3495.7246,3514.0469,136767004.0,145221644.165,1.0
000300.SH,2017-04-07,3514.4521,3526.815,3506.3885,3517.4634,140293204.0,144559675.567,1.0
000300.SH,2017-04-10,3519.4597,3522.7955,3502.0826,3505.1392,141887380.0,155747834.572,1.0
000300.SH,2017-04-11,3503.8294,3520.1315,3466.139,3517.328,165945832.0,189457268.655,1.0
000300.SH,2017-04-12,3514.5723,3523.0975,3497.9991,3509.4387,181824537.0,202154571.423,1.0
000300.SH,2017-04-13,3500.2838,3518.4385,3496.5699,3514.5662,129981813.0,133345929.014,1.0
000300.SH,2017-04-14,3516.8103,3517.4664,3476.9468,3486.5045,135474078.0,130425385.379,1.0
000300.SH,2017-04-17,3475.7381,3480.5696,3453.6759,3479.9417,117164961.0,123884371.227,1.0
000300.SH,2017-04-18,3474.8892,3489.0845,3462.6297,3462.7429,110927823.0,126790853.425,1.0
000300.SH,2017-04-19,3452.9904,3459.3524,3418.514,3445.8761,121349264.0,127050362.407,1.0
000300.SH,2017-04-20,3444.5225,3465.6088,3440.7151,3461.5481,114184208.0,133977258.346,1.0
000300.SH,2017-04-21,3461.389,3475.5622,3449.5421,3466.7865,104419110.0,115208831.746,1.0
000300.SH,2017-04-24,3458.2279,3458.2279,3403.9792,3431.2587,114660791.0,122778154.321,1.0
000300.SH,2017-04-25,3427.7322,3449.6716,3422.6521,3440.9743,94072148.0,107599357.209,1.0
000300.SH,2017-04-26,3440.2526,3466.5651,3439.1505,3445.1832,111940029.0,131316579.235,1.0
000300.SH,2017-04-27,3435.1017,3449.2723,3399.5392,3446.7202,123298425.0,134610947.828,1.0
000300.SH,2017-04-28,3439.5735,3439.904,3417.2375,3439.753,101632351.0,113761006.698,1.0
000300.SH,2017-05-02,3427.9169,3436.3064,3418.6652,3426.5766,92797462.0,101635858.602,1.0
000300.SH,2017-05-03,3421.7586,3432.2248,3403.0782,3413.1282,91669624.0,97854119.098,1.0
000300.SH,2017-05-04,3404.9379,3421.3953,3391.277,3404.3864,103482075.0,106985952.575,1.0
000300.SH,2017-05-05,3393.4831,3395.4532,3366.5568,3382.5502,109895333.0,117464939.578,1.0
000300.SH,2017-05-08,3369.1084,3374.1571,3339.5743,3358.8125,123749287.0,126885426.472,1.0
000300.SH,2017-05-09,3342.5981,3358.0463,3327.5901,3352.5324,76771668.0,85528831.749,1.0
000300.SH,2017-05-10,3350.6502,3369.4345,3336.003,3337.7007,92082628.0,102194980.791,1.0
000300.SH,2017-05-11,3322.9455,3359.6003,3312.8921,3356.6459,109252890.0,111576379.054,1.0
000300.SH,2017-05-12,3350.9371,3387.2677,3349.1671,3385.3787,93386466.0,97522124.594,1.0
000300.SH,2017-05-15,3391.5881,3406.581,3391.5881,3399.1937,82977611.0,92183332.845,1.0
000300.SH,2017-05-16,3390.925,3428.8531,3373.552,3428.6491,105242416.0,112814103.201,1.0
000300.SH,2017-05-17,3423.19,3433.9695,3408.1541,3409.9656,99736837.0,110553451.835,1.0
000300.SH,2017-05-18,3387.6655,3409.9319,3383.935,3398.1127,85759589.0,88091166.041,1.0
000300.SH,2017-05-19,3395.2318,3405.9448,3392.3776,3403.8492,71473525.0,78397081.602,1.0
000300.SH,2017-05-22,3400.5882,3424.1776,3391.1748,3411.2387,92539559.0,99021121.578,1.0
000300.SH,2017-05-23,3405.0254,3434.7662,3401.5338,3424.194,116911033.0,126767856.025,1.0
000300.SH,2017-05-24,3409.7169,3424.1669,3383.8922,3424.1669,83553161.0,92620045.548,1.0
000300.SH,2017-05-25,3414.3992,3490.4176,3413.2246,3485.6581,130721631.0,136634020.807,1.0
000300.SH,2017-05-26,3479.6206,3498.3148,3473.04,3480.4345,103241153.0,112585907.354,1.0
000300.SH,2017-05-31,3495.073,3515.0812,3474.9215,3492.8845,104829744.0,115968725.31,1.0
000300.SH,2017-06-01,3485.2223,3499.8142,3476.4283,3497.7382,103127724.0,116088766.249,1.0
000300.SH,2017-06-02,3491.5893,3498.1189,3470.2017,3486.5074,82668010.0,92850747.181,1.0
000300.SH,2017-06-05,3480.1692,3484.1244,3462.3144,3468.7538,79738152.0,85609467.477,1.0
000300.SH,2017-06-06,3464.3765,3492.8816,3460.4534,3492.8816,64089388.0,77868793.73,1.0
000300.SH,2017-06-07,3493.8846,3537.0947,3491.1328,3533.8718,104419968.0,124189288.483,1.0
000300.SH,2017-06-08,3531.2419,3562.2724,3528.179,3560.9786,90224905.0,112035619.671,1.0
000300.SH,2017-06-09,3561.2411,3590.8872,3560.6336,3576.1703,101188265.0,121700586.716,1.0
000300.SH,2017-06-12,3570.2191,3603.6901,3565.9012,3574.3894,90381167.0,117690802.225,1.0
000300.SH,2017-06-13,3569.1594,3584.4094,3559.2134,3582.2674,75177138.0,94223084.812,1.0
000300.SH,2017-06-14,3571.2483,3571.2483,3530.274,3535.2987,83810783.0,106105319.868,1.0
000300.SH,2017-06-15,3530.7465,3542.2796,3508.9461,3528.7926,82632535.0,106053901.141,1.0
000300.SH,2017-06-16,3522.9745,3536.1401,3514.3892,3518.7611,76452707.0,91462286.377,1.0
000300.SH,2017-06-19,3520.0602,3554.91,3520.0602,3553.6653,79797141.0,98572358.252,1.0
000300.SH,2017-06-20,3560.7871,3563.6964,3539.5149,3546.494,80509559.0,98187595.478,1.0
000300.SH,2017-06-21,3567.1256,3587.9863,3545.5666,3587.955,87859824.0,117147797.136,1.0
000300.SH,2017-06-22,3583.5583,3635.5273,3581.3375,3590.3425,135526987.0,169418803.351,1.0
000300.SH,2017-06-23,3583.4359,3623.2352,3569.3225,3622.8831,105129134.0,133975111.796,1.0
000300.SH,2017-06-26,3627.0208,3671.9435,3627.0208,3668.0919,134637995.0,170736841.952,1.0
000300.SH,2017-06-27,3665.5775,3676.5328,3648.7635,3674.7152,97558702.0,123057231.694,1.0
000300.SH,2017-06-28,3664.1629,3672.1887,3644.0268,3646.1666,97920858.0,124465947.132,1.0
000300.SH,2017-06-29,3649.2525,3669.1345,3644.7331,3668.8279,85589498.0,111847266.867,1.0
000300.SH,2017-06-30,3654.7348,3669.7584,3646.2272,3666.7977,81510028.0,102459981.992,1.0
000300.SH,2017-07-03,3667.2316,3667.5957,3633.7825,3650.8463,88820860.0,115214687.872,1.0
000300.SH,2017-07-04,3646.828,3646.8455,3611.6911,3619.9841,95071413.0,125350417.552,1.0
000300.SH,2017-07-05,3611.8984,3660.7291,3610.4586,3659.6795,88232425.0,120351565.382,1.0
000300.SH,2017-07-06,3654.5576,3666.7745,3629.56,3660.0967,102379245.0,132837126.778,1.0
000300.SH,2017-07-07,3647.6416,3657.1131,3631.8702,3655.9293,103735497.0,123465392.616,1.0
000300.SH,2017-07-10,3647.9379,3667.8455,3641.5277,3653.6868,120591910.0,141034626.508,1.0
000300.SH,2017-07-11,3646.8783,3701.2087,3645.9946,3670.8086,118760826.0,145084363.277,1.0
000300.SH,2017-07-12,3672.6328,3691.5814,3640.5893,3658.8236,122287792.0,143494599.072,1.0
000300.SH,2017-07-13,3656.3502,3690.4832,3652.5658,3686.9205,125669549.0,146388679.598,1.0
000300.SH,2017-07-14,3682.6153,3703.094,3672.7425,3703.094,105514005.0,121021448.889,1.0
000300.SH,2017-07-17,3700.6179,3716.47,3621.3652,3663.5575,178821600.0,196217253.798,1.0
000300.SH,2017-07-18,3648.4942,3667.5408,3622.0414,3667.1807,124622056.0,141472283.974,1.0
000300.SH,2017-07-19,3660.8665,3731.0468,3658.2035,3729.7466,182477787.0,198392451.748,1.0
000300.SH,2017-07-20,3725.1436,3750.1938,3723.0689,3747.8843,142410039.0,169267149.94,1.0
000300.SH,2017-07-21,3738.1847,3751.6947,3722.0656,3728.5976,117941226.0,141432632.987,1.0
000300.SH,2017-07-24,3724.3778,3755.1902,3719.8488,3743.4686,134868722.0,154701874.682,1.0
000300.SH,2017-07-25,3742.6405,3752.1559,3713.2766,3719.559,121672059.0,133531656.186,1.0
000300.SH,2017-07-26,3722.8761,3738.5316,3684.1819,3705.3884,136325210.0,146518004.915,1.0
000300.SH,2017-07-27,3700.8558,3716.6888,3672.4971,3712.1947,145002904.0,161631225.346,1.0
000300.SH,2017-07-28,3703.4895,3725.5378,3696.7776,3721.8914,111411392.0,125817861.948,1.0
000300.SH,2017-07-31,3722.4282,3746.5207,3713.655,3737.8732,148429039.0,160890133.166,1.0
000300.SH,2017-08-01,3738.7364,3770.4043,3737.0954,3770.3828,152546539.0,173127578.959,1.0
000300.SH,2017-08-02,3768.1938,3784.3511,3759.2764,3760.8525,172293383.0,189336782.813,1.0
000300.SH,2017-08-03,3755.1081,3766.3452,3718.4351,3727.8264,146153944.0,164710461.6,1.0
000300.SH,2017-08-04,3724.7225,3738.7312,3707.003,3707.5796,157470060.0,168292664.589,1.0
000300.SH,2017-08-07,3701.2161,3730.7774,3689.9552,3726.7948,124231530.0,134348537.498,1.0
000300.SH,2017-08-08,3724.3287,3737.3344,3718.8116,3732.2129,137241928.0,146481868.919,1.0
000300.SH,2017-08-09,3728.0319,3738.999,3713.5668,3731.044,124679989.0,137223598.286,1.0
000300.SH,2017-08-10,3724.962,3746.8614,3688.1766,3715.9208,130085128.0,148005169.417,1.0
000300.SH,2017-08-11,3687.9314,3700.4944,3645.0945,3647.3503,150387421.0,161083470.412,1.0
000300.SH,2017-08-14,3651.3754,3698.3663,3651.3754,3694.6831,115308451.0,140233894.117,1.0
000300.SH,2017-08-15,3695.78,3719.2931,3692.2802,3706.0566,106444857.0,124790630.952,1.0
000300.SH,2017-08-16,3701.1337,3707.144,3679.7338,3701.4207,104134141.0,127282165.884,1.0
000300.SH,2017-08-17,3707.0668,3722.6239,3704.4126,3721.277,108656251.0,137020002.92,1.0
000300.SH,2017-08-18,3707.1891,3733.4914,3700.4112,3724.6748,96561705.0,123078163.944,1.0
000300.SH,2017-08-21,3731.8399,3744.2631,3728.6157,3740.9941,100313073.0,123911716.276,1.0
000300.SH,2017-08-22,3745.7543,3758.2924,3734.5556,3752.298,100292856.0,131131078.398,1.0
000300.SH,2017-08-23,3747.6108,3772.4568,3741.7204,3756.0884,104961573.0,124081155.71,1.0
000300.SH,2017-08-24,3755.8902,3765.7082,3729.0876,3734.6458,89947372.0,107736019.091,1.0
000300.SH,2017-08-25,3736.2916,3795.9693,3736.2916,3795.7544,129940900.0,150697083.062,1.0
000300.SH,2017-08-28,3805.6567,3866.9422,3805.6567,3842.7119,185576325.0,236446280.855,1.0
000300.SH,2017-08-29,3839.1779,3847.9303,3825.7597,3834.5376,128227070.0,158978683.685,1.0
000300.SH,2017-08-30,3834.2682,3854.7062,3827.8607,3834.3005,141352857.0,166235122.004,1.0
000300.SH,2017-08-31,3835.8394,3840.199,3800.8861,3822.0928,132944935.0,157079216.083,1.0
000300.SH,2017-09-01,3825.3392,3843.6176,3818.1586,3830.5383,158645511.0,182770431.967,1.0
000300.SH,2017-09-04,3828.5447,3847.0906,3813.5537,3845.6163,149566320.0,175551068.278,1.0
000300.SH,2017-09-05,3845.5451,3865.2938,3841.9514,3857.0464,124964155.0,145779755.314,1.0
000300.SH,2017-09-06,3846.7471,3858.2481,3831.3835,3849.4499,131398723.0,155883314.756,1.0
000300.SH,2017-09-07,3851.688,3858.1617,3828.835,3829.8713,123884181.0,156113397.125,1.0
000300.SH,2017-09-08,3830.0707,3843.0186,3813.9833,3825.9895,106036504.0,134958583.983,1.0
000300.SH,2017-09-11,3828.3422,3850.7409,3817.5108,3825.6453,123883997.0,154793900.773,1.0
000300.SH,2017-09-12,3832.2422,3849.3885,3822.0037,3837.9341,144190242.0,187605312.03,1.0
000300.SH,2017-09-13,3835.5493,3847.7841,3822.9441,3842.6061,95410785.0,126254360.933,1.0
000300.SH,2017-09-14,3843.572,3854.4931,3820.0876,3829.9554,115358583.0,143111639.152,1.0
000300.SH,2017-09-15,3826.1448,3843.297,3818.5234,3831.2965,122427006.0,153477215.18,1.0
000300.SH,2017-09-18,3832.9626,3862.3589,3832.9626,3843.1428,117934405.0,152841028.494,1.0
000300.SH,2017-09-19,3849.8794,3857.303,3820.2885,3832.1161,112432987.0,145528457.523,1.0
000300.SH,2017-09-20,3830.1549,3850.9426,3827.8858,3842.4353,101129542.0,135041882.371,1.0
000300.SH,2017-09-21,3843.2577,3860.7977,3837.384,3837.8176,111098192.0,144132893.229,1.0
000300.SH,2017-09-22,3826.4589,3842.252,3816.8225,3837.7304,100619802.0,128360894.859,1.0
000300.SH,2017-09-25,3829.219,3835.3894,3811.1192,3817.7915,103948976.0,135980239.129,1.0
000300.SH,2017-09-26,3810.3333,3821.6928,3808.3827,3820.7816,81869407.0,101036334.815,1.0
000300.SH,2017-09-27,3818.9646,3832.566,3818.8147,3821.2,85655811.0,109299492.247,1.0
000300.SH,2017-09-28,3821.5904,3827.3308,3813.7532,3822.5386,93544069.0,115646338.522,1.0
000300.SH,2017-09-29,3825.2021,3852.2236,3825.2021,3836.5013,93306028.0,116056776.566,1.0
000300.SH,2017-10-09,3910.1149,3918.8391,3876.0322,3882.2076,135535851.0,171941460.832,1.0
000300.SH,2017-10-10,3883.0037,3900.7418,3855.4666,3889.8637,112532586.0,157979737.603,1.0
000300.SH,2017-10-11,3886.8184,3913.0695,3885.497,3902.6868,104418151.0,144152740.056,1.0
000300.SH,2017-10-12,3902.0156,3917.4435,3897.5472,3912.9536,94340921.0,123147248.618,1.0
000300.SH,2017-10-13,3912.975,3927.1744,3908.8885,3921.0017,90142068.0,114314854.703,1.0
000300.SH,2017-10-16,3926.2754,3947.4239,3913.3224,3913.4462,121355033.0,150823756.592,1.0
000300.SH,2017-10-17,3910.7894,3924.6141,3900.4758,3913.0688,82241227.0,106708451.684,1.0
000300.SH,2017-10-18,3914.8152,3944.4106,3914.8152,3944.1626,100969841.0,126420379.66,1.0
000300.SH,2017-10-19,3940.5831,3944.0349,3923.6455,3931.2495,106527252.0,133189855.169,1.0
000300.SH,2017-10-20,3918.5265,3928.9607,3910.1974,3926.852,72980180.0,94529636.639,1.0
000300.SH,2017-10-23,3930.8914,3936.2729,3920.6562,3930.7981,81484980.0,100280911.371,1.0
000300.SH,2017-10-24,3926.2299,3959.4951,3922.0288,3959.3953,93058154.0,120192150.584,1.0
000300.SH,2017-10-25,3958.1669,3978.0893,3954.0011,3976.949,88205458.0,106820309.535,1.0
000300.SH,2017-10-26,3980.0479,4013.5988,3973.5535,3993.5752,129895465.0,170488618.587,1.0
000300.SH,2017-10-27,3992.5539,4024.4645,3991.354,4021.9676,126672846.0,152974831.071,1.0
000300.SH,2017-10-30,4022.1641,4033.3394,3960.2698,4009.7218,157387603.0,193489838.439,1.0
000300.SH,2017-10-31,3995.3935,4009.2828,3983.2565,4006.7179,109178779.0,142897206.949,1.0
000300.SH,2017-11-01,4007.9116,4032.4581,3991.3235,3996.6221,130417380.0,166477138.571,1.0
000300.SH,2017-11-02,3994.0946,3999.2262,3971.3761,3997.1343,126100579.0,151981363.64,1.0
000300.SH,2017-11-03,3992.3496,3999.3373,3963.0263,3992.6979,129404439.0,158142056.585,1.0
000300.SH,2017-11-06,3989.1824,4021.6382,3975.4069,4020.8896,122081159.0,158911861.111,1.0
000300.SH,2017-11-07,4022.4018,4064.2178,4021.3639,4054.2465,152116663.0,193990974.032,1.0
000300.SH,2017-11-08,4051.4935,4089.1457,4040.5772,4048.0057,150827719.0,200949740.671,1.0
000300.SH,2017-11-09,4043.0663,4076.6102,4038.4004,4075.8998,121056335.0,159247198.176,1.0
000300.SH,2017-11-10,4070.2763,4116.7142,4067.657,4111.9112,141817165.0,198869833.811,1.0
000300.SH,2017-11-13,4115.5507,4137.6455,4115.5507,4128.0733,151446309.0,205930794.541,1.0
000300.SH,2017-11-14,4129.2736,4133.5462,4086.8903,4099.351,143236936.0,199605009.025,1.0
000300.SH,2017-11-15,4084.2131,4102.8071,4055.7167,4073.6696,120635696.0,177753075.436,1.0
000300.SH,2017-11-16,4063.4943,4107.617,4062.2734,4105.0122,121384414.0,172903880.58,1.0
000300.SH,2017-11-17,4094.0787,4122.3756,4081.3723,4120.8508,191784119.0,253079314.045,1.0
000300.SH,2017-11-20,4093.734,4144.5144,4060.9636,4143.8334,137447258.0,191589637.482,1.0
000300.SH,2017-11-21,4131.8482,4220.2636,4129.9783,4217.7015,180350821.0,253302199.628,1.0
000300.SH,2017-11-22,4228.3721,4260.6395,4191.145,4227.5666,186477003.0,254298361.69,1.0
000300.SH,2017-11-23,4213.3781,4214.1895,4086.9018,4102.3966,178147228.0,237536704.704,1.0
000300.SH,2017-11-24,4089.4723,4116.5942,4057.4894,4104.2034,130858040.0,182912191.367,1.0
000300.SH,2017-11-27,4088.9318,4088.9318,4037.1457,4049.9475,143455268.0,183004551.223,1.0
000300.SH,2017-11-28,4034.2057,4056.4753,4010.2955,4055.8235,102058095.0,135539647.289,1.0
000300.SH,2017-11-29,4061.3545,4069.2418,4004.687,4053.7529,124553642.0,165743341.284,1.0
000300.SH,2017-11-30,4034.0091,4052.797,3988.0018,4006.0993,107983345.0,145829948.321,1.0
000300.SH,2017-12-01,4003.5604,4027.1064,3984.3776,3998.1365,97386913.0,136010927.567,1.0
000300.SH,2017-12-04,3989.0466,4032.9859,3982.3182,4018.8571,102647219.0,138223055.525,1.0
000300.SH,2017-12-05,4007.9361,4045.9331,4006.5432,4040.1704,154087076.0,196337660.259,1.0
000300.SH,2017-12-06,4027.1231,4031.7533,3964.8087,4015.8211,109286205.0,144114954.18,1.0
000300.SH,2017-12-07,4003.5826,4017.9465,3955.9939,3971.0569,90254045.0,119651201.504,1.0
000300.SH,2017-12-08,3962.8288,4014.1387,3955.44,4003.3792,89282861.0,124371230.332,1.0
000300.SH,2017-12-11,4006.8784,4069.4997,4005.2687,4069.4997,97148946.0,148476588.469,1.0
000300.SH,2017-12-12,4068.5053,4070.1503,4015.4546,4016.0163,84338718.0,123515183.182,1.0
000300.SH,2017-12-13,4013.8319,4052.6878,4004.7436,4050.0927,77546131.0,115006383.36,1.0
000300.SH,2017-12-14,4050.9028,4057.6245,4013.8546,4026.1516,80768862.0,115086944.924,1.0
000300.SH,2017-12-15,4018.7313,4020.2668,3974.9277,3980.8558,89044389.0,118474144.231,1.0
000300.SH,2017-12-18,3983.2965,4008.0688,3967.9343,3985.2914,77853375.0,111724349.856,1.0
000300.SH,2017-12-19,3985.8233,4035.6296,3985.8233,4035.3294,77528985.0,115998204.342,1.0
000300.SH,2017-12-20,4036.019,4044.8485,4015.6285,4030.4898,90604503.0,126812878.124,1.0
000300.SH,2017-12-21,4023.076,4080.781,4014.6526,4067.8485,96836089.0,137819520.871,1.0
000300.SH,2017-12-22,4064.9131,4076.8028,4048.4913,4054.5984,73473684.0,104426496.022,1.0
000300.SH,2017-12-25,4057.4173,4086.9342,4026.4496,4041.5401,91926962.0,129938839.152,1.0
000300.SH,2017-12-26,4040.6173,4056.8554,4015.2996,4053.6224,91118790.0,119725100.617,1.0
000300.SH,2017-12-27,4045.2793,4047.7366,3986.7385,3991.2075,105153577.0,140516907.102,1.0
000300.SH,2017-12-28,3992.997,4036.6975,3980.2358,4018.8974,118542886.0,153636695.762,1.0
000300.SH,2017-12-29,4022.8826,4043.14,4012.8749,4030.8549,90486683.0,121257038.529,1.0
000300.SH,2018-01-02,4045.2086,4087.7789,4045.2086,4087.4012,146935435.0,178402032.875,1.0
000300.SH,2018-01-03,4091.4607,4140.0543,4088.7302,4111.3925,151852218.0,205726889.556,1.0
000300.SH,2018-01-04,4114.1213,4137.642,4105.8858,4128.8119,134543794.0,174523556.133,1.0
000300.SH,2018-01-05,4133.3439,4151.2818,4123.2817,4138.7505,149009872.0,185206293.226,1.0
000300.SH,2018-01-08,4140.8545,4166.3182,4127.3081,4160.1595,173877666.0,226403872.932,1.0
000300.SH,2018-01-09,4157.5394,4191.2843,4153.5021,4189.2977,139034294.0,181975079.758,1.0
000300.SH,2018-01-10,4187.2044,4211.0549,4175.1355,4207.8132,151121666.0,194850253.886,1.0
000300.SH,2018-01-11,4197.1136,4211.799,4181.9572,4205.5863,121578539.0,170407305.946,1.0
000300.SH,2018-01-12,4205.1444,4227.3923,4199.0251,4225.001,111354794.0,157606210.635,1.0
000300.SH,2018-01-15,4229.8357,4262.9314,4216.3585,4225.2393,170907897.0,234986586.088,1.0
000300.SH,2018-01-16,4215.6247,4260.2118,4213.1275,4258.473,161494963.0,228271224.756,1.0
000300.SH,2018-01-17,4261.7833,4283.3449,4230.5367,4248.1164,214311032.0,284554359.815,1.0
000300.SH,2018-01-18,4259.375,4292.6372,4246.684,4271.4168,172032846.0,225289688.909,1.0
000300.SH,2018-01-19,4281.9371,4316.5714,4269.6167,4285.395,209490570.0,258554725.36,1.0
000300.SH,2018-01-22,4276.4811,4338.4832,4275.8977,4336.5974,174643195.0,233960223.311,1.0
000300.SH,2018-01-23,4346.8885,4383.5722,4346.7925,4382.6129,201867585.0,257113359.897,1.0
000300.SH,2018-01-24,4389.4547,4397.8196,4349.0865,4389.8853,219818889.0,284470809.53,1.0
000300.SH,2018-01-25,4381.9768,4392.1963,4336.2386,4365.0794,195374950.0,250308091.87,1.0
000300.SH,2018-01-26,4352.2211,4403.3375,4351.4871,4381.2996,177227237.0,223331309.122,1.0
000300.SH,2018-01-29,4387.0577,4395.9053,4287.1124,4302.0181,191100354.0,256176323.789,1.0
000300.SH,2018-01-30,4286.6834,4308.5115,4251.5706,4256.1021,139034730.0,186650566.155,1.0
000300.SH,2018-01-31,4234.1101,4287.8576,4232.7727,4275.8986,145210164.0,194401798.025,1.0
000300.SH,2018-02-01,4276.3425,4287.3888,4214.2909,4245.8978,190002934.0,239230298.933,1.0
000300.SH,2018-02-02,4213.9386,4271.7647,4181.7793,4271.2326,146066827.0,191169867.288,1.0
000300.SH,2018-02-05,4204.458,4274.1464,4200.1409,4274.1464,161347799.0,217360144.504,1.0
000300.SH,2018-02-06,4182.3257,4211.5234,4131.5562,4148.8856,214910450.0,279415083.155,1.0
000300.SH,2018-02-07,4205.7365,4212.5677,4048.4228,4050.4972,203127493.0,261507027.391,1.0
000300.SH,2018-02-08,4022.8802,4071.6653,3974.6779,4012.0472,159269985.0,199061771.955,1.0
000300.SH,2018-02-09,3896.1691,3911.2917,3759.1463,3840.6527,206349828.0,246774828.431,1.0
000300.SH,2018-02-12,3846.2671,3907.843,3828.0697,3890.1046,116182637.0,149858043.556,1.0
000300.SH,2018-02-13,3925.5955,3986.9807,3925.5955,3935.6324,112565885.0,144479354.377,1.0
000300.SH,2018-02-14,3945.0943,3971.4041,3923.1267,3966.9614,71081338.0,93110201.39,1.0
000300.SH,2018-02-22,4020.9731,4058.7878,4009.9202,4052.7332,105811571.0,138334361.735,1.0
000300.SH,2018-02-23,4061.7545,4085.2008,4035.2319,4071.0889,99458746.0,128195835.194,1.0
000300.SH,2018-02-26,4093.3988,4128.7435,4048.9834,4118.4186,137881001.0,179013093.605,1.0
000300.SH,2018-02-27,4120.8712,4120.8712,4051.8054,4058.9806,125934470.0,169684900.954,1.0
000300.SH,2018-02-28,4016.7911,4051.7124,3991.7063,4023.6415,109343593.0,152493909.262,1.0
000300.SH,2018-03-01,3994.8686,4061.0328,3986.8947,4049.0863,110199852.0,146003456.663,1.0
000300.SH,2018-03-02,4014.951,4044.4183,4006.9435,4016.461,96165000.0,130931181.201,1.0
000300.SH,2018-03-05,4021.6575,4042.8346,3995.8715,4018.097,87952548.0,118197859.452,1.0
000300.SH,2018-03-06,4034.9854,4067.5525,3998.9317,4066.5647,138762444.0,171370654.136,1.0
000300.SH,2018-03-07,4063.5028,4089.6964,4027.9363,4036.6536,106952426.0,136572305.56,1.0
000300.SH,2018-03-08,4038.9527,4078.2263,4029.7144,4077.6001,91155810.0,123634637.12,1.0
000300.SH,2018-03-09,4088.0704,4110.6738,4076.4537,4108.8652,113701808.0,150024119.651,1.0
000300.SH,2018-03-12,4130.7082,4139.5259,4112.7658,4127.6662,140906739.0,190367593.786,1.0
000300.SH,2018-03-13,4124.3312,4130.2829,4087.5629,4091.2533,111766430.0,141174160.638,1.0
000300.SH,2018-03-14,4076.0626,4089.0942,4066.4896,4073.3447,99013409.0,131537959.37,1.0
000300.SH,2018-03-15,4058.7058,4098.989,4058.7058,4096.1627,88161156.0,126882452.702,1.0
000300.SH,2018-03-16,4096.8857,4110.0451,4055.822,4056.4226,84896188.0,122125342.027,1.0
000300.SH,2018-03-19,4054.6167,4074.518,4033.5216,4074.2479,81502882.0,118183815.14,1.0
000300.SH,2018-03-20,4045.7428,4080.1925,4040.308,4077.7041,80605280.0,111980234.031,1.0
000300.SH,2018-03-21,4097.0243,4110.1158,4046.2408,4061.0502,97609488.0,139330411.871,1.0
000300.SH,2018-03-22,4062.0668,4072.3771,4003.721,4020.349,89095259.0,127664337.99,1.0
000300.SH,2018-03-23,3896.7359,3928.5114,3834.9373,3904.9355,180080449.0,218905031.317,1.0
000300.SH,2018-03-26,3862.6948,3883.901,3829.9155,3879.893,115139128.0,156604527.227,1.0
000300.SH,2018-03-27,3927.492,3936.778,3881.8726,3913.2689,113700711.0,162291546.573,1.0
000300.SH,2018-03-28,3865.0454,3907.2811,3835.8825,3842.7155,101494908.0,155848951.057,1.0
000300.SH,2018-03-29,3854.5914,3913.9578,3794.2617,3894.0498,116629066.0,164996782.981,1.0
000300.SH,2018-03-30,3893.7468,3915.3473,3879.2128,3898.4977,97512270.0,137959280.455,1.0
000300.SH,2018-04-02,3897.0052,3937.0183,3882.8856,3886.9189,111242666.0,159356080.038,1.0
000300.SH,2018-04-03,3850.1546,3878.1504,3839.9333,3862.4796,95137369.0,132049936.105,1.0
000300.SH,2018-04-04,3873.6267,3898.6126,3852.4958,3854.8625,88730609.0,131593067.938,1.0
000300.SH,2018-04-09,3851.9548,3870.6736,3827.4133,3852.9292,84105462.0,118167273.509,1.0
000300.SH,2018-04-10,3860.7225,3927.4247,3851.7957,3927.1729,106173722.0,137941300.225,1.0
000300.SH,2018-04-11,3934.1698,3958.7071,3924.9603,3938.3434,111933021.0,139989290.63,1.0
000300.SH,2018-04-12,3935.673,3937.7837,3896.1789,3898.6354,82699490.0,108075565.476,1.0
000300.SH,2018-04-13,3920.7375,3929.952,3866.186,3871.1443,71544203.0,98921826.969,1.0
000300.SH,2018-04-16,3862.4738,3869.156,3789.6121,3808.863,99217770.0,131566866.868,1.0
000300.SH,2018-04-17,3812.8746,3822.6264,3745.4442,3748.6412,90610790.0,126518751.972,1.0
000300.SH,2018-04-18,3785.3059,3789.6591,3708.1068,3766.282,106676706.0,143077676.004,1.0
000300.SH,2018-04-19,3774.784,3824.0321,3767.7974,3811.843,99054060.0,127520121.562,1.0
000300.SH,2018-04-20,3801.2075,3815.444,3750.1033,3760.8543,99282925.0,123550664.541,1.0
000300.SH,2018-04-23,3754.6896,3787.3951,3735.1842,3766.3257,90356291.0,111763031.5,1.0
000300.SH,2018-04-24,3769.8787,3854.4292,3769.8787,3843.4886,114219525.0,145700512.791,1.0
000300.SH,2018-04-25,3824.5929,3838.6921,3817.032,3828.7015,78172612.0,105750449.452,1.0
000300.SH,2018-04-26,3823.3921,3828.7129,3744.8852,3755.4941,87150641.0,125772304.515,1.0
000300.SH,2018-04-27,3771.0369,3776.9751,3714.6444,3756.8765,89531726.0,142113627.6,1.0
000300.SH,2018-05-02,3769.9251,3787.3025,3744.5475,3763.6461,83301035.0,120083483.29,1.0
000300.SH,2018-05-03,3756.1657,3797.5269,3732.3718,3793.0001,93961118.0,122740168.864,1.0
000300.SH,2018-05-04,3784.3161,3801.5243,3770.9389,3774.5981,71554288.0,98315254.609,1.0
000300.SH,2018-05-07,3782.5404,3834.5872,3776.0296,3834.1877,87286195.0,126354800.811,1.0
000300.SH,2018-05-08,3834.6141,3892.0732,3833.729,3878.6767,94215157.0,135445862.529,1.0
000300.SH,2018-05-09,3876.1296,3878.9382,3855.7392,3871.6152,66712966.0,92322896.271,1.0
000300.SH,2018-05-10,3882.8357,3894.4902,3867.3084,3893.0565,70667809.0,103255140.585,1.0
000300.SH,2018-05-11,3902.1481,3903.3378,3871.9523,3872.8383,73356604.0,107715457.04,1.0
000300.SH,2018-05-14,3886.8736,3919.2999,3886.8736,3909.2933,81975999.0,122520047.995,1.0
000300.SH,2018-05-15,3920.1395,3924.3427,3892.9198,3924.0975,76049555.0,106091905.845,1.0
000300.SH,2018-05-16,3909.8183,3923.3433,3889.1877,3892.8442,71913646.0,106533930.265,1.0
000300.SH,2018-05-17,3895.4895,3899.5137,3858.8525,3864.0507,59030123.0,87104164.68,1.0
000300.SH,2018-05-18,3860.1644,3903.0637,3841.896,3903.0637,72613956.0,96823851.809,1.0
000300.SH,2018-05-21,3925.5394,3937.4607,3913.6046,3921.2421,92641737.0,120528726.019,1.0
000300.SH,2018-05-22,3918.8153,3918.8153,3881.169,3906.2081,75368778.0,102883344.897,1.0
000300.SH,2018-05-23,3898.2683,3898.2683,3854.5825,3854.5825,83722319.0,110684503.206,1.0
000300.SH,2018-05-24,3853.2916,3859.1034,3823.9235,3827.217,68345022.0,93408219.637,1.0
000300.SH,2018-05-25,3823.7448,3841.1244,3804.1349,3816.498,70836386.0,95667543.827,1.0
000300.SH,2018-05-28,3816.2649,3846.5525,3799.3207,3833.2599,71521132.0,100001639.047,1.0
000300.SH,2018-05-29,3824.1909,3841.7794,3800.6749,3804.0093,81552662.0,117288580.582,1.0
000300.SH,2018-05-30,3755.1764,3767.8872,3722.0719,3723.3724,87913285.0,115858975.81,1.0
000300.SH,2018-05-31,3749.2954,3804.7919,3742.5287,3802.3759,92666894.0,130545422.18,1.0
000300.SH,2018-06-01,3789.6716,3802.5366,3753.8395,3770.5891,77821813.0,105934865.863,1.0
000300.SH,2018-06-04,3785.1869,3813.4065,3776.6185,3807.5781,76624341.0,115146468.45,1.0
000300.SH,2018-06-05,3811.2852,3845.5648,3800.9256,3845.3164,78687360.0,121261467.224,1.0
000300.SH,2018-06-06,3839.683,3848.3295,3830.8956,3837.3511,73117237.0,107142041.766,1.0
000300.SH,2018-06-07,3846.9367,3859.8476,3827.6874,3831.0128,80256147.0,112365710.702,1.0
000300.SH,2018-06-08,3819.4477,3819.4607,3759.2717,3779.6159,83337335.0,107818798.321,1.0
000300.SH,2018-06-11,3770.208,3792.548,3756.5148,3779.9818,68709834.0,105597924.649,1.0
000300.SH,2018-06-12,3783.1858,3830.471,3765.2644,3825.9534,73206244.0,116217139.615,1.0
000300.SH,2018-06-13,3814.6174,3817.4528,3782.0728,3788.3391,66377970.0,97185498.92,1.0
000300.SH,2018-06-14,3774.6396,3808.1616,3759.2484,3773.3655,68471322.0,99234014.984,1.0
000300.SH,2018-06-15,3763.0405,3780.3368,3737.4282,3753.4338,85488893.0,109534900.847,1.0
000300.SH,2018-06-19,3702.6681,3712.8162,3583.0208,3621.1166,160706542.0,193848797.293,1.0
000300.SH,2018-06-20,3602.5512,3649.3359,3578.1743,3635.4436,86718098.0,112804812.786,1.0
000300.SH,2018-06-21,3633.5558,3673.5625,3589.4899,3592.965,93908552.0,115584149.028,1.0
000300.SH,2018-06-22,3567.8939,3609.0751,3542.4564,3608.9046,75117864.0,89687282.053,1.0
000300.SH,2018-06-25,3625.7984,3631.0253,3559.0343,3560.4777,79877078.0,106690345.317,1.0
000300.SH,2018-06-26,3521.5876,3541.782,3478.2134,3531.1112,84985269.0,108132167.346,1.0
000300.SH,2018-06-27,3525.1323,3537.6569,3441.785,3459.2621,81491817.0,107628896.582,1.0
000300.SH,2018-06-28,3434.9441,3477.0565,3416.9476,3423.5255,75918051.0,98570527.345,1.0
000300.SH,2018-06-29,3431.9619,3512.3834,3425.2159,3510.9845,77257031.0,97616367.299,1.0
000300.SH,2018-07-02,3504.4571,3506.8996,3383.5006,3407.9638,84351449.0,107601540.659,1.0
000300.SH,2018-07-03,3410.4767,3422.0398,3319.2889,3409.2801,95278693.0,129898019.347,1.0
000300.SH,2018-07-04,3398.7788,3418.3311,3359.0861,3363.7473,75157997.0,93648559.089,1.0
000300.SH,2018-07-05,3365.5547,3398.4852,3330.7113,3342.4379,81587981.0,97544619.59,1.0
000300.SH,2018-07-06,3347.0624,3396.2458,3295.7296,3365.1227,86097579.0,109481942.501,1.0
000300.SH,2018-07-09,3378.9056,3459.3153,3378.9056,3459.1837,76601545.0,100918863.679,1.0
000300.SH,2018-07-10,3464.9064,3474.1396,3437.2706,3467.5155,69548823.0,90127445.728,1.0
000300.SH,2018-07-11,3398.9265,3427.5705,3375.1441,3407.5297,72040950.0,89661507.129,1.0
000300.SH,2018-07-12,3403.3302,3499.097,3403.3302,3481.0559,96353564.0,117805514.793,1.0
000300.SH,2018-07-13,3488.4966,3499.7643,3474.9123,3492.6897,72955897.0,99800184.924,1.0
000300.SH,2018-07-16,3488.967,3506.2355,3459.7312,3472.0859,68281999.0,90754288.081,1.0
000300.SH,2018-07-17,3466.4236,3467.1852,3420.9714,3449.3773,61983076.0,85720563.654,1.0
000300.SH,2018-07-18,3456.6065,3479.2635,3430.1563,3431.3227,66530330.0,88556873.195,1.0
000300.SH,2018-07-19,3444.8032,3466.5056,3417.9627,3428.343,68477716.0,88804907.805,1.0
000300.SH,2018-07-20,3426.4558,3505.928,3398.9532,3492.8938,101984727.0,122196953.815,1.0
000300.SH,2018-07-23,3471.8555,3527.5335,3464.6475,3525.7503,119036627.0,143960930.682,1.0
000300.SH,2018-07-24,3530.6641,3596.5128,3530.6641,3581.7057,156912435.0,177448954.019,1.0
000300.SH,2018-07-25,3589.5055,3589.9841,3566.314,3577.7522,96758501.0,112176694.173,1.0
000300.SH,2018-07-26,3583.3173,3593.9227,3528.6442,3536.2456,90349641.0,105577285.189,1.0
000300.SH,2018-07-27,3533.7714,3545.4058,3512.7034,3521.2269,70178104.0,81192174.902,1.0
000300.SH,2018-07-30,3520.8538,3550.902,3489.5494,3515.0794,82116995.0,96183097.601,1.0
000300.SH,2018-07-31,3510.4744,3528.154,3493.1545,3517.6568,67980817.0,80022152.109,1.0
000300.SH,2018-08-01,3530.0298,3543.606,3446.7765,3447.3882,90348617.0,107477214.866,1.0
000300.SH,2018-08-02,3434.3516,3434.3516,3322.096,3370.9579,101308727.0,122401283.623,1.0
000300.SH,2018-08-03,3366.6637,3381.3417,3315.2008,3315.2839,70796910.0,91395987.151,1.0
000300.SH,2018-08-06,3312.8153,3344.246,3257.6856,3273.2728,77975083.0,97517991.022,1.0
000300.SH,2018-08-07,3284.9785,3368.962,3263.4986,3368.8695,91783916.0,107512223.951,1.0
000300.SH,2018-08-08,3362.1485,3368.1602,3311.7694,3314.5075,79284865.0,90958912.013,1.0
000300.SH,2018-08-09,3303.4765,3408.3911,3299.6157,3397.5298,91957572.0,108802315.182,1.0
000300.SH,2018-08-10,3398.4139,3424.0411,3380.5731,3405.0191,68967299.0,85634522.136,1.0
000300.SH,2018-08-13,3369.9812,3396.1883,3336.6956,3390.3441,76191532.0,90869290.864,1.0
000300.SH,2018-08-14,3386.4832,3391.729,3356.6142,3372.9137,60651446.0,72121992.61,1.0
000300.SH,2018-08-15,3371.959,3372.1369,3288.7088,3291.976,68174055.0,83402193.917,1.0
000300.SH,2018-08-16,3251.8556,3315.2031,3231.5561,3276.7276,76547366.0,89269175.663,1.0
000300.SH,2018-08-17,3305.8954,3311.5729,3224.0999,3229.6198,67395413.0,84452452.538,1.0
000300.SH,2018-08-20,3238.215,3267.2498,3209.0115,3267.2498,70904228.0,88963382.602,1.0
000300.SH,2018-08-21,3271.8402,3331.7077,3270.0302,3326.6489,75205583.0,97925840.442,1.0
000300.SH,2018-08-22,3328.9693,3328.9693,3299.3938,3307.9545,50787057.0,66548536.184,1.0
000300.SH,2018-08-23,3308.4589,3336.1123,3285.8141,3320.0257,61112334.0,80212785.558,1.0
000300.SH,2018-08-24,3308.4778,3353.0445,3291.8654,3325.3347,63765897.0,77197847.852,1.0
000300.SH,2018-08-27,3339.3894,3406.5735,3339.2646,3406.5735,94270082.0,114960964.551,1.0
000300.SH,2018-08-28,3408.1502,3416.5929,3388.8143,3400.1705,75445363.0,94945949.81,1.0
000300.SH,2018-08-29,3393.0527,3398.7139,3377.1231,3386.5736,67020404.0,79072300.213,1.0
000300.SH,2018-08-30,3385.8052,3402.5626,3349.4688,3351.0942,68385290.0,80226052.652,1.0
000300.SH,2018-08-31,3333.3801,3356.5757,3310.8726,3334.5036,76205630.0,96091892.858,1.0
000300.SH,2018-09-03,3320.6898,3325.607,3291.7842,3321.8248,66429855.0,81305681.453,1.0
000300.SH,2018-09-04,3324.186,3370.963,3307.9585,3363.8984,67088807.0,85892034.874,1.0
000300.SH,2018-09-05,3349.6983,3354.1991,3298.1412,3298.1412,64301888.0,80656675.217,1.0
000300.SH,2018-09-06,3286.6645,3311.4973,3253.7552,3262.8808,62300288.0,79373138.216,1.0
000300.SH,2018-09-07,3273.8906,3316.6149,3253.725,3277.6438,63947408.0,81263439.99,1.0
000300.SH,2018-09-10,3271.3818,3277.884,3227.8481,3230.0681,63817051.0,76175580.337,1.0
000300.SH,2018-09-11,3229.7052,3245.617,3209.1121,3224.2116,58491305.0,67722118.923,1.0
000300.SH,2018-09-12,3216.9911,3225.6014,3194.9785,3202.0248,54627899.0,68887020.056,1.0
000300.SH,2018-09-13,3239.6852,3249.593,3191.3975,3236.5662,67290327.0,85887962.113,1.0
000300.SH,2018-09-14,3242.8307,3254.1043,3227.9439,3242.0902,60130640.0,76481211.956,1.0
000300.SH,2018-09-17,3224.9267,3230.7878,3200.5096,3204.9224,52259547.0,60650940.908,1.0
000300.SH,2018-09-18,3193.6423,3270.107,3193.6423,3269.4319,70425035.0,83899137.593,1.0
000300.SH,2018-09-19,3261.997,3335.9913,3258.3097,3312.4823,89170666.0,109395423.838,1.0
000300.SH,2018-09-20,3314.8758,3332.3093,3303.073,3310.1258,64561057.0,76660845.175,1.0
000300.SH,2018-09-21,3320.6958,3410.4856,3307.767,3410.4856,108416005.0,123573117.858,1.0
000300.SH,2018-09-25,3375.9717,3394.3771,3367.0253,3379.8043,69054693.0,82870029.933,1.0
000300.SH,2018-09-26,3388.5576,3448.2595,3383.2352,3417.2413,93173343.0,119113319.089,1.0
000300.SH,2018-09-27,3415.9532,3423.71,3394.732,3403.5902,69765241.0,87573300.845,1.0
000300.SH,2018-09-28,3409.9598,3444.9884,3404.6973,3438.8649,84377756.0,94880274.572,1.0
000300.SH,2018-10-08,3361.5594,3364.4641,3285.253,3290.8988,97888989.0,114164218.382,1.0
000300.SH,2018-10-09,3290.1705,3309.7978,3276.1322,3288.6906,66723274.0,78372941.345,1.0
000300.SH,2018-10-10,3295.4288,3315.731,3256.5815,3281.5978,64492828.0,79166808.585,1.0
000300.SH,2018-10-11,3179.5408,3209.5202,3099.0402,3124.1139,120941342.0,125723084.486,1.0
000300.SH,2018-10-12,3123.3715,3184.122,3094.9657,3170.7262,98611151.0,104423076.623,1.0
000300.SH,2018-10-15,3173.8467,3183.1297,3120.2306,3126.4516,69605023.0,77137696.8,1.0
000300.SH,2018-10-16,3128.5764,3166.0918,3089.3668,3100.9738,68887721.0,75206470.956,1.0
000300.SH,2018-10-17,3140.6838,3149.1344,3062.554,3118.2463,76837138.0,86132695.913,1.0
000300.SH,2018-10-18,3097.7903,3097.7903,3043.3817,3044.3918,73771968.0,79703731.919,1.0
000300.SH,2018-10-19,3017.7488,3137.7475,3009.4983,3134.9455,98839688.0,110951369.122,1.0
000300.SH,2018-10-22,3159.5614,3297.3803,3159.5614,3270.2732,145862045.0,170651306.178,1.0
000300.SH,2018-10-23,3273.1271,3276.0205,3163.5704,3183.4257,121013241.0,142589176.815,1.0
000300.SH,2018-10-24,3169.4571,3245.3971,3164.293,3188.2018,110909744.0,120954387.288,1.0
000300.SH,2018-10-25,3107.8402,3197.3212,3099.8887,3194.3084,106951817.0,113291746.43,1.0
000300.SH,2018-10-26,3204.2845,3218.1021,3151.9244,3173.635,101299354.0,106070366.76,1.0
000300.SH,2018-10-29,3157.4879,3158.8114,3062.5803,3076.8889,91839789.0,108479490.211,1.0
000300.SH,2018-10-30,3061.93,3146.6276,3050.7709,3110.2605,116070101.0,131767102.719,1.0
000300.SH,2018-10-31,3116.6582,3168.9187,3106.0279,3153.8234,111207455.0,117099697.836,1.0
000300.SH,2018-11-01,3185.202,3217.8034,3173.0992,3177.0338,132653379.0,145919304.28,1.0
000300.SH,2018-11-02,3258.6093,3290.2455,3222.4354,3290.2455,153466104.0,178340643.411,1.0
000300.SH,2018-11-05,3269.4695,3279.8781,3230.3632,3262.8351,109706683.0,123630922.689,1.0
000300.SH,2018-11-06,3254.9778,3254.9778,3213.895,3243.1504,83869138.0,91703898.055,1.0
000300.SH,2018-11-07,3243.8775,3270.5003,3218.4219,3221.9101,91615528.0,101814918.975,1.0
000300.SH,2018-11-08,3251.7281,3253.5735,3207.7084,3212.7737,76414540.0,85221664.741,1.0
000300.SH,2018-11-09,3193.3039,3193.3039,3166.3106,3167.4442,84282762.0,88194192.202,1.0
000300.SH,2018-11-12,3160.2465,3206.5127,3152.4399,3205.1407,88062391.0,97363052.032,1.0
000300.SH,2018-11-13,3164.9222,3254.7684,3161.0979,3237.3823,126493464.0,125603047.265,1.0
000300.SH,2018-11-14,3233.6409,3239.2448,3200.2285,3204.9427,113808659.0,105386565.968,1.0
000300.SH,2018-11-15,3201.2814,3242.3836,3198.7814,3242.3715,98558810.0,100119192.332,1.0
000300.SH,2018-11-16,3242.879,3282.39,3223.7215,3257.6735,126876835.0,135379803.919,1.0
000300.SH,2018-11-19,3258.7919,3294.6031,3251.0665,3294.6031,115956595.0,123188777.592,1.0
000300.SH,2018-11-20,3268.0768,3278.7845,3213.6833,3218.4076,109361154.0,114155066.806,1.0
000300.SH,2018-11-21,3187.1025,3230.2578,3185.2393,3226.4918,84119726.0,87813273.908,1.0
000300.SH,2018-11-22,3232.9731,3235.4524,3199.6981,3214.4273,65098291.0,70083372.615,1.0
000300.SH,2018-11-23,3208.593,3212.1952,3139.3857,3143.4752,84638255.0,86864946.184,1.0
000300.SH,2018-11-26,3148.6721,3169.4418,3131.636,3141.2434,59379140.0,61899479.599,1.0
000300.SH,2018-11-27,3152.7743,3162.0121,3126.289,3137.2413,55407832.0,61946261.11,1.0
000300.SH,2018-11-28,3137.7477,3179.4108,3126.6179,3178.9326,74881955.0,77620553.113,1.0
000300.SH,2018-11-29,3198.8259,3204.8565,3137.6542,3137.6542,80498466.0,86927611.883,1.0
000300.SH,2018-11-30,3136.1962,3175.154,3132.423,3172.69,70921044.0,77297697.684,1.0
000300.SH,2018-12-03,3260.6862,3273.6397,3228.3611,3260.9502,121487157.0,145828416.49,1.0
000300.SH,2018-12-04,3256.2282,3267.94,3243.6951,3267.7095,79415039.0,90543600.274,1.0
000300.SH,2018-12-05,3224.2556,3266.9039,3219.9785,3252.0041,76153052.0,90909093.83,1.0
000300.SH,2018-12-06,3218.113,3223.5219,3179.8948,3181.673,76328771.0,95678883.444,1.0
000300.SH,2018-12-07,3187.4919,3193.8191,3176.7061,3181.5646,53361924.0,66323970.657,1.0
000300.SH,2018-12-10,3153.5228,3170.1523,3134.3845,3144.7631,63437273.0,73717204.733,1.0
000300.SH,2018-12-11,3148.2256,3161.9557,3143.6072,3159.8158,53223877.0,60014969.779,1.0
000300.SH,2018-12-12,3181.566,3182.2107,3160.2784,3170.6092,53309914.0,60536223.474,1.0
000300.SH,2018-12-13,3178.891,3234.0817,3169.4234,3219.6924,90442755.0,103375478.637,1.0
000300.SH,2018-12-14,3207.3481,3210.7221,3165.9109,3165.9109,84301250.0,91576900.505,1.0
000300.SH,2018-12-17,3158.2844,3167.5125,3134.3653,3161.1966,66497007.0,77151490.858,1.0
000300.SH,2018-12-18,3139.9493,3165.0018,3114.4684,3128.4265,63820319.0,72035451.4,1.0
000300.SH,2018-12-19,3133.7416,3137.0099,3086.7579,3091.1255,55522299.0,67872922.423,1.0
000300.SH,2018-12-20,3083.5441,3097.7202,3044.2929,3067.4169,69749463.0,78181426.504,1.0
000300.SH,2018-12-21,3055.3258,3057.4007,3007.6096,3029.3951,76758101.0,84824064.753,1.0
000300.SH,2018-12-24,3015.4974,3040.3524,3007.3292,3038.1981,57299615.0,63880740.605,1.0
000300.SH,2018-12-25,3006.8787,3030.1418,2964.875,3017.2815,78689425.0,80413567.307,1.0
000300.SH,2018-12-26,3012.869,3029.0608,2996.4829,3002.0327,55647032.0,58574968.998,1.0
000300.SH,2018-12-27,3042.9491,3047.2348,2990.5057,2990.5057,80541785.0,81159269.974,1.0
000300.SH,2018-12-28,2994.795,3024.3525,2984.8177,3010.6536,71053779.0,78145310.042,1.0
000300.SH,2019-01-02,3017.0674,3018.7759,2958.4883,2969.5353,68663021.0,76105571.278,1.0
000300.SH,2019-01-03,2963.0186,3000.4413,2953.2548,2964.8421,70867103.0,76664797.393,1.0
000300.SH,2019-01-04,2940.1916,3036.8147,2935.8295,3035.8741,103318972.0,107141037.088,1.0
000300.SH,2019-01-07,3055.1535,3061.749,3035.9123,3054.303,101164359.0,105703940.791,1.0
000300.SH,2019-01-08,3049.8747,3055.51,3038.5339,3047.7035,86170585.0,79628882.664,1.0
000300.SH,2019-01-09,3065.2307,3117.9614,3062.8474,3078.4759,107364350.0,117129678.906,1.0
000300.SH,2019-01-10,3077.4817,3092.5411,3062.5721,3072.6864,85271756.0,90206871.737,1.0
000300.SH,2019-01-11,3082.2615,3102.8333,3071.0264,3094.7782,71786424.0,77420239.579,1.0
000300.SH,2019-01-14,3092.4984,3097.4064,3064.3827,3067.7845,66121702.0,68115969.095,1.0
000300.SH,2019-01-15,3071.5185,3129.3708,3064.6705,3127.9904,88772962.0,99976891.144,1.0
000300.SH,2019-01-16,3126.1347,3135.0117,3117.2926,3128.6517,80214341.0,85781591.791,1.0
000300.SH,2019-01-17,3132.6285,3141.7099,3110.0608,3111.4168,80174871.0,82888206.986,1.0
000300.SH,2019-01-18,3124.5025,3171.6864,3120.3458,3168.1739,103963834.0,106780658.491,1.0
000300.SH,2019-01-21,3170.8773,3199.2134,3170.8773,3185.6364,93915022.0,105536986.58,1.0
000300.SH,2019-01-22,3181.9494,3181.9494,3135.3378,3143.3171,72990528.0,78150876.313,1.0
000300.SH,2019-01-23,3136.096,3157.6269,3131.8673,3141.0532,59870478.0,62669652.004,1.0
000300.SH,2019-01-24,3146.6046,3165.6296,3125.3008,3158.7817,72934636.0,80963877.219,1.0
000300.SH,2019-01-25,3165.1814,3203.1747,3164.4082,3184.4696,83967729.0,93207954.748,1.0
000300.SH,2019-01-28,3203.1189,3228.8678,3174.7243,3183.7777,82622431.0,97371496.147,1.0
000300.SH,2019-01-29,3177.261,3200.9898,3148.2345,3193.9698,77658334.0,85943908.59,1.0
000300.SH,2019-01-30,3181.6551,3202.896,3167.8934,3168.4829,63746517.0,73005123.447,1.0
000300.SH,2019-01-31,3182.6987,3216.0673,3178.0105,3201.6331,86247839.0,97509924.771,1.0
000300.SH,2019-02-01,3225.7335,3247.4956,3207.7168,3247.3971,82019641.0,94766412.763,1.0
000300.SH,2019-02-11,3239.8079,3307.0638,3239.8079,3306.4725,98818434.0,114752354.821,1.0
000300.SH,2019-02-12,3306.3523,3335.3606,3298.6337,3330.3353,122232462.0,122834101.007,1.0
000300.SH,2019-02-13,3337.7794,3405.5773,3329.1436,3397.0276,163828332.0,168866262.062,1.0
000300.SH,2019-02-14,3392.8547,3415.3994,3381.9821,3402.1403,151127290.0,138649287.971,1.0
000300.SH,2019-02-15,3391.242,3395.0294,3335.8705,3338.7047,143668603.0,141555060.948,1.0
000300.SH,2019-02-18,3366.423,3445.7448,3366.423,3445.7448,182886089.0,180449742.544,1.0
000300.SH,2019-02-19,3454.7216,3480.7938,3419.0731,3439.6078,179083785.0,185762746.553,1.0
000300.SH,2019-02-20,3449.9321,3463.7735,3421.505,3451.9273,147390311.0,145570263.07,1.0
000300.SH,2019-02-21,3450.1411,3500.2519,3431.631,3442.7056,180143287.0,185197154.785,1.0
000300.SH,2019-02-22,3439.3781,3520.1182,3417.9784,3520.1182,187237974.0,202869288.708,1.0
000300.SH,2019-02-25,3575.8528,3729.4831,3574.6885,3729.4831,342557122.0,376382393.433,1.0
000300.SH,2019-02-26,3734.7059,3762.1128,3679.2705,3684.6935,358038698.0,387632860.075,1.0
000300.SH,2019-02-27,3682.8116,3737.6317,3638.3334,3678.3921,286236007.0,307306148.139,1.0
000300.SH,2019-02-28,3675.2642,3695.4646,3650.0537,3669.3703,184810220.0,206010958.185,1.0
000300.SH,2019-03-01,3699.2157,3749.7143,3668.7653,3749.7143,204711004.0,235620623.488,1.0
000300.SH,2019-03-04,3783.0367,3886.5797,3764.7764,3794.104,323490126.0,376397284.706,1.0
000300.SH,2019-03-05,3785.3762,3816.1621,3770.7858,3816.0132,230853166.0,261464122.212,1.0
000300.SH,2019-03-06,3822.8588,3855.1556,3787.5225,3848.0903,318077371.0,331155616.598,1.0
000300.SH,2019-03-07,3841.1456,3845.182,3778.8004,3808.8497,329846548.0,359339152.916,1.0
000300.SH,2019-03-08,3721.4016,3774.5431,3656.1917,3657.579,317990077.0,349296691.227,1.0
000300.SH,2019-03-11,3663.9772,3731.9091,3650.8125,3729.9546,230912865.0,268718458.805,1.0
000300.SH,2019-03-12,3758.3151,3804.72,3723.6785,3755.3519,274926382.0,325180619.759,1.0
000300.SH,2019-03-13,3758.713,3763.0926,3708.8145,3724.1941,233682248.0,286171048.16,1.0
000300.SH,2019-03-14,3710.2934,3747.819,3673.8509,3698.4858,190817237.0,231820149.39,1.0
000300.SH,2019-03-15,3713.936,3782.2364,3713.936,3745.005,175174544.0,224194362.925,1.0
000300.SH,2019-03-18,3753.6436,3851.7479,3733.6781,3851.7479,216928060.0,276473448.87,1.0
000300.SH,2019-03-19,3856.5885,3868.335,3815.2187,3833.9626,181727110.0,224096889.634,1.0
000300.SH,2019-03-20,3825.3356,3855.1465,3790.5119,3835.4397,175632090.0,215406993.602,1.0
000300.SH,2019-03-21,3840.2783,3864.0696,3823.4661,3836.8913,196310310.0,231993445.602,1.0
000300.SH,2019-03-22,3838.1255,3845.5808,3786.5917,3833.8013,171356993.0,198518386.319,1.0
000300.SH,2019-03-25,3776.4426,3807.1793,3741.6062,3742.8252,198586329.0,223396564.361,1.0
000300.SH,2019-03-26,3766.5287,3770.843,3687.5472,3700.4388,173046579.0,196547811.179,1.0
000300.SH,2019-03-27,3724.4058,3750.2642,3703.4508,3743.3878,138758454.0,177507528.442,1.0
000300.SH,2019-03-28,3731.0612,3755.716,3710.0814,3728.3953,133272129.0,172604392.908,1.0
000300.SH,2019-03-29,3739.7739,3876.379,3739.7739,3872.3412,215639103.0,283022298.648,1.0
000300.SH,2019-04-01,3901.1698,3982.9091,3901.1698,3973.928,271382704.0,340799403.573,1.0
000300.SH,2019-04-02,3986.3443,3988.0975,3956.5059,3971.2852,226000341.0,281892057.021,1.0
000300.SH,2019-04-03,3947.8697,4026.4972,3939.7837,4022.1566,231917368.0,284826495.445,1.0
000300.SH,2019-04-04,4039.7415,4072.1138,4021.7055,4062.2309,260410939.0,313539431.378,1.0
000300.SH,2019-04-08,4097.1027,4122.6034,4017.4887,4057.2286,267505576.0,324670452.523,1.0
000300.SH,2019-04-09,4063.8139,4084.243,4038.2825,4075.4301,182956808.0,243187913.128,1.0
000300.SH,2019-04-10,4062.4425,4115.378,4035.4741,4085.847,194687613.0,278282025.052,1.0
000300.SH,2019-04-11,4083.4618,4097.1249,3990.239,3997.5778,169049641.0,236259156.719,1.0
000300.SH,2019-04-12,3986.7822,4006.9335,3961.464,3988.6168,135862118.0,178795939.062,1.0
000300.SH,2019-04-15,4056.4919,4085.3882,3974.2264,3975.5244,182645571.0,236298721.391,1.0
000300.SH,2019-04-16,3958.0963,4085.7891,3943.4879,4085.7891,202041966.0,250569206.656,1.0
000300.SH,2019-04-17,4080.7172,4106.6158,4057.5032,4087.2398,180367117.0,228824429.887,1.0
000300.SH,2019-04-18,4085.1148,4094.0533,4056.2356,4072.0753,146562123.0,187812687.767,1.0
000300.SH,2019-04-19,4076.2953,4120.6356,4046.2042,4120.6078,150794910.0,194701690.763,1.0
000300.SH,2019-04-22,4125.9717,4126.0907,4015.4748,4025.6109,189353745.0,244380549.239,1.0
000300.SH,2019-04-23,4021.6277,4061.0858,4005.2832,4019.0053,155611650.0,204121505.816,1.0
000300.SH,2019-04-24,4033.6292,4044.3375,3967.8058,4030.0887,145498695.0,186497961.652,1.0
000300.SH,2019-04-25,4013.6027,4022.5631,3938.3251,3941.816,159722071.0,197530997.752,1.0
000300.SH,2019-04-26,3921.8909,3943.8331,3887.2525,3889.2748,142008068.0,186572137.127,1.0
000300.SH,2019-04-29,3896.5824,3953.2288,3875.452,3900.3339,153870927.0,203946553.152,1.0
000300.SH,2019-04-30,3887.1799,3923.1082,3885.147,3913.211,116233376.0,161665923.924,1.0
000300.SH,2019-05-06,3775.0765,3791.6119,3647.1405,3684.6168,197472882.0,254115400.089,1.0
000300.SH,2019-05-07,3702.2656,3738.1767,3671.8341,3720.6684,132847654.0,183659159.181,1.0
000300.SH,2019-05-08,3648.5489,3722.9325,3642.4981,3667.4574,112867355.0,145058486.354,1.0
000300.SH,2019-05-09,3637.346,3656.8966,3584.8227,3599.7001,101037394.0,141829095.76,1.0
000300.SH,2019-05-10,3643.0557,3732.9238,3589.2906,3730.4513,148003847.0,195067170.793,1.0
000300.SH,2019-05-13,3675.7597,3702.9012,3658.0004,3668.7255,103391860.0,135053926.707,1.0
000300.SH,2019-05-14,3630.4388,3683.2619,3630.4388,3645.1503,102313460.0,135262868.908,1.0
000300.SH,2019-05-15,3674.9931,3741.0406,3674.9931,3727.0923,110161769.0,152534546.781,1.0
000300.SH,2019-05-16,3720.039,3745.1405,3707.9032,3743.9635,116258274.0,139851940.057,1.0
000300.SH,2019-05-17,3744.8751,3745.3555,3637.5826,3648.7609,128453245.0,154092349.652,1.0
000300.SH,2019-05-20,3635.7357,3644.5,3583.8324,3617.7924,108963477.0,134194262.584,1.0
000300.SH,2019-05-21,3619.4369,3690.0884,3610.6817,3666.7762,111022920.0,133071381.089,1.0
000300.SH,2019-05-22,3663.1533,3679.2727,3634.7479,3649.3796,98346128.0,121775244.163,1.0
000300.SH,2019-05-23,3629.5284,3631.4743,3578.1129,3583.9646,99897781.0,125611969.477,1.0
000300.SH,2019-05-24,3584.9016,3623.3904,3580.7853,3593.9139,80934048.0,101337496.38,1.0
000300.SH,2019-05-27,3592.6027,3648.0267,3556.2567,3637.1971,108830871.0,133399053.908,1.0
000300.SH,2019-05-28,3633.0182,3683.2306,3627.7878,3672.2605,117886240.0,148966334.657,1.0
000300.SH,2019-05-29,3642.5415,3693.2273,3637.3481,3663.909,93355441.0,120002034.237,1.0
000300.SH,2019-05-30,3648.8495,3650.9718,3612.6248,3641.1833,94202561.0,112864079.305,1.0
000300.SH,2019-05-31,3640.9963,3668.1796,3627.5448,3629.7893,89222267.0,108264201.339,1.0
000300.SH,2019-06-03,3640.6126,3672.8136,3613.1274,3632.0127,100723180.0,123902446.407,1.0
000300.SH,2019-06-04,3632.5602,3636.128,3584.4612,3598.4666,87097094.0,109467236.536,1.0
000300.SH,2019-06-05,3627.7947,3634.4536,3593.9515,3597.105,88642020.0,114634228.239,1.0
000300.SH,2019-06-06,3601.0356,3601.0356,3557.0167,3564.6778,85534403.0,104367267.724,1.0
000300.SH,2019-06-10,3578.0084,3623.7301,3568.2787,3610.7435,92375061.0,117346608.913,1.0
000300.SH,2019-06-11,3617.5239,3723.1419,3617.5239,3719.2759,143482806.0,180899072.311,1.0
000300.SH,2019-06-12,3706.8635,3711.8793,3683.9394,3691.0957,119178853.0,132296097.905,1.0
000300.SH,2019-06-13,3689.5834,3697.5917,3654.2742,3685.3933,96331718.0,110459901.918,1.0
000300.SH,2019-06-14,3690.4763,3709.6521,3650.9096,3654.8799,101817004.0,116584260.575,1.0
000300.SH,2019-06-17,3654.4433,3683.7743,3645.4982,3654.8248,72976678.0,93092581.298,1.0
000300.SH,2019-06-18,3661.1299,3675.6452,3638.78,3667.6185,70692266.0,89472839.848,1.0
000300.SH,2019-06-19,3761.3381,3771.347,3715.1331,3715.9381,125595715.0,172574177.792,1.0
000300.SH,2019-06-20,3718.9416,3845.7912,3717.1857,3828.5183,168872073.0,227726981.966,1.0
000300.SH,2019-06-21,3832.7321,3856.0856,3817.3068,3833.9383,153635155.0,199961617.616,1.0
000300.SH,2019-06-24,3836.3051,3853.5452,3819.7692,3841.2659,100084621.0,143644731.704,1.0
000300.SH,2019-06-25,3837.4259,3838.0578,3755.0099,3801.3098,124075912.0,169358793.347,1.0
000300.SH,2019-06-26,3779.5125,3809.758,3771.7164,3794.331,81820283.0,112106859.022,1.0
000300.SH,2019-06-27,3807.5376,3854.0801,3805.8328,3834.8172,105316358.0,156483418.19,1.0
000300.SH,2019-06-28,3832.0599,3835.2326,3803.0546,3825.5873,84766139.0,116512050.674,1.0
000300.SH,2019-07-01,3899.3313,3936.668,3886.909,3935.8116,158370340.0,217470251.111,1.0
000300.SH,2019-07-02,3931.0486,3942.4257,3918.9378,3937.1691,131863496.0,173997045.123,1.0
000300.SH,2019-07-03,3927.4365,3927.4365,3878.8405,3893.5341,111992603.0,163145730.935,1.0
000300.SH,2019-07-04,3895.1978,3906.8894,3854.693,3873.1019,99342256.0,142669255.177,1.0
000300.SH,2019-07-05,3875.3736,3900.3095,3857.928,3893.2025,74006527.0,116236522.103,1.0
000300.SH,2019-07-08,3875.7547,3875.7547,3775.0259,3802.7897,109539086.0,147198419.38,1.0
000300.SH,2019-07-09,3798.0954,3811.0993,3774.7641,3793.1297,74842732.0,113147602.951,1.0
000300.SH,2019-07-10,3807.9497,3810.396,3774.2304,3786.739,72833948.0,101355477.03,1.0
000300.SH,2019-07-11,3806.1855,3830.7387,3774.4137,3785.221,75311965.0,113674616.215,1.0
000300.SH,2019-07-12,3783.0733,3820.2354,3774.5224,3808.7311,75465967.0,107007923.971,1.0
000300.SH,2019-07-15,3792.6409,3844.8683,3745.8549,3824.1878,101205222.0,142493046.61,1.0
000300.SH,2019-07-16,3819.2474,3828.3256,3799.8665,3806.8449,80730952.0,108449682.784,1.0
000300.SH,2019-07-17,3800.1064,3820.2713,3787.8973,3804.6384,95183885.0,116766781.138,1.0
000300.SH,2019-07-18,3793.1893,3793.3916,3767.9958,3768.4019,87496445.0,111669365.488,1.0
000300.SH,2019-07-19,3787.5079,3828.1514,3787.5079,3807.9551,88086149.0,117797528.166,1.0
000300.SH,2019-07-22,3813.5022,3816.5387,3765.4428,3781.6832,92101377.0,117810448.146,1.0
000300.SH,2019-07-23,3783.5411,3792.9647,3768.7614,3789.9135,71313346.0,103866608.769,1.0
000300.SH,2019-07-24,3803.5867,3840.0579,3803.5738,3819.8325,90940684.0,129940587.223,1.0
000300.SH,2019-07-25,3821.3898,3851.0665,3812.9532,3851.0665,93740417.0,125899502.555,1.0
000300.SH,2019-07-26,3835.2281,3863.5878,3832.5223,3858.5688,83259300.0,110929728.704,1.0
000300.SH,2019-07-29,3857.9394,3862.7467,3842.426,3854.2704,84814370.0,111679108.84,1.0
000300.SH,2019-07-30,3861.5698,3890.7298,3861.5698,3870.3176,94123955.0,120480280.02,1.0
000300.SH,2019-07-31,3856.745,3856.745,3830.0914,3835.3589,82151155.0,111083892.777,1.0
000300.SH,2019-08-01,3819.3242,3831.2641,3791.546,3803.4694,84114180.0,117649163.85,1.0
000300.SH,2019-08-02,3729.1309,3754.5326,3720.0584,3747.4379,108335897.0,141874787.569,1.0
000300.SH,2019-08-05,3724.4097,3739.5031,3675.6884,3675.6884,101325981.0,133061101.376,1.0
000300.SH,2019-08-06,3609.1118,3649.8953,3575.8626,3636.3289,129833871.0,167267479.639,1.0
000300.SH,2019-08-07,3654.6323,3659.0778,3621.431,3621.431,84238716.0,108667668.03,1.0
000300.SH,2019-08-08,3651.3571,3675.4603,3646.9386,3669.2936,88457707.0,114981616.121,1.0
000300.SH,2019-08-09,3686.7493,3689.1774,3628.1163,3633.5296,85295580.0,116355689.959,1.0
000300.SH,2019-08-12,3647.8661,3699.1047,3643.3161,3699.1047,82083056.0,121129345.184,1.0
000300.SH,2019-08-13,3675.5868,3686.4302,3658.0126,3665.7515,76500302.0,103764319.441,1.0
000300.SH,2019-08-14,3712.0657,3717.5579,3680.6086,3682.4015,91202590.0,128301671.073,1.0
000300.SH,2019-08-15,3618.0092,3694.2985,3612.1108,3694.0006,88598832.0,119241082.583,1.0
000300.SH,2019-08-16,3697.9407,3738.0964,3687.0751,3710.5386,88319169.0,132696910.341,1.0
000300.SH,2019-08-19,3736.0344,3791.0946,3720.6894,3791.0946,139327013.0,195448939.476,1.0
000300.SH,2019-08-20,3786.026,3799.8977,3778.7306,3787.7324,108602088.0,149115340.695,1.0
000300.SH,2019-08-21,3778.3091,3792.5955,3775.4474,3781.7579,82299880.0,121688505.095,1.0
000300.SH,2019-08-22,3793.8552,3797.329,3771.2048,3793.5061,85807792.0,120708136.081,1.0
000300.SH,2019-08-23,3796.8821,3829.3607,3788.0345,3820.8638,87954583.0,137802154.001,1.0
000300.SH,2019-08-26,3756.3618,3778.8665,3753.1646,3765.9105,93859269.0,142350985.497,1.0
000300.SH,2019-08-27,3791.4587,3848.2358,3790.873,3816.9459,124731478.0,181748784.079,1.0
000300.SH,2019-08-28,3818.8125,3822.5883,3790.1384,3802.5844,88750812.0,137667277.244,1.0
000300.SH,2019-08-29,3805.494,3808.5954,3774.3968,3790.1867,84083387.0,126475676.638,1.0
000300.SH,2019-08-30,3816.678,3828.9698,3778.9189,3799.5863,96695150.0,152408668.676,1.0
000300.SH,2019-09-02,3803.689,3855.7768,3799.8166,3848.3198,110289349.0,164994458.613,1.0
000300.SH,2019-09-03,3852.5794,3856.6813,3833.7571,3853.6106,97714631.0,146270633.849,1.0
000300.SH,2019-09-04,3848.6483,3886.0012,3846.4215,3886.0012,126628615.0,176839744.819,1.0
000300.SH,2019-09-05,3909.2087,3970.0038,3909.2087,3925.323,181656231.0,244681225.481,1.0
000300.SH,2019-09-06,3946.6854,3948.5397,3922.3361,3948.5075,121882376.0,181718270.031,1.0
000300.SH,2019-09-09,3980.9577,3985.239,3954.8755,3972.9484,146809754.0,209545387.191,1.0
000300.SH,2019-09-10,3976.8697,3976.9225,3938.7441,3959.265,130889386.0,184494349.874,1.0
000300.SH,2019-09-11,3969.6757,3971.2237,3922.9531,3930.0999,131594875.0,190165007.512,1.0
000300.SH,2019-09-12,3944.6917,3975.9311,3933.4366,3972.3799,110241273.0,156750653.138,1.0
000300.SH,2019-09-16,3981.3616,3982.204,3943.3734,3957.7154,110259805.0,154736552.348,1.0
000300.SH,2019-09-17,3947.1577,3947.1577,3879.4852,3891.2208,113694317.0,154899299.888,1.0
000300.SH,2019-09-18,3902.9947,3923.1462,3902.5109,3910.0837,82056152.0,130159557.672,1.0
000300.SH,2019-09-19,3923.9631,3924.3823,3897.0666,3924.3823,85984238.0,127421791.159,1.0
000300.SH,2019-09-20,3933.4594,3942.224,3921.4124,3935.6511,103455955.0,153162588.495,1.0
000300.SH,2019-09-23,3925.1858,3925.1858,3868.214,3890.6616,94036225.0,139223506.453,1.0
000300.SH,2019-09-24,3895.8661,3927.0115,3886.1404,3901.0758,87783230.0,142341399.679,1.0
000300.SH,2019-09-25,3887.5548,3889.839,3867.2277,3870.9837,89520835.0,133224463.638,1.0
000300.SH,2019-09-26,3884.7022,3890.7452,3840.2472,3841.1388,102698301.0,150806750.013,1.0
000300.SH,2019-09-27,3843.4584,3859.5003,3832.2466,3852.6534,74003947.0,109130484.004,1.0
000300.SH,2019-09-30,3842.0741,3857.2319,3813.5491,3814.5282,65931313.0,100487271.138,1.0
000300.SH,2019-10-08,3818.5894,3861.6429,3818.5894,3837.6791,76657860.0,118365682.515,1.0
000300.SH,2019-10-09,3822.6068,3845.3403,3805.0671,3843.2392,75854512.0,112406207.028,1.0
000300.SH,2019-10-10,3838.4865,3877.142,3829.4328,3874.6391,79222694.0,127474042.853,1.0
000300.SH,2019-10-11,3885.5198,3922.3694,3868.8417,3911.7253,93412577.0,139817298.256,1.0
000300.SH,2019-10-14,3944.8593,3983.8117,3934.7325,3953.2411,122393611.0,167857131.154,1.0
000300.SH,2019-10-15,3953.1645,3953.1645,3928.151,3936.2498,85273949.0,125117107.011,1.0
000300.SH,2019-10-16,3939.276,3964.0456,3919.0169,3922.6854,83229707.0,128558533.503,1.0
000300.SH,2019-10-17,3929.386,3935.8123,3913.9173,3925.2216,64863745.0,99991850.409,1.0
000300.SH,2019-10-18,3935.4199,3940.5409,3864.9652,3869.3777,82321140.0,122186927.13,1.0
000300.SH,2019-10-21,3865.3436,3884.7447,3856.0374,3880.8398,74182918.0,110858235.839,1.0
000300.SH,2019-10-22,3896.3149,3897.4352,3870.5486,3895.8809,68918566.0,102843371.161,1.0
000300.SH,2019-10-23,3892.6766,3901.4243,3862.1965,3871.0848,70198625.0,99733598.353,1.0
000300.SH,2019-10-24,3877.9239,3890.1955,3852.5828,3870.6678,71334575.0,105096951.647,1.0
000300.SH,2019-10-25,3871.7687,3899.7223,3849.0337,3896.7923,77453620.0,126677483.957,1.0
000300.SH,2019-10-28,3904.9824,3927.7959,3897.8175,3926.585,97406020.0,150762201.737,1.0
000300.SH,2019-10-29,3929.7077,3932.3745,3910.226,3910.226,82257075.0,139611420.266,1.0
000300.SH,2019-10-30,3904.7172,3908.0999,3883.4468,3891.2255,77872923.0,122610501.731,1.0
000300.SH,2019-10-31,3906.8593,3907.1505,3878.8757,3886.7519,86714539.0,135012425.539,1.0
000300.SH,2019-11-01,3883.8084,3956.0797,3876.4164,3952.3872,100689612.0,151471061.323,1.0
000300.SH,2019-11-04,3964.0052,3985.3573,3964.0052,3978.1216,104193855.0,154485361.812,1.0
000300.SH,2019-11-05,3982.1155,4030.6381,3970.8664,4002.8128,112911880.0,163317856.089,1.0
000300.SH,2019-11-06,4006.327,4007.5012,3973.7762,3984.8816,97312952.0,139859763.47,1.0
000300.SH,2019-11-07,3984.5529,4005.3829,3975.5475,3991.8749,87254898.0,117751554.347,1.0
000300.SH,2019-11-08,4017.6742,4022.0362,3971.5726,3973.0107,97106948.0,139026673.427,1.0
000300.SH,2019-11-11,3948.6186,3948.6186,3897.5504,3902.9783,94155621.0,130330082.289,1.0
000300.SH,2019-11-12,3905.9584,3914.8821,3877.7397,3903.6888,76543069.0,108828235.839,1.0
000300.SH,2019-11-13,3905.2831,3908.4196,3882.4314,3899.9815,76749078.0,112057146.508,1.0
000300.SH,2019-11-14,3905.9284,3916.9459,3895.1415,3905.857,87008446.0,119791566.839,1.0
000300.SH,2019-11-15,3908.4891,3915.1049,3877.0892,3877.0892,83730917.0,115423020.917,1.0
000300.SH,2019-11-18,3874.4405,3913.1029,3868.3166,3907.9291,76645993.0,107085819.889,1.0
000300.SH,2019-11-19,3904.0996,3947.0392,3902.3776,3947.0392,82161025.0,123227172.612,1.0
000300.SH,2019-11-20,3940.1344,3943.2273,3901.9865,3907.8641,76815333.0,118003062.733,1.0
000300.SH,2019-11-21,3894.539,3901.8262,3875.9682,3889.598,69130538.0,104147769.298,1.0
000300.SH,2019-11-22,3894.1742,3918.8385,3833.5033,3849.9948,91042639.0,146981162.09,1.0
000300.SH,2019-11-25,3850.966,3878.2507,3839.4201,3878.2061,106066289.0,140851076.272,1.0
000300.SH,2019-11-26,3893.4349,3899.1097,3869.5948,3891.6533,111513537.0,140213633.065,1.0
000300.SH,2019-11-27,3883.429,3889.9783,3862.7011,3875.6186,76437305.0,107238822.033,1.0
000300.SH,2019-11-28,3877.9012,3887.6903,3852.0105,3862.3029,65230119.0,87081788.912,1.0
000300.SH,2019-11-29,3857.1883,3861.6584,3804.8291,3828.6706,74144331.0,116200556.869,1.0
000300.SH,2019-12-02,3835.5128,3854.7509,3829.3126,3836.0589,77412173.0,109992592.541,1.0
000300.SH,2019-12-03,3829.212,3851.1205,3811.6281,3851.0873,73611240.0,108703714.965,1.0
000300.SH,2019-12-04,3841.6627,3852.9922,3831.0747,3849.819,79683385.0,109646342.796,1.0
000300.SH,2019-12-05,3863.6086,3883.4031,3859.8223,3879.3638,89051193.0,129357592.812,1.0
000300.SH,2019-12-06,3885.0582,3902.3853,3878.7002,3902.3853,78648887.0,116424775.802,1.0
000300.SH,2019-12-09,3909.5297,3911.9682,3885.2507,3895.4468,95353806.0,130873098.246,1.0
000300.SH,2019-12-10,3886.444,3900.959,3882.0877,3900.3843,86262928.0,121118412.751,1.0
000300.SH,2019-12-11,3907.1592,3909.3854,3890.341,3902.7492,99765480.0,127690403.434,1.0
000300.SH,2019-12-12,3908.4537,3908.4537,3886.1188,3891.0242,84708330.0,117874313.734,1.0
000300.SH,2019-12-13,3928.0044,3969.4568,3925.2757,3968.2211,148571349.0,201018885.799,1.0
000300.SH,2019-12-16,3970.7092,3987.5866,3953.5126,3987.5464,148486670.0,202154895.254,1.0
000300.SH,2019-12-17,3987.7426,4067.1355,3984.5193,4041.7996,201162937.0,251637865.288,1.0
000300.SH,2019-12-18,4039.724,4057.64,4025.3433,4032.7826,151351764.0,197620207.485,1.0
000300.SH,2019-12-19,4034.6159,4038.5435,4014.8951,4027.1495,117900558.0,152553809.117,1.0
000300.SH,2019-12-20,4032.1519,4046.7261,4014.9296,4017.2527,121267662.0,158460232.417,1.0
000300.SH,2019-12-23,4014.6929,4032.1721,3964.3798,3967.0962,122816246.0,162048261.474,1.0
000300.SH,2019-12-24,3971.56,3994.5092,3963.6653,3992.9581,95989045.0,122499163.329,1.0
000300.SH,2019-12-25,3988.6574,4000.5556,3976.3559,3990.8671,94938890.0,131896466.969,1.0
000300.SH,2019-12-26,3993.6686,4025.9879,3993.5413,4025.9879,108860640.0,140814968.243,1.0
000300.SH,2019-12-27,4029.2454,4066.7964,4019.7223,4022.0278,150926411.0,195090417.042,1.0
000300.SH,2019-12-30,4015.5195,4083.6901,4001.4951,4081.6334,155971488.0,216814660.017,1.0
000300.SH,2019-12-31,4077.7519,4098.1444,4069.0086,4096.5821,123264258.0,173119348.51,1.0
000300.SH,2020-01-02,4121.3487,4172.6555,4121.3487,4152.2408,182116772.0,270105532.028,1.0
000300.SH,2020-01-03,4161.2185,4164.2989,4131.864,4144.9649,142826244.0,215216288.331,1.0
000300.SH,2020-01-06,4120.5211,4170.6384,4102.3796,4129.2954,175309953.0,250182071.294,1.0
000300.SH,2020-01-07,4137.4019,4161.2504,4135.0972,4160.2274,139489031.0,196389059.715,1.0
000300.SH,2020-01-08,4139.6315,4149.813,4101.9801,4112.3172,167585850.0,212406263.857,1.0
000300.SH,2020-01-09,4145.5345,4165.6574,4143.592,4164.3697,136886324.0,200150352.942,1.0
000300.SH,2020-01-10,4177.5777,4180.9771,4148.4817,4163.1849,113031719.0,177827413.709,1.0
000300.SH,2020-01-13,4166.9254,4203.9883,4148.6007,4203.9883,119691982.0,199795489.709,1.0
000300.SH,2020-01-14,4215.1578,4223.5078,4188.0809,4189.8862,129320783.0,196221263.396,1.0
000300.SH,2020-01-15,4186.881,4193.8686,4150.8799,4166.7344,104633136.0,163081930.622,1.0
000300.SH,2020-01-16,4174.8172,4175.2938,4142.1795,4149.0434,100267642.0,156242505.812,1.0
000300.SH,2020-01-17,4162.1939,4177.0282,4141.6448,4154.853,98725682.0,166591591.594,1.0
000300.SH,2020-01-20,4170.7365,4185.9629,4149.4879,4185.8304,122409147.0,202692287.442,1.0
000300.SH,2020-01-21,4165.0203,4165.0203,4113.3251,4114.3085,130527507.0,204586880.494,1.0
000300.SH,2020-01-22,4093.8009,4141.1772,4046.4866,4131.9311,126758763.0,208136150.792,1.0
000300.SH,2020-01-23,4093.3229,4103.5244,3972.3933,4003.9013,160357603.0,250409357.701,1.0
000300.SH,2020-02-03,3639.9089,3732.1572,3639.9089,3688.3578,157559647.0,243303105.386,1.0
000300.SH,2020-02-04,3652.0035,3786.8629,3652.0035,3785.6376,213933328.0,298165767.621,1.0
000300.SH,2020-02-05,3801.099,3866.0108,3781.613,3828.5272,174925524.0,264042920.866,1.0
000300.SH,2020-02-06,3841.7537,3914.915,3806.9601,3899.7751,176462235.0,262820088.452,1.0
000300.SH,2020-02-07,3879.5531,3899.8837,3849.7127,3899.8693,151731759.0,237508816.256,1.0
000300.SH,2020-02-10,3872.3738,3920.1667,3861.0066,3916.0052,148406969.0,229625441.896,1.0
000300.SH,2020-02-11,3926.4204,3970.5221,3915.7077,3952.4643,143441674.0,219307119.361,1.0
000300.SH,2020-02-12,3945.6663,3984.4325,3940.6667,3984.4325,126710321.0,200776706.55,1.0
000300.SH,2020-02-13,3985.8757,3999.5495,3950.1422,3959.9188,145001843.0,228605964.793,1.0
000300.SH,2020-02-14,3954.234,4001.5627,3954.0233,3987.7342,143239803.0,222895073.625,1.0
000300.SH,2020-02-17,3999.6511,4077.4464,3999.6511,4077.4241,182778969.0,273067817.278,1.0
000300.SH,2020-02-18,4069.8315,4076.388,4027.7859,4057.5108,163236220.0,242552517.334,1.0
000300.SH,2020-02-19,4049.5862,4085.1704,4042.8451,4051.3107,169046441.0,257554535.73,1.0
000300.SH,2020-02-20,4062.8968,4148.5287,4055.8105,4144.6561,212232624.0,310835589.162,1.0
000300.SH,2020-02-21,4134.8747,4184.4379,4130.1677,4149.4903,217213604.0,326564003.559,1.0
000300.SH,2020-02-24,4131.8364,4149.0102,4097.1753,4132.8388,212869303.0,326387800.606,1.0
000300.SH,2020-02-25,4066.302,4126.7075,4020.9075,4123.8543,244167831.0,372213717.03,1.0
000300.SH,2020-02-26,4070.0994,4132.7817,4061.125,4073.0152,261094061.0,366022417.907,1.0
000300.SH,2020-02-27,4084.0782,4110.5275,4067.4408,4084.8759,181290981.0,282050206.371,1.0
000300.SH,2020-02-28,3988.7274,4031.1453,3928.0663,3940.0488,230275093.0,330358907.266,1.0
000300.SH,2020-03-02,3968.8435,4092.5394,3968.8435,4069.6662,219313559.0,317426205.457,1.0
000300.SH,2020-03-03,4125.1356,4147.6525,4067.9094,4091.3615,219369777.0,330802584.619,1.0
000300.SH,2020-03-04,4078.4998,4115.2618,4060.729,4115.0524,182424730.0,281784863.845,1.0
000300.SH,2020-03-05,4150.21,4215.8513,4127.0386,4206.7251,231823115.0,362838831.776,1.0
000300.SH,2020-03-06,4158.2021,4181.3102,4135.3901,4138.5072,172475717.0,253168631.959,1.0
000300.SH,2020-03-09,4063.076,4063.076,3995.1313,3997.1325,208102035.0,305428730.304,1.0
000300.SH,2020-03-10,3975.2288,4093.0024,3954.7506,4082.7315,197416402.0,296184435.851,1.0
000300.SH,2020-03-11,4090.9348,4091.2704,4028.3964,4028.4289,161656111.0,244990872.686,1.0
000300.SH,2020-03-12,3976.1139,3987.4336,3926.2704,3950.9111,157060458.0,233152848.759,1.0
000300.SH,2020-03-13,3771.0139,3937.1806,3765.1479,3895.3128,188296722.0,280213453.214,1.0
000300.SH,2020-03-16,3899.8598,3899.8598,3720.5127,3727.8398,185968260.0,282836238.271,1.0
000300.SH,2020-03-17,3739.7833,3786.8908,3618.307,3709.6822,166246129.0,250824025.697,1.0
000300.SH,2020-03-18,3729.6853,3775.8506,3636.2565,3636.2565,155037547.0,244127161.535,1.0
000300.SH,2020-03-19,3623.789,3647.9874,3503.1866,3589.0926,180807407.0,271827467.962,1.0
000300.SH,2020-03-20,3629.5126,3663.9517,3588.7766,3653.2239,139603000.0,211223073.323,1.0
000300.SH,2020-03-23,3542.6837,3585.8014,3523.7877,3530.3058,137108790.0,197669624.97,1.0
000300.SH,2020-03-24,3598.6548,3627.7592,3545.4524,3625.1146,143103021.0,208553840.689,1.0
000300.SH,2020-03-25,3711.4753,3732.6536,3685.9942,3722.5181,153495958.0,231561518.761,1.0
000300.SH,2020-03-26,3692.6083,3736.2536,3681.2668,3698.0472,112310665.0,169336311.861,1.0
000300.SH,2020-03-27,3746.3914,3758.7827,3709.9213,3710.0605,124060995.0,186103426.335,1.0
000300.SH,2020-03-30,3657.4624,3690.6388,3637.5853,3674.1108,126876673.0,180640799.409,1.0
000300.SH,2020-03-31,3708.1404,3716.0707,3676.2024,3686.1551,111453025.0,161595510.008,1.0
000300.SH,2020-04-01,3682.2966,3731.7799,3670.9653,3675.0758,119352620.0,170422568.804,1.0
000300.SH,2020-04-02,3656.3225,3734.5306,3652.3167,3734.5306,115168209.0,168893255.657,1.0
000300.SH,2020-04-03,3721.4815,3738.8323,3698.9822,3713.2183,99825083.0,150132815.029,1.0
000300.SH,2020-04-07,3779.9076,3803.6286,3772.2054,3798.0214,142778030.0,207642820.317,1.0
000300.SH,2020-04-08,3776.4171,3793.0023,3767.2924,3780.3445,111389513.0,161576772.32,1.0
000300.SH,2020-04-09,3798.4879,3801.7245,3785.3116,3792.8105,100485032.0,154595318.813,1.0
000300.SH,2020-04-10,3794.8429,3824.7441,3758.9599,3769.1782,102444956.0,162251233.801,1.0
000300.SH,2020-04-13,3751.7093,3769.8764,3740.1936,3753.2566,79053343.0,119874303.205,1.0
000300.SH,2020-04-14,3777.8343,3825.7599,3764.9838,3825.6991,110637585.0,170612579.792,1.0
000300.SH,2020-04-15,3820.8506,3829.8009,3793.4402,3797.3623,108461984.0,169700216.633,1.0
000300.SH,2020-04-16,3777.7986,3807.3569,3774.5585,3802.3806,95947965.0,147164302.057,1.0
000300.SH,2020-04-17,3831.9232,3863.4521,3821.4201,3839.4871,132004301.0,203595267.034,1.0
000300.SH,2020-04-20,3845.4598,3853.7984,3831.553,3853.4551,100013115.0,151924090.117,1.0
000300.SH,2020-04-21,3838.2314,3838.2314,3779.9967,3808.0474,102921888.0,155077454.132,1.0
000300.SH,2020-04-22,3789.1297,3839.3834,3782.2149,3839.3834,85899464.0,135547280.79,1.0
000300.SH,2020-04-23,3851.9132,3857.4709,3826.5565,3829.7525,95508450.0,142122548.832,1.0
000300.SH,2020-04-24,3826.3116,3827.212,3787.0714,3796.9721,94844135.0,138961200.283,1.0
000300.SH,2020-04-27,3808.0171,3842.8706,3793.7655,3822.769,95462735.0,145301151.875,1.0
000300.SH,2020-04-28,3835.348,3859.6754,3768.2,3849.1465,122093476.0,184179759.24,1.0
000300.SH,2020-04-29,3837.5135,3880.7444,3833.7164,3867.032,95854590.0,151282103.744,1.0
000300.SH,2020-04-30,3880.4094,3921.7004,3880.4094,3912.5772,132917125.0,202268288.802,1.0
000300.SH,2020-05-06,3867.2587,3937.6909,3865.9875,3936.2539,139855675.0,214935962.364,1.0
000300.SH,2020-05-07,3937.5918,3941.4833,3915.9048,3924.8946,105514646.0,167207801.84,1.0
000300.SH,2020-05-08,3942.9972,3979.6627,3935.9805,3963.6217,116943341.0,190299584.717,1.0
000300.SH,2020-05-11,3974.7605,3998.0972,3944.5037,3960.1803,122673803.0,193758093.9,1.0
000300.SH,2020-05-12,3961.3427,3970.1115,3930.2108,3960.2378,98250554.0,157465780.06,1.0
000300.SH,2020-05-13,3946.6428,3972.5254,3932.5711,3968.2529,88190669.0,145563383.276,1.0
000300.SH,2020-05-14,3952.1986,3952.1986,3924.0452,3925.2177,88530004.0,143499177.72,1.0
000300.SH,2020-05-15,3941.125,3945.1956,3907.4021,3912.8159,92618382.0,153301505.149,1.0
000300.SH,2020-05-18,3914.6602,3946.4312,3898.4041,3922.9117,112801762.0,188528121.368,1.0
000300.SH,2020-05-19,3963.7754,3966.8518,3944.0715,3956.2495,94015291.0,159886222.402,1.0
000300.SH,2020-05-20,3955.7145,3955.7145,3923.9213,3935.222,100791150.0,157102533.276,1.0
000300.SH,2020-05-21,3950.5981,3951.743,3907.5788,3913.7949,94861033.0,149154142.258,1.0
000300.SH,2020-05-22,3907.5761,3907.5761,3818.1488,3824.064,103378360.0,157286504.986,1.0
000300.SH,2020-05-25,3828.3206,3835.6333,3800.1796,3829.3245,79033326.0,127011917.716,1.0
000300.SH,2020-05-26,3850.0009,3874.7484,3844.4776,3872.7701,77448076.0,125445619.317,1.0
000300.SH,2020-05-27,3873.6984,3873.6984,3838.4247,3845.6135,83711831.0,123737501.165,1.0
000300.SH,2020-05-28,3848.4892,3885.4211,3818.4318,3856.6324,93064054.0,139108407.792,1.0
000300.SH,2020-05-29,3838.3769,3872.3031,3830.4185,3867.0232,93813832.0,135658136.028,1.0
000300.SH,2020-06-01,3901.7263,3976.3151,3901.7263,3971.3402,136456652.0,208436512.945,1.0
000300.SH,2020-06-02,3969.9521,3991.7761,3958.9774,3983.5677,144303060.0,195563304.256,1.0
000300.SH,2020-06-03,4001.1708,4018.6759,3982.9299,3983.6477,136597483.0,200882767.677,1.0
000300.SH,2020-06-04,3998.1636,3999.8051,3968.5723,3982.1851,104277737.0,149057855.838,1.0
000300.SH,2020-06-05,3988.2239,4001.2509,3967.926,4001.2509,102443942.0,154311342.982,1.0
000300.SH,2020-06-08,4023.606,4050.2213,4016.1015,4021.9549,137925813.0,193047518.688,1.0
000300.SH,2020-06-09,4027.5613,4052.1557,4016.3387,4047.0293,115304479.0,166533966.01,1.0
000300.SH,2020-06-10,4046.2317,4046.2317,4024.4185,4039.7051,112265728.0,166778642.366,1.0
000300.SH,2020-06-11,4031.7396,4043.0123,3979.7522,3995.8846,127308941.0,197079441.861,1.0
000300.SH,2020-06-12,3931.6236,4011.0591,3927.2491,4003.0829,134166649.0,193504046.742,1.0
000300.SH,2020-06-15,3982.9672,4007.1396,3954.9883,3954.9883,131297860.0,211125336.144,1.0
000300.SH,2020-06-16,3995.5786,4014.5702,3987.8637,4014.5702,111051539.0,185104029.159,1.0
000300.SH,2020-06-17,4018.6094,4018.6094,3992.1339,4017.5941,105605799.0,176977503.611,1.0
000300.SH,2020-06-18,4009.7831,4047.5566,4000.9008,4044.3842,138148761.0,210192918.146,1.0
000300.SH,2020-06-19,4047.0483,4109.3602,4043.4925,4098.7095,152946990.0,255549797.3,1.0
000300.SH,2020-06-22,4097.5071,4126.9421,4088.7822,4102.0459,155829465.0,259200520.726,1.0
000300.SH,2020-06-23,4098.0373,4124.725,4080.7533,4121.7944,129229510.0,234806510.835,1.0
000300.SH,2020-06-24,4128.1003,4144.6782,4123.3582,4138.9895,121712465.0,224551430.008,1.0
000300.SH,2020-06-29,4127.9348,4137.3696,4092.5352,4109.7164,130865854.0,226522059.763,1.0
000300.SH,2020-06-30,4130.0028,4174.4236,4129.7754,4163.9637,125933521.0,227935704.489,1.0
000300.SH,2020-07-01,4172.6425,4247.7835,4163.4954,4247.7835,169990456.0,305711799.762,1.0
000300.SH,2020-07-02,4239.408,4340.1039,4238.1164,4335.8445,252939368.0,399571526.695,1.0
000300.SH,2020-07-03,4353.1937,4419.5955,4348.4535,4419.5955,290485539.0,442335024.266,1.0
000300.SH,2020-07-06,4465.8081,4678.1121,4465.8081,4670.0949,405821025.0,597438217.716,1.0
000300.SH,2020-07-07,4739.6104,4796.3155,4688.0574,4698.1264,406008553.0,635254742.706,1.0
000300.SH,2020-07-08,4692.8621,4803.3643,4670.6501,4774.0042,348074847.0,532849825.965,1.0
000300.SH,2020-07-09,4770.0769,4854.1201,4757.2943,4840.7712,351046893.0,556718732.099,1.0
000300.SH,2020-07-10,4796.0873,4821.3745,4734.4725,4753.1333,316949651.0,510472055.096,1.0
000300.SH,2020-07-13,4742.3738,4878.0773,4741.8743,4852.9612,321645446.0,541105098.721,1.0
000300.SH,2020-07-14,4836.1655,4860.4404,4729.9258,4806.6902,297241985.0,511211048.185,1.0
000300.SH,2020-07-15,4821.5155,4837.4757,4723.3608,4744.4687,272389006.0,486748347.68,1.0
000300.SH,2020-07-16,4741.5295,4772.5638,4513.6537,4516.2532,284657133.0,511237962.884,1.0
000300.SH,2020-07-17,4524.7717,4601.3733,4485.8214,4544.7007,207375563.0,372973887.046,1.0
000300.SH,2020-07-20,4597.2038,4681.9431,4534.2305,4680.3046,246068914.0,416714222.276,1.0
000300.SH,2020-07-21,4697.5026,4714.2925,4661.444,4691.0425,200415659.0,356069805.763,1.0
000300.SH,2020-07-22,4682.6575,4790.4491,4675.3488,4714.4454,224199211.0,386470859.914,1.0
000300.SH,2020-07-23,4668.7401,4731.4004,4607.6585,4712.4357,234314569.0,405175268.661,1.0
000300.SH,2020-07-24,4679.0273,4691.698,4479.3928,4505.5906,243905203.0,437726712.28,1.0
000300.SH,2020-07-27,4535.0053,4558.1189,4482.4408,4528.45,171420551.0,301893370.163,1.0
000300.SH,2020-07-28,4567.6691,4590.2496,4537.6849,4568.2576,162768498.0,292835785.345,1.0
000300.SH,2020-07-29,4559.1634,4680.558,4548.8535,4679.008,186695305.0,350432649.161,1.0
000300.SH,2020-07-30,4689.7632,4704.6305,4649.7677,4656.1506,166967566.0,324009242.692,1.0
000300.SH,2020-07-31,4652.1824,4741.8084,4621.9635,4695.0462,184839026.0,351119312.415,1.0
000300.SH,2020-08-03,4735.8985,4771.3694,4720.025,4771.3108,214776239.0,401914824.928,1.0
000300.SH,2020-08-04,4778.4866,4807.0782,4747.7748,4775.8024,239974985.0,426411345.936,1.0
000300.SH,2020-08-05,4761.7637,4786.7031,4711.2723,4777.1089,196700548.0,347407839.399,1.0
000300.SH,2020-08-06,4779.2377,4791.8565,4691.1569,4762.7642,227854406.0,404323404.007,1.0
000300.SH,2020-08-07,4742.2939,4749.0217,4637.8427,4707.9262,213518216.0,397041212.825,1.0
000300.SH,2020-08-10,4681.7553,4757.6634,4646.2885,4724.8697,203788832.0,371297560.018,1.0
000300.SH,2020-08-11,4730.3748,4791.5337,4674.8642,4681.7837,205546511.0,350828586.241,1.0
000300.SH,2020-08-12,4668.8899,4681.6206,4566.2736,4647.6446,202887239.0,347298673.202,1.0
000300.SH,2020-08-13,4666.4901,4671.7689,4626.1033,4635.7126,152550092.0,250945872.579,1.0
000300.SH,2020-08-14,4627.61,4708.0709,4617.632,4704.6288,147292921.0,254343934.256,1.0
000300.SH,2020-08-17,4727.1204,4838.0864,4721.3589,4815.2261,268001556.0,416469154.934,1.0
000300.SH,2020-08-18,4816.5703,4825.3861,4788.8293,4812.7564,189139854.0,314395904.536,1.0
000300.SH,2020-08-19,4804.6655,4809.0499,4738.0086,4740.6784,192442948.0,319403284.708,1.0
000300.SH,2020-08-20,4708.1253,4721.4357,4662.8032,4679.1544,158368639.0,260486563.515,1.0
000300.SH,2020-08-21,4717.7874,4739.4836,4684.8101,4718.8431,142657864.0,251775160.234,1.0
000300.SH,2020-08-24,4746.4035,4769.4673,4716.6054,4755.8491,151143512.0,272428686.419,1.0
000300.SH,2020-08-25,4769.2107,4802.4122,4746.313,4761.9507,141701351.0,262308788.275,1.0
000300.SH,2020-08-26,4761.7186,4786.4249,4689.881,4706.1302,151305180.0,277456360.643,1.0
000300.SH,2020-08-27,4718.062,4731.9351,4679.3623,4731.3451,119042850.0,223631511.406,1.0
000300.SH,2020-08-28,4727.292,4850.4884,4719.3526,4844.2652,159399765.0,305047882.509,1.0
000300.SH,2020-08-31,4870.9337,4901.2115,4816.2123,4816.2153,202567029.0,357005064.605,1.0
000300.SH,2020-09-01,4803.3922,4842.135,4791.7829,4842.1223,138395402.0,262018070.577,1.0
000300.SH,2020-09-02,4859.0754,4863.5509,4797.5204,4843.887,157989524.0,280778613.751,1.0
000300.SH,2020-09-03,4841.502,4877.0117,4800.0577,4817.0952,145671201.0,279411988.792,1.0
000300.SH,2020-09-04,4737.2368,4778.203,4726.5559,4770.219,120032796.0,238463337.879,1.0
000300.SH,2020-09-07,4759.5213,4789.3031,4655.56,4669.3677,148607791.0,282316394.068,1.0
000300.SH,2020-09-08,4683.8256,4707.8966,4639.0531,4694.3894,139199227.0,249198138.076,1.0
000300.SH,2020-09-09,4634.247,4645.1972,4558.0304,4584.5887,162277107.0,244905191.934,1.0
000300.SH,2020-09-10,4632.0994,4647.7505,4572.2058,4581.9775,150652878.0,226146354.805,1.0
000300.SH,2020-09-11,4572.2572,4630.8842,4563.1061,4627.2826,115302424.0,198240927.302,1.0
000300.SH,2020-09-14,4652.0539,4666.9862,4625.9877,4651.0507,107235179.0,211653411.811,1.0
000300.SH,2020-09-15,4649.4472,4691.4997,4630.5374,4688.4826,101915925.0,194573684.119,1.0
000300.SH,2020-09-16,4683.006,4690.6815,4638.4586,4657.3584,108753641.0,196120184.851,1.0
000300.SH,2020-09-17,4642.0542,4664.9491,4601.639,4632.7142,105983631.0,214146647.27,1.0
000300.SH,2020-09-18,4636.6422,4737.8039,4631.7045,4737.0887,160426475.0,281885944.229,1.0
000300.SH,2020-09-21,4750.7481,4752.9799,4688.7199,4691.4281,124535827.0,224137912.695,1.0
000300.SH,2020-09-22,4654.2179,4706.2096,4622.1111,4635.7608,119672947.0,202909215.535,1.0
000300.SH,2020-09-23,4639.6592,4665.96,4623.5528,4652.3273,95826528.0,190393472.276,1.0
000300.SH,2020-09-24,4623.9535,4631.9482,4562.2086,4563.0657,112593683.0,193515873.7,1.0
000300.SH,2020-09-25,4582.482,4599.5387,4554.7199,4570.0216,93015155.0,167457376.964,1.0
000300.SH,2020-09-28,4582.6471,4613.6324,4571.1507,4581.9085,85048389.0,159314675.407,1.0
000300.SH,2020-09-29,4608.2926,4616.6767,4586.3537,4591.7993,85993858.0,159937888.502,1.0
000300.SH,2020-09-30,4607.5753,4634.7239,4563.4108,4587.3953,89081200.0,165532220.885,1.0
000300.SH,2020-10-09,4663.61,4695.4041,4655.0851,4681.1412,111337512.0,229926731.49,1.0
000300.SH,2020-10-12,4705.1883,4823.2666,4704.1554,4823.1578,155784558.0,307848558.046,1.0
000300.SH,2020-10-13,4812.8989,4845.9191,4795.373,4839.201,116516338.0,242172567.249,1.0
000300.SH,2020-10-14,4830.4575,4830.4575,4795.9069,4807.1021,111906923.0,229836207.248,1.0
000300.SH,2020-10-15,4810.7821,4833.8925,4796.2647,4798.7361,109964962.0,213878285.047,1.0
000300.SH,2020-10-16,4798.9162,4825.5518,4765.967,4791.676,116716102.0,204175130.718,1.0
000300.SH,2020-10-19,4823.4944,4849.605,4747.3356,4755.4879,129246361.0,225392198.225,1.0
000300.SH,2020-10-20,4751.3694,4793.4672,4739.4583,4793.4672,98048156.0,185849198.018,1.0
000300.SH,2020-10-21,4801.6313,4801.6313,4758.8552,4792.8284,103805703.0,189978697.044,1.0
000300.SH,2020-10-22,4780.5954,4791.8078,4725.4993,4777.9845,101350891.0,194614971.17,1.0
000300.SH,2020-10-23,4775.4665,4802.456,4717.0984,4718.4881,106825184.0,200985821.992,1.0
000300.SH,2020-10-26,4684.0465,4713.3945,4639.3019,4691.2359,108343275.0,205518988.284,1.0
000300.SH,2020-10-27,4680.1371,4708.4623,4671.8536,4699.2792,92656304.0,186675545.69,1.0
000300.SH,2020-10-28,4703.0036,4753.3125,4685.6012,4737.2718,108463402.0,226754264.067,1.0
000300.SH,2020-10-29,4683.607,4803.0317,4679.2529,4772.9198,117117250.0,252303504.993,1.0
000300.SH,2020-10-30,4776.4726,4778.5089,4683.4719,4695.3338,139802303.0,280783321.713,1.0
000300.SH,2020-11-02,4702.7457,4738.0239,4695.4436,4720.8313,142867693.0,279027685.157,1.0
000300.SH,2020-11-03,4743.1742,4793.3963,4734.1748,4777.5608,136055408.0,252390556.314,1.0
000300.SH,2020-11-04,4781.448,4825.4638,4770.5582,4813.6564,114661806.0,230513773.046,1.0
000300.SH,2020-11-05,4861.3377,4885.1118,4837.9996,4885.1118,139244594.0,281951932.371,1.0
000300.SH,2020-11-06,4897.6295,4897.6295,4845.4293,4885.7178,153639034.0,305365103.653,1.0
000300.SH,2020-11-09,4918.8609,4997.8017,4918.8609,4981.3497,197131984.0,371923282.063,1.0
000300.SH,2020-11-10,4995.4126,4995.4126,4928.9319,4953.8756,176267214.0,334271459.964,1.0
000300.SH,2020-11-11,4937.7582,4957.5846,4901.7067,4904.8981,164470515.0,303858557.977,1.0
000300.SH,2020-11-12,4916.7736,4926.3422,4891.51,4908.463,118114619.0,227645907.147,1.0
000300.SH,2020-11-13,4886.9778,4886.9778,4825.7578,4856.8513,133693079.0,255353111.738,1.0
000300.SH,2020-11-16,4880.958,4904.1716,4848.6239,4904.1716,148770980.0,266705031.672,1.0
000300.SH,2020-11-17,4903.12,4909.2902,4865.3942,4894.786,151487464.0,288911408.551,1.0
000300.SH,2020-11-18,4889.6749,4911.0876,4870.7162,4891.6716,164216616.0,290727223.227,1.0
000300.SH,2020-11-19,4880.9224,4939.7911,4870.2005,4927.9891,133681378.0,247727135.001,1.0
000300.SH,2020-11-20,4928.2223,4947.4297,4922.5895,4943.2882,129400341.0,229053679.195,1.0
000300.SH,2020-11-23,4954.5987,5029.6515,4940.4494,5005.0273,205915187.0,333633826.417,1.0
000300.SH,2020-11-24,4997.0485,5001.0614,4960.9817,4974.2855,156637911.0,264804443.318,1.0
000300.SH,2020-11-25,4992.7466,5004.7732,4910.7,4910.7,170340527.0,277070642.971,1.0
000300.SH,2020-11-26,4908.3208,4925.2857,4867.8153,4919.5912,137202338.0,239748145.476,1.0
000300.SH,2020-11-27,4930.5928,4980.765,4917.3479,4980.765,162952922.0,253178971.224,1.0
000300.SH,2020-11-30,4994.1063,5055.192,4960.2519,4960.2519,262638950.0,396495834.421,1.0
000300.SH,2020-12-01,4963.1302,5072.5494,4963.1302,5067.0983,204065638.0,328451014.444,1.0
000300.SH,2020-12-02,5072.9755,5090.6084,5043.3091,5067.1447,195435476.0,310609728.843,1.0
000300.SH,2020-12-03,5065.4531,5072.3046,5033.7887,5057.0603,177865748.0,275335207.429,1.0
000300.SH,2020-12-04,5049.5231,5072.3865,5017.8506,5065.9163,144347167.0,257798820.735,1.0
000300.SH,2020-12-07,5065.7285,5067.8698,5014.609,5022.2351,139896217.0,264657773.933,1.0
000300.SH,2020-12-08,5029.1063,5043.0605,4998.9218,5009.8786,123073029.0,234880648.439,1.0
000300.SH,2020-12-09,5022.3846,5033.6417,4942.5195,4942.6986,138916965.0,260772774.153,1.0
000300.SH,2020-12-10,4931.2933,4962.7433,4919.7696,4940.5249,125914270.0,229651278.357,1.0
000300.SH,2020-12-11,4957.8236,4957.8236,4849.3547,4889.6292,159357697.0,275212730.07,1.0
000300.SH,2020-12-14,4903.627,4937.2601,4887.6599,4934.8352,120801552.0,247878279.711,1.0
000300.SH,2020-12-15,4931.6019,4954.1885,4904.7926,4945.1,118342633.0,248093390.249,1.0
000300.SH,2020-12-16,4957.2971,4968.8558,4938.1932,4953.867,106778968.0,229696035.697,1.0
000300.SH,2020-12-17,4960.729,5021.6171,4950.3713,5017.4784,133385479.0,270180356.109,1.0
000300.SH,2020-12-18,5014.3211,5027.4446,4979.0051,4999.9678,128049618.0,258938551.536,1.0
000300.SH,2020-12-21,4995.7622,5048.5074,4969.999,5046.8396,140811782.0,298204296.843,1.0
000300.SH,2020-12-22,5034.9831,5055.1348,4960.9457,4964.7727,162344970.0,326758817.663,1.0
000300.SH,2020-12-23,4977.2994,5028.4506,4968.1509,5007.1235,140292819.0,308729037.474,1.0
000300.SH,2020-12-24,5006.0051,5033.038,4979.2371,5000.0154,114418667.0,246674476.189,1.0
000300.SH,2020-12-25,4985.7695,5042.0978,4973.6812,5042.0137,121006979.0,243992268.243,1.0
000300.SH,2020-12-28,5042.9432,5089.3447,5037.8582,5064.4147,136914407.0,281019254.171,1.0
000300.SH,2020-12-29,5071.449,5077.4167,5034.3078,5042.9361,141198662.0,279035233.254,1.0
000300.SH,2020-12-30,5037.9848,5113.7105,5036.6288,5113.7105,148626448.0,296577812.603,1.0
000300.SH,2020-12-31,5122.4799,5215.6178,5122.4799,5211.2885,171602509.0,358731371.835,1.0
000300.SH,2021-01-04,5212.9313,5284.4343,5190.9372,5267.7181,211711382.0,452796175.554,1.0
000300.SH,2021-01-05,5245.8355,5368.5049,5234.3775,5368.5049,224931159.0,498041939.761,1.0
000300.SH,2021-01-06,5386.5144,5433.4694,5341.4304,5417.6677,193773444.0,444434377.137,1.0
000300.SH,2021-01-07,5428.3944,5513.6568,5413.3526,5513.6568,219872080.0,473385353.696,1.0
000300.SH,2021-01-08,5526.2876,5547.4733,5442.6939,5495.4306,204324956.0,473567653.979,1.0
000300.SH,2021-01-11,5504.2358,5555.6916,5412.5046,5441.1583,231835983.0,522298482.544,1.0
000300.SH,2021-01-12,5419.4996,5596.3525,5417.6272,5596.3525,224220186.0,486233760.74,1.0
000300.SH,2021-01-13,5609.2637,5644.7195,5535.1435,5577.9711,261569886.0,546959736.366,1.0
000300.SH,2021-01-14,5556.2125,5568.0179,5458.6818,5470.4563,243683380.0,501890111.879,1.0
000300.SH,2021-01-15,5471.391,5500.6348,5390.2737,5458.0812,238637435.0,475709920.372,1.0
000300.SH,2021-01-18,5438.1618,5541.4613,5410.775,5518.5205,207051869.0,422717209.153,1.0
000300.SH,2021-01-19,5525.969,5532.4793,5415.7166,5437.5234,211043425.0,433205176.45,1.0
000300.SH,2021-01-20,5439.9111,5496.0493,5426.5357,5476.4336,170913260.0,373770384.496,1.0
000300.SH,2021-01-21,5492.9587,5593.1058,5490.5626,5564.9693,209950197.0,453183684.479,1.0
000300.SH,2021-01-22,5562.379,5573.6594,5513.8769,5569.776,199300020.0,456622193.436,1.0
000300.SH,2021-01-25,5564.1237,5655.4795,5543.2663,5625.9232,197047019.0,508166980.802,1.0
000300.SH,2021-01-26,5600.9017,5600.9017,5505.9962,5512.9678,171904590.0,415008069.865,1.0
000300.SH,2021-01-27,5505.7708,5534.9928,5449.6385,5528.0034,160190841.0,376892605.839,1.0
000300.SH,2021-01-28,5450.3695,5462.2352,5360.3766,5377.1427,170485585.0,376166523.178,1.0
000300.SH,2021-01-29,5413.9684,5430.2015,5288.0955,5351.9646,182178784.0,390287690.019,1.0
000300.SH,2021-02-01,5356.8535,5422.299,5342.0458,5417.6484,166313706.0,346859083.73,1.0
000300.SH,2021-02-02,5429.7032,5503.2145,5411.5173,5501.0915,165210565.0,380016716.112,1.0
000300.SH,2021-02-03,5499.2961,5532.8864,5473.1237,5485.2008,188054317.0,404343602.638,1.0
000300.SH,2021-02-04,5453.9764,5510.0535,5411.5749,5473.9475,180575654.0,397995205.38,1.0
000300.SH,2021-02-05,5494.7011,5550.7714,5477.6517,5483.414,189699598.0,395400134.49,1.0
000300.SH,2021-02-08,5506.1423,5576.4908,5479.8529,5564.5618,164033775.0,367582771.659,1.0
000300.SH,2021-02-09,5584.165,5686.2502,5555.0537,5686.2502,164887260.0,378769121.172,1.0
000300.SH,2021-02-10,5709.684,5823.4219,5707.3295,5807.7191,170169786.0,417056463.361,1.0
000300.SH,2021-02-18,5922.0714,5930.9122,5747.6631,5768.3814,218848686.0,507481235.978,1.0
000300.SH,2021-02-19,5734.0193,5787.8871,5667.3209,5778.842,214475780.0,456433793.702,1.0
000300.SH,2021-02-22,5785.5097,5785.5097,5597.3327,5597.3327,282124382.0,543633153.217,1.0
000300.SH,2021-02-23,5542.6841,5644.7551,5541.1092,5579.6681,233807727.0,424904470.814,1.0
000300.SH,2021-02-24,5591.4795,5598.8284,5379.7278,5437.5683,225428610.0,472369211.004,1.0
000300.SH,2021-02-25,5494.4706,5527.6296,5444.1646,5469.5584,230736028.0,412206157.141,1.0
000300.SH,2021-02-26,5343.9041,5416.3197,5318.8579,5336.7609,212264543.0,405717700.128,1.0
000300.SH,2021-03-01,5389.2499,5421.555,5345.9449,5418.7837,177463523.0,358146545.967,1.0
000300.SH,2021-03-02,5453.2847,5454.9687,5305.0545,5349.6301,196511115.0,376444604.695,1.0
000300.SH,2021-03-03,5327.3467,5452.396,5316.4809,5452.2125,194709054.0,337610313.596,1.0
000300.SH,2021-03-04,5388.4785,5392.3725,5254.7771,5280.7058,212775211.0,384382456.961,1.0
000300.SH,2021-03-05,5191.9699,5307.8203,5174.2458,5262.7958,202627956.0,352539774.295,1.0
000300.SH,2021-03-08,5299.7907,5326.2602,5079.7984,5080.0246,230231635.0,407133802.142,1.0
000300.SH,2021-03-09,5066.1546,5094.311,4917.909,4970.9994,230711004.0,414415213.806,1.0
000300.SH,2021-03-10,5047.0589,5055.2785,4981.6161,5003.6121,169928490.0,309577408.715,1.0
000300.SH,2021-03-11,5024.5586,5138.4146,5020.5784,5128.2156,189600766.0,333859199.679,1.0
000300.SH,2021-03-12,5153.674,5153.674,5086.8234,5146.3786,201020589.0,323237751.413,1.0
000300.SH,2021-03-15,5116.1228,5120.8757,4992.3989,5035.5441,204153084.0,330740513.808,1.0
000300.SH,2021-03-16,5054.4089,5084.3085,5009.951,5079.3624,161390054.0,271755048.564,1.0
000300.SH,2021-03-17,5062.7706,5123.5452,5020.1255,5100.8581,149162376.0,263492417.709,1.0
000300.SH,2021-03-18,5114.5872,5160.4566,5111.1294,5141.7681,142901518.0,260930046.845,1.0
000300.SH,2021-03-19,5068.5319,5089.9175,4980.7609,5007.0907,164174849.0,282974489.237,1.0
000300.SH,2021-03-22,5008.3953,5071.3378,4996.541,5057.152,167402632.0,264209098.943,1.0
000300.SH,2021-03-23,5057.0632,5064.02,4966.534,5009.2459,158013967.0,255755377.66,1.0
000300.SH,2021-03-24,4985.4013,5024.3274,4919.8932,4928.6853,159385982.0,265970020.152,1.0
000300.SH,2021-03-25,4904.0683,4950.7608,4883.6615,4926.3469,132945189.0,219782049.462,1.0
000300.SH,2021-03-26,4953.9453,5050.8292,4953.9453,5037.9899,145926697.0,273901922.431,1.0
000300.SH,2021-03-29,5052.2634,5086.6543,5010.3902,5046.8773,143388215.0,266176599.971,1.0
000300.SH,2021-03-30,5043.0952,5106.0365,5032.795,5094.7291,138618560.0,254928014.461,1.0
000300.SH,2021-03-31,5085.9497,5085.9497,5015.607,5048.3607,141335743.0,241058485.554,1.0
000300.SH,2021-04-01,5059.9359,5115.4286,5056.8718,5110.7768,120324890.0,211493324.391,1.0
000300.SH,2021-04-02,5129.8545,5169.8312,5116.3472,5161.5569,127002254.0,248060376.224,1.0
000300.SH,2021-04-06,5178.6401,5181.149,5125.3301,5140.3418,109834210.0,213852444.065,1.0
000300.SH,2021-04-07,5141.6556,5141.6556,5065.1932,5103.7428,145763748.0,246271190.297,1.0
000300.SH,2021-04-08,5078.2627,5129.1318,5062.0725,5112.2086,141771047.0,228422004.675,1.0
000300.SH,2021-04-09,5100.0422,5100.0422,5022.0926,5035.3374,128416509.0,221519791.678,1.0
000300.SH,2021-04-12,5026.9791,5045.6018,4933.0126,4947.7459,152644314.0,267218195.773,1.0
000300.SH,2021-04-13,4949.8074,4994.5404,4924.1979,4939.6438,132919358.0,225753230.649,1.0
000300.SH,2021-04-14,4945.6857,4987.1191,4940.2686,4980.6279,120860838.0,221036276.09,1.0
000300.SH,2021-04-15,4969.9099,4969.9099,4900.3033,4948.9741,108829384.0,213820884.104,1.0
000300.SH,2021-04-16,4966.8999,4979.1731,4917.9596,4966.1811,111239924.0,213389173.714,1.0
000300.SH,2021-04-19,4966.409,5088.2106,4940.7473,5087.0165,154769824.0,307899776.738,1.0
000300.SH,2021-04-20,5065.7757,5119.8586,5058.9247,5083.3654,136541700.0,276640588.159,1.0
000300.SH,2021-04-21,5055.2398,5110.5623,5047.9916,5098.7449,124637277.0,242574995.256,1.0
000300.SH,2021-04-22,5114.2799,5119.2246,5067.1382,5089.2435,121167645.0,241488845.756,1.0
000300.SH,2021-04-23,5088.8263,5149.9825,5086.4914,5135.4534,122056991.0,264345183.119,1.0
000300.SH,2021-04-26,5156.5941,5181.1066,5072.9585,5077.2372,151381967.0,325760384.278,1.0
000300.SH,2021-04-27,5076.6415,5095.9842,5042.6099,5090.5195,123961837.0,254738009.834,1.0
000300.SH,2021-04-28,5073.9728,5119.4455,5059.2628,5119.2421,120620318.0,272182521.893,1.0
000300.SH,2021-04-29,5128.2795,5170.5852,5113.6484,5164.1692,140092480.0,294112454.366,1.0
000300.SH,2021-04-30,5156.3557,5163.2517,5094.9285,5123.489,160121621.0,315075102.885,1.0
000300.SH,2021-05-06,5098.8006,5132.8986,5037.4083,5061.1244,158822630.0,323258264.642,1.0
000300.SH,2021-05-07,5073.4554,5093.7471,4996.037,4996.0527,172258321.0,304638402.155,1.0
000300.SH,2021-05-10,5001.4371,5019.3927,4953.6965,4992.422,170820585.0,282656808.853,1.0
000300.SH,2021-05-11,4956.0794,5033.4938,4925.9152,5023.0595,151526497.0,270931616.513,1.0
000300.SH,2021-05-12,5003.8171,5051.1682,4995.4048,5044.5481,126619086.0,228344006.493,1.0
000300.SH,2021-05-13,4992.3519,5022.0836,4975.4462,4992.9738,132279406.0,237821404.345,1.0
000300.SH,2021-05-14,5007.6286,5112.9838,4981.2948,5110.5901,159426180.0,318802786.823,1.0
000300.SH,2021-05-17,5115.3063,5206.6947,5115.3063,5184.9853,153889634.0,335439913.424,1.0
000300.SH,2021-05-18,5190.9345,5201.6721,5156.7924,5187.6013,118404261.0,238182265.922,1.0
000300.SH,2021-05-19,5173.1666,5193.5574,5151.6392,5172.272,118729983.0,250736278.156,1.0
000300.SH,2021-05-20,5167.0546,5201.5935,5152.0358,5186.412,138454775.0,277088462.047,1.0
000300.SH,2021-05-21,5199.1285,5216.1615,5123.1171,5134.1483,124768485.0,268053627.531,1.0
000300.SH,2021-05-24,5138.8149,5155.5875,5092.3894,5155.5875,126742336.0,278513133.226,1.0
000300.SH,2021-05-25,5165.0361,5324.3609,5161.5238,5318.478,182996839.0,404683305.641,1.0
000300.SH,2021-05-26,5326.1169,5344.2837,5308.7389,5320.5927,169607096.0,346444644.793,1.0
000300.SH,2021-05-27,5311.3726,5378.4764,5286.05,5338.2329,148462855.0,311893705.935,1.0
000300.SH,2021-05-28,5338.7278,5360.2774,5288.6515,5321.0886,164605806.0,330711896.344,1.0
000300.SH,2021-05-31,5318.0825,5331.6294,5281.6851,5331.5696,144603269.0,321450798.234,1.0
000300.SH,2021-06-01,5320.4745,5343.7529,5269.259,5341.6798,143831474.0,321845842.153,1.0
000300.SH,2021-06-02,5348.344,5352.6404,5266.7852,5289.9736,137754319.0,296176177.154,1.0
000300.SH,2021-06-03,5285.7098,5314.3691,5255.0719,5255.2855,141968878.0,285448632.489,1.0
000300.SH,2021-06-04,5228.2761,5334.4899,5221.2291,5282.2772,144732087.0,292326048.776,1.0
000300.SH,2021-06-07,5284.8907,5286.8424,5242.9481,5277.6271,127704971.0,280463260.583,1.0
000300.SH,2021-06-08,5276.9711,5319.0406,5201.1404,5232.1165,130559532.0,304042218.266,1.0
000300.SH,2021-06-09,5224.9496,5253.3555,5215.3506,5236.4493,121820321.0,255075448.703,1.0
000300.SH,2021-06-10,5236.4691,5299.5299,5229.5182,5271.4661,138991967.0,301454334.61,1.0
000300.SH,2021-06-11,5275.7456,5276.1039,5213.5991,5224.703,180807173.0,365363494.542,1.0
000300.SH,2021-06-15,5218.5648,5225.5021,5137.409,5166.5597,142880058.0,330616618.622,1.0
000300.SH,2021-06-16,5163.2493,5164.5192,5076.0222,5080.4909,125147985.0,298286772.933,1.0
000300.SH,2021-06-17,5074.3839,5123.3651,5073.8211,5101.8924,120452518.0,281927280.723,1.0
000300.SH,2021-06-18,5104.9297,5128.0309,5064.9208,5102.4657,148585805.0,356697096.116,1.0
000300.SH,2021-06-21,5088.0893,5123.7827,5058.5699,5090.3854,132184516.0,331527114.639,1.0
000300.SH,2021-06-22,5106.0743,5125.8186,5086.2776,5122.1583,130416753.0,313690367.125,1.0
000300.SH,2021-06-23,5127.191,5171.033,5109.7571,5147.3938,136356058.0,358765666.33,1.0
000300.SH,2021-06-24,5156.5638,5160.4346,5120.5844,5155.9738,126685625.0,312607422.609,1.0
000300.SH,2021-06-25,5159.8017,5251.6076,5157.4758,5239.9684,154931061.0,368265641.241,1.0
000300.SH,2021-06-28,5253.6081,5260.6372,5226.2201,5251.7604,133193783.0,337452771.676,1.0
000300.SH,2021-06-29,5248.5249,5248.5249,5182.6771,5190.5445,125162997.0,314896843.024,1.0
000300.SH,2021-06-30,5189.3797,5231.4262,5186.625,5224.041,103752671.0,281015504.941,1.0
000300.SH,2021-07-01,5241.2039,5252.2642,5190.8762,5229.6642,127240620.0,324097400.268,1.0
000300.SH,2021-07-02,5186.6613,5186.6613,5074.3621,5081.1172,130426424.0,342578961.248,1.0
000300.SH,2021-07-05,5073.7787,5098.2305,5048.004,5085.7924,131211589.0,335197786.63,1.0
000300.SH,2021-07-06,5089.778,5092.2066,5028.5058,5083.1043,140655220.0,362828901.849,1.0
000300.SH,2021-07-07,5052.4204,5152.7711,5045.4056,5140.4899,148549060.0,336731403.376,1.0
000300.SH,2021-07-08,5149.3095,5151.2171,5078.9295,5088.2566,173901008.0,397879869.88,1.0
000300.SH,2021-07-09,5063.148,5081.4086,5006.4115,5069.4361,160653226.0,352845583.769,1.0
000300.SH,2021-07-12,5108.3783,5159.4115,5070.3188,5132.7088,206212039.0,437203145.943,1.0
000300.SH,2021-07-13,5128.6138,5154.0508,5114.943,5142.0991,166482209.0,361328491.653,1.0
000300.SH,2021-07-14,5130.7522,5130.7522,5075.1252,5083.0849,188352720.0,372568110.292,1.0
000300.SH,2021-07-15,5073.2634,5153.8056,5067.6767,5151.4626,181077103.0,372484081.123,1.0
000300.SH,2021-07-16,5140.904,5140.904,5090.6321,5094.7727,169955982.0,362594258.079,1.0
000300.SH,2021-07-19,5083.7276,5120.8235,5047.6234,5113.4945,153199589.0,340322623.792,1.0
000300.SH,2021-07-20,5080.2158,5114.0033,5067.8619,5108.9941,129300044.0,283543130.755,1.0
000300.SH,2021-07-21,5122.7843,5160.5447,5122.3046,5144.0428,167976469.0,390275519.305,1.0
000300.SH,2021-07-22,5150.3859,5171.2096,5137.8795,5151.7517,185556864.0,418221654.806,1.0
000300.SH,2021-07-23,5145.4308,5145.4308,5079.9973,5089.2282,216536847.0,435521169.695,1.0
000300.SH,2021-07-26,5067.3072,5067.3072,4859.6031,4925.299,228111710.0,495153655.117,1.0
000300.SH,2021-07-27,4924.2816,4940.86,4749.0327,4751.313,236631225.0,521146117.041,1.0
000300.SH,2021-07-28,4714.2948,4785.6567,4663.9009,4760.4826,192634393.0,419706155.163,1.0
000300.SH,2021-07-29,4845.7603,4857.9709,4800.0125,4850.2746,173322054.0,415676120.878,1.0
000300.SH,2021-07-30,4825.7002,4825.7002,4761.0376,4811.1695,182349776.0,420943935.062,1.0
000300.SH,2021-08-02,4794.8192,4938.8154,4761.4593,4933.736,227194918.0,524659449.296,1.0
000300.SH,2021-08-03,4909.2325,4957.0291,4890.8495,4934.4583,203533360.0,471194128.402,1.0
000300.SH,2021-08-04,4927.7358,4979.2911,4919.6569,4978.8479,175466461.0,425801406.612,1.0
000300.SH,2021-08-05,4946.1668,4997.1397,4921.9382,4948.6703,167381829.0,398772206.808,1.0
000300.SH,2021-08-06,4943.0427,4944.3486,4891.7968,4921.5647,154179688.0,371773603.785,1.0
000300.SH,2021-08-09,4890.2573,5002.8944,4884.0392,4985.5627,182436871.0,408897062.935,1.0
000300.SH,2021-08-10,4977.8164,5043.7608,4941.2399,5043.148,167051902.0,410098755.61,1.0
000300.SH,2021-08-11,5037.0819,5059.7887,5009.9782,5015.3406,182266074.0,373386347.207,1.0
000300.SH,2021-08-12,4998.0733,5016.2628,4962.985,4973.3509,168223733.0,361828381.964,1.0
000300.SH,2021-08-13,4958.7577,4993.7432,4921.2812,4945.9829,158314321.0,352459069.036,1.0
000300.SH,2021-08-16,4935.9229,4973.3761,4931.3691,4941.0676,161953373.0,340735120.175,1.0
000300.SH,2021-08-17,4935.0044,4967.5648,4823.3923,4837.4034,187573472.0,388457131.504,1.0
000300.SH,2021-08-18,4838.4706,4909.5409,4818.9013,4894.2384,197474378.0,395792165.76,1.0
000300.SH,2021-08-19,4886.564,4893.467,4839.5681,4862.1394,201711719.0,397424964.846,1.0
000300.SH,2021-08-20,4817.4937,4835.153,4720.8257,4769.2678,177635810.0,404938035.667,1.0
000300.SH,2021-08-23,4777.7347,4843.8193,4764.0089,4835.8782,167579093.0,389599126.282,1.0
000300.SH,2021-08-24,4844.5925,4906.2036,4842.7476,4888.3902,197883163.0,417481426.158,1.0
000300.SH,2021-08-25,4890.5211,4899.7651,4865.7646,4898.1572,189448016.0,371868197.459,1.0
000300.SH,2021-08-26,4892.2044,4892.2044,4798.6954,4801.6094,197617387.0,368987718.506,1.0
000300.SH,2021-08-27,4794.974,4863.4692,4793.5908,4827.0433,183310211.0,368421410.281,1.0
000300.SH,2021-08-30,4847.0348,4849.1598,4787.1999,4813.2703,219635757.0,477182071.72,1.0
000300.SH,2021-08-31,4803.0854,4821.7564,4740.7524,4805.6099,235118658.0,460805653.996,1.0
000300.SH,2021-09-01,4804.6863,4906.4024,4763.2992,4869.4587,326721080.0,568819748.406,1.0
000300.SH,2021-09-02,4865.8218,4892.7049,4845.6246,4869.4113,267858013.0,465954132.797,1.0
000300.SH,2021-09-03,4875.0656,4886.5477,4828.6991,4843.0624,268091896.0,466430119.7,1.0
000300.SH,2021-09-06,4841.0623,4944.4497,4837.7859,4933.7262,240507245.0,452756275.292,1.0
000300.SH,2021-09-07,4932.9759,5005.9606,4915.6119,4992.8294,244178519.0,417759639.121,1.0
000300.SH,2021-09-08,4986.7953,5013.9764,4955.8876,4972.1324,264615315.0,428591077.708,1.0
000300.SH,2021-09-09,4952.4924,4970.147,4929.9501,4970.0133,256530217.0,401675689.276,1.0
000300.SH,2021-09-10,4967.9759,5042.7994,4962.3707,5013.5219,288304352.0,472762533.239,1.0
000300.SH,2021-09-13,5006.7748,5029.7237,4964.9599,4991.6598,249915298.0,433329627.421,1.0
000300.SH,2021-09-14,4989.8348,5000.9772,4907.3159,4917.1617,245590402.0,417245830.782,1.0
000300.SH,2021-09-15,4903.8471,4903.8471,4843.1158,4867.3187,187984730.0,363256653.878,1.0
000300.SH,2021-09-16,4866.7936,4879.5306,4806.1442,4807.6978,216752099.0,393517267.166,1.0
000300.SH,2021-09-17,4797.1129,4857.958,4786.0876,4855.9402,201958127.0,360397420.087,1.0
000300.SH,2021-09-22,4770.7323,4830.8496,4765.2301,4821.7675,191220376.0,311952989.432,1.0
000300.SH,2021-09-23,4848.2223,4877.3359,4837.5571,4853.1957,228151064.0,362140919.563,1.0
000300.SH,2021-09-24,4845.638,4897.0596,4838.5352,4849.4277,207693290.0,361849453.197,1.0
000300.SH,2021-09-27,4870.8482,4922.5626,4852.1997,4877.3698,215967030.0,426083025.418,1.0
000300.SH,2021-09-28,4869.0845,4901.3114,4846.6306,4883.828,176890880.0,321272191.534,1.0
000300.SH,2021-09-29,4846.0212,4868.0678,4799.877,4833.9281,188171366.0,331841767.749,1.0
000300.SH,2021-09-30,4843.9531,4876.0728,4843.9531,4866.3826,146113896.0,283254685.232,1.0
000300.SH,2021-10-08,4915.7305,4937.0918,4891.6249,4929.9409,168968077.0,343635835.306,1.0
000300.SH,2021-10-11,4941.2918,4983.7294,4930.7132,4936.1918,163511624.0,315186321.382,1.0
000300.SH,2021-10-12,4920.6596,4925.4883,4840.77,4883.8369,168079337.0,299424238.601,1.0
000300.SH,2021-10-13,4880.144,4953.3749,4869.8307,4940.1089,131142813.0,280044666.628,1.0
000300.SH,2021-10-14,4934.2575,4953.9231,4903.2498,4913.6123,119557013.0,249151666.554,1.0
000300.SH,2021-10-15,4896.5578,4939.8153,4881.0136,4932.1084,142822001.0,300728491.201,1.0
000300.SH,2021-10-18,4922.5137,4922.5137,4844.9383,4874.7753,141245199.0,302539444.437,1.0
000300.SH,2021-10-19,4869.3907,4928.1433,4868.8106,4922.7232,135266493.0,282928243.807,1.0
000300.SH,2021-10-20,4926.7727,4944.0216,4898.3651,4910.1846,141533183.0,279747732.455,1.0
000300.SH,2021-10-21,4914.7378,4946.1764,4893.8525,4928.0156,148898154.0,274802962.495,1.0
000300.SH,2021-10-22,4934.8698,4989.887,4934.8698,4959.7254,143926228.0,289252612.2,1.0
000300.SH,2021-10-25,4940.8962,4981.6499,4930.112,4979.5235,141861490.0,299408232.158,1.0
000300.SH,2021-10-26,4983.2383,5002.5746,4953.4787,4963.0984,140888943.0,301786229.74,1.0
000300.SH,2021-10-27,4949.2269,4949.2269,4884.9418,4898.1644,147111593.0,299460469.415,1.0
000300.SH,2021-10-28,4882.5858,4898.6576,4846.2779,4864.138,156649472.0,316631709.566,1.0
000300.SH,2021-10-29,4861.2667,4908.7701,4855.7593,4908.7701,159887353.0,368731987.31,1.0
000300.SH,2021-11-01,4878.1276,4908.2056,4858.2485,4890.6851,171583974.0,379730767.559,1.0
000300.SH,2021-11-02,4886.1849,4911.2266,4797.899,4839.8457,185437688.0,385731879.818,1.0
000300.SH,2021-11-03,4835.8093,4858.7133,4804.3657,4821.1119,142763820.0,302269934.656,1.0
000300.SH,2021-11-04,4841.0912,4873.9394,4834.7433,4868.7419,132592970.0,308688054.574,1.0
000300.SH,2021-11-05,4858.8999,4889.6835,4841.7442,4842.3458,147789359.0,312070841.453,1.0
000300.SH,2021-11-08,4841.1527,4866.0822,4827.6892,4848.1795,137398264.0,295893824.0,1.0
000300.SH,2021-11-09,4858.2525,4870.7905,4818.5386,4846.7444,118375526.0,261645065.376,1.0
000300.SH,2021-11-10,4832.8006,4832.8006,4753.9959,4821.1925,135118179.0,301058966.271,1.0
000300.SH,2021-11-11,4814.7655,4898.6529,4809.1109,4898.6529,160484863.0,323624626.069,1.0
000300.SH,2021-11-12,4902.9289,4909.0839,4875.3492,4888.3749,132662969.0,271773244.503,1.0
000300.SH,2021-11-15,4894.4119,4906.3301,4863.396,4882.3777,121823149.0,272997748.91,1.0
000300.SH,2021-11-16,4880.8964,4915.3717,4876.5004,4883.3206,127254406.0,284094590.893,1.0
000300.SH,2021-11-17,4883.2481,4891.5232,4864.5198,4885.7544,108459223.0,246177916.949,1.0
000300.SH,2021-11-18,4871.4216,4871.4216,4830.4123,4837.6185,114480565.0,244484713.797,1.0
000300.SH,2021-11-19,4832.0595,4892.8093,4829.5665,4890.0575,127198312.0,266280681.864,1.0
000300.SH,2021-11-22,4895.3875,4918.9957,4893.2732,4912.399,138092836.0,316148811.48,1.0
000300.SH,2021-11-23,4905.7587,4927.5211,4896.8781,4913.3457,154304411.0,301022146.081,1.0
000300.SH,2021-11-24,4914.0266,4935.4885,4899.6112,4916.6579,137150673.0,289707337.709,1.0
000300.SH,2021-11-25,4917.6055,4921.3333,4891.728,4896.4416,115984031.0,255450994.352,1.0
000300.SH,2021-11-26,4886.9516,4886.9516,4850.8114,4860.1265,120368974.0,243041335.647,1.0
000300.SH,2021-11-29,4820.0053,4858.5322,4818.7058,4851.423,133626862.0,285995221.657,1.0
000300.SH,2021-11-30,4857.183,4871.2528,4810.2192,4832.026,129630596.0,279268234.018,1.0
000300.SH,2021-12-01,4831.8885,4844.5242,4823.9254,4843.851,123086789.0,255968912.362,1.0
000300.SH,2021-12-02,4839.9137,4866.8505,4830.3228,4856.163,148088521.0,278051726.156,1.0
000300.SH,2021-12-03,4856.9802,4901.0175,4853.3505,4901.0175,144059626.0,300052698.342,1.0
000300.SH,2021-12-06,4909.4292,4943.9032,4888.6927,4892.6209,173615683.0,333405791.015,1.0
000300.SH,2021-12-07,4930.8261,4934.0973,4895.2178,4922.1015,179053460.0,340617766.238,1.0
000300.SH,2021-12-08,4934.4056,4995.9298,4915.7898,4995.9298,157490559.0,329064831.239,1.0
000300.SH,2021-12-09,5000.6871,5114.5012,4999.4097,5078.6901,220568776.0,425680958.779,1.0
000300.SH,2021-12-10,5046.2677,5060.0554,5035.8087,5055.1172,193695154.0,356917625.38,1.0
000300.SH,2021-12-13,5090.0207,5143.841,5079.7276,5083.8007,211801596.0,426376532.477,1.0
000300.SH,2021-12-14,5066.3497,5075.2138,5038.8583,5049.6953,159107790.0,318685538.074,1.0
000300.SH,2021-12-15,5036.284,5060.368,5003.7776,5005.8991,150529752.0,291072568.761,1.0
000300.SH,2021-12-16,5006.6105,5034.7321,4987.2247,5034.7321,144053867.0,291474766.866,1.0
000300.SH,2021-12-17,5021.3385,5022.1067,4954.7592,4954.7599,149005399.0,297943311.187,1.0
000300.SH,2021-12-20,4934.9662,4971.6727,4872.6846,4880.4178,169675690.0,317536919.39,1.0
000300.SH,2021-12-21,4876.5141,4917.7994,4872.9491,4913.4853,143339898.0,259023177.323,1.0
000300.SH,2021-12-22,4924.5771,4936.6731,4903.1652,4914.4544,133256740.0,244642450.514,1.0
000300.SH,2021-12-23,4924.2912,4948.7389,4906.7473,4948.7389,139555406.0,263359754.801,1.0
000300.SH,2021-12-24,4953.0616,4964.9064,4905.9785,4921.3449,142673323.0,290483663.506,1.0
000300.SH,2021-12-27,4918.1462,4939.689,4894.1598,4919.3238,124100952.0,254421525.173,1.0
000300.SH,2021-12-28,4923.6917,4959.1448,4913.5983,4955.9644,130457757.0,276316732.181,1.0
000300.SH,2021-12-29,4958.6455,4958.6455,4883.4804,4883.4804,113587002.0,273225467.112,1.0
000300.SH,2021-12-30,4882.1561,4940.178,4878.6478,4921.5109,121617178.0,268022477.312,1.0
000300.SH,2021-12-31,4937.463,4950.3639,4923.1392,4940.3733,121313737.0,266975388.723,1.0
000300.SH,2022-01-04,4957.9835,4961.4527,4874.5337,4917.7653,151534776.0,336516961.627,1.0
000300.SH,2022-01-05,4907.9347,4916.2822,4851.9835,4868.1202,178816100.0,363944528.848,1.0
000300.SH,2022-01-06,4842.156,4857.5596,4786.433,4818.2318,157665826.0,321750076.5,1.0
000300.SH,2022-01-07,4824.3181,4856.6522,4818.1931,4822.3689,187139413.0,332218950.735,1.0
000300.SH,2022-01-10,4812.23,4844.3928,4780.8191,4844.0451,156211696.0,305033816.784,1.0
000300.SH,2022-01-11,4840.0087,4850.879,4791.8854,4797.7735,146928004.0,286445756.034,1.0
000300.SH,2022-01-12,4818.8902,4852.7314,4810.919,4845.5787,143200204.0,293153042.845,1.0
000300.SH,2022-01-13,4853.0314,4853.0632,4765.2416,4765.9191,142519653.0,288799117.043,1.0
000300.SH,2022-01-14,4743.9124,4764.0522,4723.9428,4726.7317,146863126.0,281828448.517,1.0
000300.SH,2022-01-17,4728.7595,4775.2385,4726.7083,4767.2762,115295691.0,263788241.676,1.0
000300.SH,2022-01-18,4766.7811,4826.3003,4747.92,4813.3472,150870802.0,282749393.139,1.0
000300.SH,2022-01-19,4815.8106,4828.7522,4755.9301,4780.3784,133927360.0,275534557.469,1.0
000300.SH,2022-01-20,4778.2616,4845.0048,4777.5683,4823.5091,164971315.0,304344267.971,1.0
000300.SH,2022-01-21,4808.7733,4818.3052,4762.5641,4779.3142,138952585.0,274699155.294,1.0
000300.SH,2022-01-24,4753.9413,4801.0976,4746.4479,4786.7377,114463880.0,246261594.853,1.0
000300.SH,2022-01-25,4761.95,4781.3908,4678.2472,4678.4511,133667586.0,250555769.168,1.0
000300.SH,2022-01-26,4697.0991,4718.9946,4648.1283,4712.3109,107070842.0,226553448.357,1.0
000300.SH,2022-01-27,4708.0989,4708.4364,4616.0273,4619.8765,121263804.0,250535654.824,1.0
000300.SH,2022-01-28,4641.8137,4660.519,4559.8331,4563.772,126480112.0,263967891.828,1.0
000300.SH,2022-02-07,4638.5754,4672.6535,4615.0052,4634.0899,144849720.0,266031793.985,1.0
000300.SH,2022-02-08,4626.4365,4626.4365,4522.4709,4608.7729,155830708.0,281364873.763,1.0
000300.SH,2022-02-09,4608.1491,4659.4611,4595.2826,4652.0609,148335547.0,273771960.506,1.0
000300.SH,2022-02-10,4657.2107,4657.2107,4608.0905,4639.8625,151576666.0,287224388.086,1.0
000300.SH,2022-02-11,4617.8741,4662.5963,4595.8751,4601.3953,155974584.0,307938016.715,1.0
000300.SH,2022-02-14,4579.4202,4593.6324,4530.0566,4551.6878,143673894.0,275737553.467,1.0
000300.SH,2022-02-15,4553.8112,4601.453,4550.543,4600.1025,115025600.0,249977008.675,1.0
000300.SH,2022-02-16,4619.8458,4643.1003,4607.2178,4617.9893,107258955.0,210190931.036,1.0
000300.SH,2022-02-17,4616.8955,4650.1591,4606.9522,4629.1649,110014643.0,227946249.307,1.0
000300.SH,2022-02-18,4604.5669,4651.3415,4598.1003,4651.2358,104550228.0,195825700.478,1.0
000300.SH,2022-02-21,4646.0522,4646.6724,4613.2971,4634.3141,112516512.0,215039182.297,1.0
000300.SH,2022-02-22,4601.9184,4602.066,4550.804,4574.1527,123317237.0,246872960.668,1.0
000300.SH,2022-02-23,4582.0064,4625.2979,4579.2945,4623.0465,122952916.0,259050146.194,1.0
000300.SH,2022-02-24,4592.069,4610.8792,4488.4763,4529.3189,184403058.0,342346666.857,1.0
000300.SH,2022-02-25,4564.6321,4611.8602,4561.8964,4573.4247,149722583.0,271727599.672,1.0
000300.SH,2022-02-28,4563.7427,4581.6459,4530.6764,4581.6459,135406978.0,248363727.483,1.0
000300.SH,2022-03-01,4597.855,4623.4312,4583.917,4619.6862,123139220.0,260431185.064,1.0
000300.SH,2022-03-02,4594.017,4594.017,4558.4416,4578.6007,113298325.0,215299655.365,1.0
000300.SH,2022-03-03,4595.0249,4599.3973,4544.4313,4551.6283,138285877.0,242701771.996,1.0
000300.SH,2022-03-04,4513.3636,4539.3925,4481.4927,4496.4301,127266806.0,249970282.271,1.0
000300.SH,2022-03-07,4462.5174,4462.5174,4338.3042,4352.7775,162197706.0,306898527.658,1.0
000300.SH,2022-03-08,4361.6424,4383.6467,4252.5386,4265.391,167863277.0,315176698.371,1.0
000300.SH,2022-03-09,4280.9789,4304.482,4068.193,4226.3463,194232900.0,341009391.866,1.0
000300.SH,2022-03-10,4326.2035,4335.6731,4288.5078,4292.8374,145266383.0,301636182.195,1.0
000300.SH,2022-03-11,4231.1961,4316.044,4176.4522,4306.5217,152399921.0,295008832.432,1.0
000300.SH,2022-03-14,4248.1526,4280.3609,4174.7577,4174.7577,130187236.0,260691659.461,1.0
000300.SH,2022-03-15,4125.4866,4163.4176,3983.812,3983.812,202524699.0,346988947.368,1.0
000300.SH,2022-03-16,4053.099,4168.5853,3942.861,4156.081,196021982.0,378883588.29,1.0
000300.SH,2022-03-17,4237.6722,4302.7426,4217.8038,4237.6956,179407344.0,385039197.286,1.0
000300.SH,2022-03-18,4218.4736,4283.3679,4194.9402,4265.9017,149458305.0,275791291.073,1.0
000300.SH,2022-03-21,4280.1397,4287.8166,4223.024,4258.7459,127036360.0,251214543.321,1.0
000300.SH,2022-03-22,4252.5658,4283.3344,4236.6888,4255.295,126382470.0,226213533.985,1.0
000300.SH,2022-03-23,4269.6088,4287.5771,4241.957,4276.5174,117089078.0,226390778.403,1.0
000300.SH,2022-03-24,4249.5328,4273.9568,4216.8506,4251.3061,108918272.0,219594430.54,1.0
000300.SH,2022-03-25,4249.0731,4254.8449,4173.93,4174.5742,108808046.0,217013187.265,1.0
000300.SH,2022-03-28,4128.8379,4174.1206,4091.2978,4148.4663,118449021.0,213468973.998,1.0
000300.SH,2022-03-29,4155.4182,4177.2134,4124.7179,4134.1441,100266972.0,199463853.668,1.0
000300.SH,2022-03-30,4162.1666,4254.0989,4160.7351,4254.0989,138346024.0,268869181.171,1.0
000300.SH,2022-03-31,4234.7159,4247.3602,4214.5352,4222.5968,134029185.0,238877216.806,1.0
000300.SH,2022-04-01,4198.8191,4290.671,4190.0835,4276.158,133803053.0,244758870.755,1.0
000300.SH,2022-04-06,4258.8325,4277.5238,4236.7283,4263.8411,159062195.0,253690929.898,1.0
000300.SH,2022-04-07,4240.0237,4278.1127,4205.743,4209.0998,134880353.0,216996185.504,1.0
000300.SH,2022-04-08,4213.2107,4237.8126,4175.5287,4230.7669,142843793.0,229081764.759,1.0
000300.SH,2022-04-11,4203.7902,4203.7902,4089.0934,4100.0703,148197071.0,265224932.472,1.0
000300.SH,2022-04-12,4102.9711,4179.9727,4075.796,4179.9727,144285684.0,252830412.756,1.0
000300.SH,2022-04-13,4154.4121,4194.0374,4139.737,4139.737,125097489.0,221281029.56,1.0
000300.SH,2022-04-14,4172.6443,4217.0612,4155.5509,4191.5684,124791316.0,245993822.041,1.0
000300.SH,2022-04-15,4162.3718,4211.3174,4152.974,4188.7472,124762263.0,226229740.275,1.0
000300.SH,2022-04-18,4152.9306,4171.7427,4119.9941,4166.3844,117504610.0,212855328.187,1.0
000300.SH,2022-04-19,4161.9328,4186.9389,4115.4184,4134.9017,110217471.0,208570579.129,1.0
000300.SH,2022-04-20,4130.5427,4136.1661,4060.5044,4070.7889,117331658.0,216536635.695,1.0
000300.SH,2022-04-21,4048.7338,4086.4393,3978.3669,3995.83,132783828.0,227026679.682,1.0
000300.SH,2022-04-22,3967.2016,4037.084,3953.7217,4013.2498,122101811.0,206371766.716,1.0
000300.SH,2022-04-25,3933.4459,3958.2102,3814.9127,3814.9127,168364502.0,272889272.275,1.0
000300.SH,2022-04-26,3822.4887,3871.8498,3773.8986,3784.1198,157577611.0,259626354.225,1.0
000300.SH,2022-04-27,3758.0835,3895.731,3757.0859,3895.5361,172734046.0,296924102.939,1.0
000300.SH,2022-04-28,3883.4196,3943.4349,3873.5781,3921.1073,153056586.0,268502242.453,1.0
000300.SH,2022-04-29,3939.6238,4017.4281,3898.5701,4016.241,179458377.0,321414877.428,1.0
000300.SH,2022-05-05,3995.3533,4039.7,3988.9312,4010.2102,154170716.0,290538230.663,1.0
000300.SH,2022-05-06,3928.8548,3947.2378,3902.051,3908.815,123005551.0,214825174.047,1.0
000300.SH,2022-05-09,3883.9514,3914.1116,3854.9353,3877.4364,92936694.0,171756502.864,1.0
000300.SH,2022-05-10,3820.6278,3932.6823,3808.5699,3919.8684,136416918.0,239060211.933,1.0
000300.SH,2022-05-11,3917.9322,4033.3026,3916.5249,3976.4231,165632256.0,309294912.8,1.0
000300.SH,2022-05-12,3949.949,3985.9268,3935.5886,3958.74,113376066.0,202029156.4,1.0
000300.SH,2022-05-13,3983.8201,4003.8539,3957.1392,3988.6002,109968357.0,195727044.9,1.0
000300.SH,2022-05-16,4014.9955,4018.0283,3947.7461,3956.5378,112425294.0,199717909.5,1.0
000300.SH,2022-05-17,3961.7605,4005.8934,3955.1018,4005.8934,109661454.0,210117539.7,1.0
000300.SH,2022-05-18,4015.0134,4017.341,3964.7503,3991.9069,108074233.0,201800666.052,1.0
000300.SH,2022-05-19,3938.2964,3999.5984,3933.7452,3999.5984,116293420.0,210206681.642,1.0
000300.SH,2022-05-20,4020.8162,4077.6016,4020.8162,4077.5998,147069173.0,265609089.943,1.0
000300.SH,2022-05-23,4080.9694,4080.9694,4029.0846,4053.9823,130477810.0,225981540.919,1.0
000300.SH,2022-05-24,4052.8675,4055.783,3959.1541,3959.1541,145554336.0,247713039.713,1.0
000300.SH,2022-05-25,3959.7672,3983.6236,3946.8083,3983.1784,107734015.0,188700537.391,1.0
000300.SH,2022-05-26,3987.6815,4015.7468,3938.2389,3993.0446,126263689.0,216987025.401,1.0
000300.SH,2022-05-27,4022.7095,4051.1428,3983.3838,4001.2988,112769337.0,206944426.227,1.0
000300.SH,2022-05-30,4020.8584,4040.819,4003.3768,4029.0179,111152241.0,211144721.616,1.0
000300.SH,2022-05-31,4031.7621,4096.1971,4020.3781,4091.5176,135415513.0,267770088.726,1.0
000300.SH,2022-06-01,4086.6177,4094.9008,4058.8468,4083.1772,114850879.0,225416237.873,1.0
000300.SH,2022-06-02,4063.9996,4091.152,4057.9135,4089.5682,113893638.0,222657537.906,1.0
000300.SH,2022-06-06,4090.5286,4166.6151,4063.9057,4166.085,167871011.0,324075626.903,1.0
000300.SH,2022-06-07,4165.6899,4198.0863,4155.1683,4179.1285,142992881.0,285733722.333,1.0
000300.SH,2022-06-08,4187.1483,4224.8096,4158.0329,4219.8122,157374057.0,319480252.837,1.0
000300.SH,2022-06-09,4211.7225,4227.4484,4160.8814,4175.6747,168449154.0,285172804.212,1.0
000300.SH,2022-06-10,4145.6505,4241.3541,4140.2203,4238.9936,184796214.0,324091440.663,1.0
000300.SH,2022-06-13,4194.4574,4218.2327,4156.7146,4189.3527,168475622.0,336585670.508,1.0
000300.SH,2022-06-14,4143.2232,4224.0857,4102.929,4222.3114,171385904.0,335418557.932,1.0
000300.SH,2022-06-15,4228.2926,4348.4226,4228.2926,4278.2178,257046590.0,459766820.665,1.0
000300.SH,2022-06-16,4282.0827,4302.9212,4241.075,4250.0614,184074416.0,337235911.542,1.0
000300.SH,2022-06-17,4219.2339,4318.7655,4218.6817,4309.0444,158649098.0,346675726.829,1.0
000300.SH,2022-06-20,4322.8324,4368.3555,4297.8912,4330.4328,165666382.0,359569296.86,1.0
000300.SH,2022-06-21,4327.9159,4357.3396,4287.1406,4325.5657,164667615.0,317163317.74,1.0
000300.SH,2022-06-22,4331.902,4333.1827,4269.2456,4270.6227,158565854.0,298656263.311,1.0
000300.SH,2022-06-23,4277.9555,4343.8781,4260.9002,4343.8781,170882360.0,327144780.544,1.0
000300.SH,2022-06-24,4354.553,4400.6852,4346.1221,4394.7723,168972199.0,356054750.522,1.0
000300.SH,2022-06-27,4414.3321,4472.6948,4414.3321,4444.2639,177385676.0,381432966.328,1.0
000300.SH,2022-06-28,4442.5811,4497.8949,4407.3519,4490.5166,174756489.0,361685970.664,1.0
000300.SH,2022-06-29,4472.7346,4503.1307,4413.9961,4421.357,187276688.0,395926107.699,1.0
000300.SH,2022-06-30,4418.0656,4514.9968,4418.0656,4485.0108,156666289.0,354343886.76,1.0
000300.SH,2022-07-01,4489.5204,4500.9853,4449.2914,4466.7179,144779599.0,318492130.2,1.0
000300.SH,2022-07-04,4447.2159,4496.0338,4427.8232,4496.0303,146345651.0,356968521.261,1.0
000300.SH,2022-07-05,4505.4572,4530.3245,4439.4511,4489.5383,154962415.0,361891850.839,1.0
000300.SH,2022-07-06,4475.4815,4484.3615,4393.4165,4423.9698,149800235.0,344672707.728,1.0
000300.SH,2022-07-07,4425.2814,4457.3431,4391.1938,4443.4736,132660906.0,328133133.657,1.0
000300.SH,2022-07-08,4468.0627,4479.4937,4426.8856,4428.781,123195739.0,304031107.303,1.0
000300.SH,2022-07-11,4406.1476,4406.1476,4330.5819,4354.6167,134448578.0,299195233.43,1.0
000300.SH,2022-07-12,4352.6456,4370.3411,4296.6215,4313.6184,130187838.0,291072311.85,1.0
000300.SH,2022-07-13,4313.3589,4341.4663,4284.9419,4321.4617,131113179.0,286075545.407,1.0
000300.SH,2022-07-14,4308.8229,4352.0978,4292.7595,4322.0742,145250926.0,301569861.037,1.0
000300.SH,2022-07-15,4299.4714,4344.8572,4248.5273,4248.5273,150214453.0,316793192.67,1.0
000300.SH,2022-07-18,4262.1539,4300.7777,4217.5064,4292.5858,122601192.0,281055128.64,1.0
000300.SH,2022-07-19,4288.4441,4288.4441,4238.8238,4269.3401,103805730.0,231117731.807,1.0
000300.SH,2022-07-20,4291.2808,4303.3668,4269.9717,4283.8027,94490144.0,212301881.408,1.0
000300.SH,2022-07-21,4270.3624,4283.1471,4236.0499,4236.0578,117156344.0,239228146.812,1.0
000300.SH,2022-07-22,4251.7867,4275.4696,4207.3135,4238.2341,103840624.0,224295333.457,1.0
000300.SH,2022-07-25,4233.9277,4234.8448,4201.919,4212.6441,83636664.0,188136426.673,1.0
000300.SH,2022-07-26,4220.0911,4259.9854,4214.5343,4245.9758,85823274.0,197601406.374,1.0
000300.SH,2022-07-27,4236.154,4242.0951,4217.2809,4225.0357,78904940.0,194245303.807,1.0
000300.SH,2022-07-28,4242.2743,4267.9181,4223.029,4225.6733,107531930.0,243871486.472,1.0
000300.SH,2022-07-29,4226.4245,4243.5143,4160.8735,4170.1019,114179286.0,253198574.648,1.0
000300.SH,2022-08-01,4160.6478,4196.5743,4129.4528,4188.6784,107749029.0,251125308.598,1.0
000300.SH,2022-08-02,4144.3765,4144.3765,4071.431,4107.024,142224425.0,281013555.28,1.0
000300.SH,2022-08-03,4114.8251,4150.9804,4058.1792,4066.9754,116666124.0,268695834.765,1.0
000300.SH,2022-08-04,4089.4419,4108.1591,4064.6594,4101.5367,89532644.0,216898674.902,1.0
000300.SH,2022-08-05,4109.6287,4159.485,4097.8625,4156.9111,102571004.0,247325902.015,1.0
000300.SH,2022-08-08,4142.1111,4155.7301,4135.0809,4148.0746,90208138.0,224080812.055,1.0
000300.SH,2022-08-09,4143.666,4161.8086,4131.4252,4156.2907,84136959.0,214223692.26,1.0
000300.SH,2022-08-10,4149.2071,4160.7871,4092.5455,4109.7373,85565839.0,217447368.47,1.0
000300.SH,2022-08-11,4130.741,4193.8115,4116.0558,4193.5428,121385051.0,269630998.407,1.0
000300.SH,2022-08-12,4185.4203,4202.4663,4175.0501,4191.152,106808295.0,219208055.255,1.0
000300.SH,2022-08-15,4180.0006,4219.9183,4174.3,4185.6794,105898495.0,245539800.985,1.0
000300.SH,2022-08-16,4190.5269,4208.8006,4170.5197,4177.837,93906139.0,233818584.732,1.0
000300.SH,2022-08-17,4182.5668,4222.7866,4155.1734,4216.9586,112864659.0,252044325.052,1.0
000300.SH,2022-08-18,4205.7851,4211.9141,4173.541,4180.0996,101052650.0,233115491.39,1.0
000300.SH,2022-08-19,4174.5458,4185.6579,4151.0738,4151.0738,117402978.0,262494128.152,1.0
000300.SH,2022-08-22,4135.1623,4183.6498,4134.2008,4181.3965,112442720.0,259747163.698,1.0
000300.SH,2022-08-23,4175.5314,4187.3875,4147.4127,4161.0823,103153512.0,239101330.833,1.0
000300.SH,2022-08-24,4168.5764,4174.1565,4079.0934,4082.4195,119069679.0,262844309.316,1.0
000300.SH,2022-08-25,4093.2949,4119.6196,4058.7454,4116.2396,111320745.0,242149581.478,1.0
000300.SH,2022-08-26,4127.8142,4139.7879,4102.6818,4107.5455,99000493.0,225519196.8,1.0
000300.SH,2022-08-29,4063.8825,4092.9474,4059.5963,4089.5205,94354432.0,203086114.712,1.0
000300.SH,2022-08-30,4088.5262,4093.1356,4048.5244,4075.7937,93301662.0,192649001.278,1.0
000300.SH,2022-08-31,4057.1443,4112.8485,4046.6225,4078.8402,132449765.0,292974665.546,1.0
000300.SH,2022-09-01,4066.1869,4090.8852,4041.1281,4043.7395,97387071.0,210898503.454,1.0
000300.SH,2022-09-02,4054.8423,4056.1805,4004.911,4023.6131,86789278.0,184468327.006,1.0
000300.SH,2022-09-05,4010.4052,4016.9986,3982.7395,4015.4264,93767109.0,201118696.559,1.0
000300.SH,2022-09-06,4024.4726,4054.004,4009.5826,4052.2802,113506265.0,235921838.118,1.0
000300.SH,2022-09-07,4032.7231,4067.5437,4028.374,4054.983,107678059.0,215147152.182,1.0
000300.SH,2022-09-08,4059.1689,4067.758,4036.0226,4037.6839,100886049.0,186889047.981,1.0
000300.SH,2022-09-09,4050.5853,4099.0081,4042.2498,4093.7874,118427114.0,221442547.204,1.0
000300.SH,2022-09-13,4112.0123,4128.1113,4097.1408,4111.1145,111789737.0,218521062.136,1.0
000300.SH,2022-09-14,4058.0441,4089.0583,4047.9187,4065.359,90793681.0,185484965.111,1.0
000300.SH,2022-09-15,4078.6495,4088.8078,3998.8564,4027.1186,123951196.0,254367492.776,1.0
000300.SH,2022-09-16,4013.5829,4019.4104,3932.6826,3932.6826,137193655.0,241251840.05,1.0
000300.SH,2022-09-19,3928.4239,3953.6494,3910.3106,3928.0001,97719575.0,183574440.582,1.0
000300.SH,2022-09-20,3945.6467,3957.5538,3921.6884,3932.8361,84824134.0,179248153.538,1.0
000300.SH,2022-09-21,3921.3177,3924.3914,3884.2268,3903.7348,86458391.0,168939074.343,1.0
000300.SH,2022-09-22,3875.1771,3900.2736,3860.2308,3869.344,80946919.0,161134102.784,1.0
000300.SH,2022-09-23,3865.1049,3888.3958,3829.6913,3856.0212,94342462.0,172904807.364,1.0
000300.SH,2022-09-26,3829.5958,3893.3186,3827.9498,3836.6773,104526031.0,192906200.254,1.0
000300.SH,2022-09-27,3844.0692,3893.0283,3827.9265,3892.295,88860160.0,185955247.353,1.0
000300.SH,2022-09-28,3879.4398,3879.4398,3828.0545,3828.7098,86592213.0,172438042.788,1.0
000300.SH,2022-09-29,3864.316,3873.1823,3808.6496,3827.1434,85654142.0,171635940.008,1.0
000300.SH,2022-09-30,3833.3504,3848.6018,3801.2798,3804.8853,78559966.0,158692748.773,1.0
000300.SH,2022-10-10,3806.5596,3807.4574,3715.7142,3720.9365,102647595.0,194635904.094,1.0
000300.SH,2022-10-11,3732.0191,3739.8084,3706.0629,3727.6867,83944625.0,166800394.853,1.0
000300.SH,2022-10-12,3722.8659,3784.3064,3661.5255,3784.3064,108089319.0,210931362.292,1.0
000300.SH,2022-10-13,3756.4176,3783.596,3749.6393,3752.6729,99018915.0,198368891.549,1.0
000300.SH,2022-10-14,3783.316,3863.2265,3780.8415,3842.4698,116242293.0,256551271.975,1.0
000300.SH,2022-10-17,3822.2428,3849.6207,3809.1196,3846.4119,104192019.0,220488874.407,1.0
000300.SH,2022-10-18,3865.8258,3870.2155,3831.1723,3838.2667,88346907.0,186556295.766,1.0
000300.SH,2022-10-19,3827.4658,3840.487,3776.5335,3776.5335,81574844.0,186736408.23,1.0
000300.SH,2022-10-20,3746.5793,3804.2468,3726.7925,3754.9269,90290895.0,203781618.922,1.0
000300.SH,2022-10-21,3753.8903,3768.6895,3724.69,3742.8929,98750038.0,180686357.677,1.0
000300.SH,2022-10-24,3727.915,3762.158,3619.9876,3633.3733,130056864.0,259450743.134,1.0
000300.SH,2022-10-25,3621.9356,3670.7327,3594.7011,3627.4542,110953882.0,219302759.597,1.0
000300.SH,2022-10-26,3633.3107,3700.8797,3633.3107,3656.9027,121301548.0,242453810.572,1.0
000300.SH,2022-10-27,3667.6645,3685.0837,3631.0639,3631.1448,117998675.0,257473315.676,1.0
000300.SH,2022-10-28,3605.1598,3618.864,3533.4993,3541.3295,118772162.0,245816451.978,1.0
000300.SH,2022-10-31,3504.507,3553.3871,3495.9509,3508.7034,138465655.0,256574822.102,1.0
000300.SH,2022-11-01,3519.8174,3634.1732,3517.6209,3634.1732,149286698.0,295089928.407,1.0
000300.SH,2022-11-02,3620.3693,3703.465,3610.8029,3677.8051,141592919.0,291648245.712,1.0
000300.SH,2022-11-03,3645.0604,3670.1574,3628.4987,3647.8966,110566035.0,215379297.964,1.0
000300.SH,2022-11-04,3646.7709,3782.8823,3646.7709,3767.1746,149734949.0,311145477.555,1.0
000300.SH,2022-11-07,3754.5227,3792.7942,3746.3715,3775.2971,129826371.0,251195699.937,1.0
000300.SH,2022-11-08,3773.6612,3779.1156,3723.3415,3749.3251,99016451.0,193351324.897,1.0
000300.SH,2022-11-09,3750.7821,3760.4068,3711.268,3714.2704,89434525.0,172029529.944,1.0
000300.SH,2022-11-10,3685.8274,3701.5306,3665.0585,3685.6885,103509302.0,183155308.703,1.0
000300.SH,2022-11-11,3787.7568,3828.9004,3747.0902,3788.4387,189685586.0,344471326.267,1.0
000300.SH,2022-11-14,3818.1447,3848.4116,3781.7778,3794.0171,169665048.0,315536856.085,1.0
000300.SH,2022-11-15,3788.926,3871.6424,3775.4988,3865.9726,151515650.0,296268142.769,1.0
000300.SH,2022-11-16,3860.811,3877.6781,3829.3126,3834.3899,120610964.0,235844588.245,1.0
000300.SH,2022-11-17,3821.2709,3821.7419,3776.5739,3818.664,105940632.0,219540811.335,1.0
000300.SH,2022-11-18,3823.8207,3840.3018,3801.5686,3801.5686,115078777.0,224276131.008,1.0
000300.SH,2022-11-21,3769.627,3769.8731,3733.9954,3769.1269,95866966.0,188230373.665,1.0
000300.SH,2022-11-22,3766.0817,3809.8582,3751.0448,3769.5727,144486334.0,203490828.432,1.0
000300.SH,2022-11-23,3760.2157,3791.1782,3753.2136,3773.5287,144527911.0,201070601.178,1.0
000300.SH,2022-11-24,3791.5399,3804.8987,3751.3818,3756.8082,101073447.0,160698921.546,1.0
000300.SH,2022-11-25,3751.2822,3790.566,3743.4138,3775.7764,142929711.0,191711040.707,1.0
000300.SH,2022-11-28,3701.902,3736.0813,3672.1306,3733.2424,127825748.0,196305561.706,1.0
000300.SH,2022-11-29,3766.5702,3854.7742,3766.5702,3848.4224,178701392.0,289062336.431,1.0
000300.SH,2022-11-30,3836.5598,3867.6591,3833.8272,3853.0365,157511400.0,250051468.093,1.0
000300.SH,2022-12-01,3921.2954,3944.5645,3893.8718,3894.7687,169964585.0,306678195.716,1.0
000300.SH,2022-12-02,3886.4034,3898.1146,3865.8844,3870.9478,116786350.0,201253166.363,1.0
000300.SH,2022-12-05,3907.6375,3947.476,3900.6742,3946.8759,201747221.0,296615512.327,1.0
000300.SH,2022-12-06,3929.0063,3988.9007,3922.9969,3968.1979,155108323.0,275583430.841,1.0
000300.SH,2022-12-07,3956.6722,3999.5864,3944.1831,3958.4409,143001356.0,255490829.027,1.0
000300.SH,2022-12-08,3953.199,3971.4927,3941.2966,3959.1798,115199986.0,198037690.481,1.0
000300.SH,2022-12-09,3961.9919,4003.3178,3944.4396,3998.2442,153774954.0,268166789.657,1.0
000300.SH,2022-12-12,3976.1722,3983.4332,3950.3203,3953.4433,125935368.0,227606300.937,1.0
000300.SH,2022-12-13,3953.5482,3964.3957,3939.9795,3945.6813,100994100.0,184020700.11,1.0
000300.SH,2022-12-14,3952.7885,3972.7381,3935.7668,3954.8857,98528006.0,196175108.617,1.0
000300.SH,2022-12-15,3954.672,3963.5002,3926.4997,3951.9885,88864725.0,181994889.123,1.0
000300.SH,2022-12-16,3931.2318,3960.4705,3929.4873,3954.227,93178567.0,167488442.589,1.0
000300.SH,2022-12-19,3952.7707,3966.5679,3878.4367,3893.2207,106919075.0,180801387.702,1.0
000300.SH,2022-12-20,3881.2257,3881.2729,3811.4759,3829.0173,83096822.0,164046440.874,1.0
000300.SH,2022-12-21,3839.0009,3853.7272,3821.4037,3830.5384,64839215.0,123450040.36,1.0
000300.SH,2022-12-22,3859.2041,3882.1263,3821.3418,3836.028,83705173.0,163970306.951,1.0
000300.SH,2022-12-23,3811.6164,3848.3436,3805.9487,3828.2188,65278148.0,130559415.566,1.0
000300.SH,2022-12-26,3830.5682,3856.8066,3827.5186,3843.4887,73005712.0,148692832.422,1.0
000300.SH,2022-12-27,3860.9054,3891.8497,3856.58,3887.854,77515350.0,152032206.631,1.0
000300.SH,2022-12-28,3874.9132,3884.7205,3854.9406,3871.2644,84424656.0,160671122.031,1.0
000300.SH,2022-12-29,3854.2363,3868.2933,3838.4803,3856.7007,79394815.0,149011372.437,1.0
000300.SH,2022-12-30,3873.9358,3887.5527,3868.7569,3871.6338,78773272.0,148295049.382,1.0
000300.SH,2023-01-03,3864.8356,3893.9904,3831.245,3887.8992,115051875.0,207540165.953,1.0
000300.SH,2023-01-04,3886.2504,3905.9032,3873.6549,3892.9477,110660743.0,198997711.686,1.0
000300.SH,2023-01-05,3913.4928,3974.875,3912.26,3968.5782,116502395.0,256312608.292,1.0
000300.SH,2023-01-06,3969.5493,4000.4143,3966.4696,3980.8888,110953038.0,235744305.582,1.0
000300.SH,2023-01-09,3998.5278,4023.0898,3990.7073,4013.1196,117054425.0,233212426.458,1.0
000300.SH,2023-01-10,4014.7125,4030.4574,4002.2297,4017.4737,101751141.0,214871166.24,1.0
000300.SH,2023-01-11,4019.8844,4043.3991,4008.0153,4010.0309,99997889.0,203000262.961,1.0
000300.SH,2023-01-12,4021.7547,4030.2876,4003.5079,4017.8692,90552627.0,183686268.107,1.0
000300.SH,2023-01-13,4032.2906,4074.3772,4027.8864,4074.3772,95871896.0,212173997.498,1.0
000300.SH,2023-01-16,4077.8793,4177.1035,4076.6394,4137.9643,151395455.0,319007749.371,1.0
000300.SH,2023-01-17,4138.8433,4148.5838,4118.157,4137.2422,95479040.0,204381576.523,1.0
000300.SH,2023-01-18,4140.1019,4151.4577,4125.7687,4130.3143,84200645.0,172126171.819,1.0
000300.SH,2023-01-19,4125.5772,4156.0077,4105.9797,4156.0077,94608398.0,192699589.774,1.0
000300.SH,2023-01-20,4166.8444,4189.831,4161.6698,4181.5267,123553809.0,222342455.101,1.0
000300.SH,2023-01-30,4267.6248,4268.1522,4197.8596,4201.345,164607064.0,330193322.092,1.0
000300.SH,2023-01-31,4200.5813,4212.7347,4153.0484,4156.8578,124550835.0,249365321.627,1.0
000300.SH,2023-02-01,4170.1322,4195.9332,4137.7659,4195.9332,141008954.0,265553944.709,1.0
000300.SH,2023-02-02,4207.4123,4207.4123,4170.5565,4181.1493,133823736.0,262497434.837,1.0
000300.SH,2023-02-03,4162.0258,4162.0258,4103.1654,4141.6319,117041221.0,226914770.044,1.0
000300.SH,2023-02-06,4103.8307,4105.9445,4065.2224,4086.8779,110192717.0,226345113.969,1.0
000300.SH,2023-02-07,4098.3117,4107.3438,4077.9623,4094.2335,91360072.0,183537351.577,1.0
000300.SH,2023-02-08,4099.8573,4111.4745,4072.6474,4076.1411,84786099.0,170591751.817,1.0
000300.SH,2023-02-09,4067.5631,4130.8565,4064.7489,4130.8565,102289961.0,211722604.859,1.0
000300.SH,2023-02-10,4124.0986,4125.2893,4092.3472,4106.3097,96716733.0,195348320.573,1.0
000300.SH,2023-02-13,4098.8795,4146.45,4092.2729,4143.574,128892577.0,251990181.554,1.0
000300.SH,2023-02-14,4151.247,4152.0487,4125.2583,4145.2902,102499890.0,204915435.75,1.0
000300.SH,2023-02-15,4146.8547,4153.7159,4115.9671,4123.6893,121664508.0,219855528.966,1.0
000300.SH,2023-02-16,4125.4087,4167.9003,4068.8591,4093.4876,159310585.0,281315625.589,1.0
000300.SH,2023-02-17,4086.2237,4104.6398,4032.9285,4034.507,116142589.0,225737746.955,1.0
000300.SH,2023-02-20,4039.9623,4134.8623,4035.4762,4133.4896,161794481.0,280122962.15,1.0
000300.SH,2023-02-21,4130.0632,4151.7994,4116.2716,4144.3536,145776173.0,249674201.048,1.0
000300.SH,2023-02-22,4118.9669,4134.8759,4101.8596,4106.9506,104290295.0,191586158.991,1.0
000300.SH,2023-02-23,4106.2136,4132.3896,4088.2073,4103.6463,103564906.0,197193582.43,1.0
000300.SH,2023-02-24,4100.9897,4102.6094,4048.2374,4061.0457,100989425.0,191210465.053,1.0
000300.SH,2023-02-27,4040.4571,4067.0296,4034.5237,4043.8444,93787630.0,187959491.145,1.0
000300.SH,2023-02-28,4058.1298,4074.2639,4026.4476,4069.4587,110323591.0,198799712.379,1.0
000300.SH,2023-03-01,4068.7331,4135.4812,4061.2167,4126.9415,156015794.0,255374791.016,1.0
000300.SH,2023-03-02,4119.9919,4137.2525,4113.8264,4117.7377,148217637.0,235953764.97,1.0
000300.SH,2023-03-03,4126.0183,4135.2116,4100.3827,4130.5513,160331741.0,226914545.628,1.0
000300.SH,2023-03-06,4131.1525,4132.8367,4088.4484,4109.0102,162971807.0,283079861.972,1.0
000300.SH,2023-03-07,4103.6419,4124.9609,4046.5679,4048.8519,195912068.0,272491994.009,1.0
000300.SH,2023-03-08,4030.7387,4037.287,4011.5231,4034.1077,117936493.0,191659655.191,1.0
000300.SH,2023-03-09,4035.8433,4043.8493,4000.8901,4019.8505,116539629.0,201737990.687,1.0
000300.SH,2023-03-10,3991.7959,4004.3612,3966.428,3967.1352,123855409.0,218286956.131,1.0
000300.SH,2023-03-13,3962.6426,4008.686,3962.6426,4008.686,143561370.0,242865516.758,1.0
000300.SH,2023-03-14,3999.8803,4001.9415,3946.9405,3984.6956,150544174.0,267224848.811,1.0
000300.SH,2023-03-15,4011.8444,4018.7495,3986.902,3986.902,142026007.0,232101093.979,1.0
000300.SH,2023-03-16,3958.1962,3981.321,3936.4758,3939.1505,152515644.0,246264286.428,1.0
000300.SH,2023-03-17,3971.1585,4004.2153,3945.2501,3958.8194,177433818.0,305541015.556,1.0
000300.SH,2023-03-20,3962.6625,3979.5485,3935.0161,3939.077,205264970.0,319760032.638,1.0
000300.SH,2023-03-21,3948.1573,3982.7047,3948.1573,3982.3782,145090679.0,251631985.017,1.0
000300.SH,2023-03-22,3993.7849,4016.4495,3986.7093,3999.4427,149228970.0,265180992.104,1.0
000300.SH,2023-03-23,3985.9928,4039.0895,3983.9986,4039.0895,158887421.0,296479529.467,1.0
000300.SH,2023-03-24,4035.1564,4037.8417,4017.0028,4027.0457,159442330.0,295785588.943,1.0
000300.SH,2023-03-27,4023.3028,4023.3028,3987.0297,4012.4771,168482279.0,315474696.948,1.0
000300.SH,2023-03-28,4015.6973,4023.7834,3994.5999,3999.5147,131895117.0,248736920.972,1.0
000300.SH,2023-03-29,4013.5926,4017.7572,3992.6662,4006.144,133743510.0,263866922.733,1.0
000300.SH,2023-03-30,4009.5573,4040.5023,3983.8958,4038.5257,149901037.0,280004715.991,1.0
000300.SH,2023-03-31,4045.4538,4063.5675,4039.9587,4050.9257,138842546.0,279863685.781,1.0
000300.SH,2023-04-03,4059.6227,4094.9376,4059.0607,4090.5676,182124313.0,382895558.426,1.0
000300.SH,2023-04-04,4089.2932,4103.1583,4080.0682,4103.1052,197146631.0,394443175.146,1.0
000300.SH,2023-04-06,4084.132,4098.8332,4078.4048,4096.64,150703374.0,328981851.588,1.0
000300.SH,2023-04-07,4096.9009,4131.3126,4092.1848,4123.2799,128676738.0,286567771.883,1.0
000300.SH,2023-04-10,4132.0096,4132.2952,4099.0519,4104.8118,152453002.0,340822557.208,1.0
000300.SH,2023-04-11,4108.5062,4116.1247,4083.4946,4100.1479,153901333.0,324192951.999,1.0
000300.SH,2023-04-12,4102.3968,4108.2451,4090.2784,4097.2876,165965278.0,325425226.403,1.0
000300.SH,2023-04-13,4081.3871,4088.8809,4059.5744,4068.9786,156444295.0,300291020.753,1.0
000300.SH,2023-04-14,4078.9703,4098.2151,4075.2049,4091.9988,150695682.0,306201501.439,1.0
000300.SH,2023-04-17,4090.0719,4149.3836,4089.509,4149.3836,188773095.0,341831272.793,1.0
000300.SH,2023-04-18,4139.3088,4169.6678,4138.4618,4162.032,170184130.0,331545662.316,1.0
000300.SH,2023-04-19,4159.3938,4159.3938,4118.6261,4124.5589,162554592.0,312219504.523,1.0
000300.SH,2023-04-20,4122.9461,4125.8231,4094.0022,4113.0192,162706677.0,332172409.512,1.0
000300.SH,2023-04-21,4114.2642,4114.2642,4031.9123,4032.5672,180802435.0,347852011.603,1.0
000300.SH,2023-04-24,4031.303,4033.6367,3967.907,3982.6429,170099217.0,328375614.674,1.0
000300.SH,2023-04-25,3985.1055,3991.6868,3925.436,3962.6658,172555409.0,331110619.768,1.0
000300.SH,2023-04-26,3950.2553,3975.6562,3934.6625,3959.2323,162702006.0,322062811.334,1.0
000300.SH,2023-04-27,3948.0313,3999.1302,3942.8152,3988.4185,153828195.0,304804002.557,1.0
000300.SH,2023-04-28,3993.2561,4030.4469,3993.2561,4029.0858,179508488.0,328936294.025,1.0
000300.SH,2023-05-04,4013.4713,4035.7832,4001.1259,4030.2471,227582846.0,345492506.049,1.0
000300.SH,2023-05-05,4031.0946,4047.6015,3998.392,4016.8774,206626924.0,307694489.937,1.0
000300.SH,2023-05-08,4028.1056,4070.7724,4018.9608,4062.6624,255583085.0,359539954.17,1.0
000300.SH,2023-05-09,4065.439,4092.8501,4026.3886,4027.8754,279306048.0,396422120.421,1.0
000300.SH,2023-05-10,4017.9358,4019.0587,3984.6287,3996.8695,207552709.0,309484851.741,1.0
000300.SH,2023-05-11,4005.7823,4018.0579,3988.4816,3990.6637,144804619.0,241052071.432,1.0
000300.SH,2023-05-12,3987.769,3999.3831,3937.5274,3937.7622,144421728.0,228992923.388,1.0
000300.SH,2023-05-15,3938.83,3998.8872,3923.0317,3998.8872,176257362.0,279531163.508,1.0
000300.SH,2023-05-16,4002.5237,4005.015,3966.9921,3978.2054,136833271.0,234840652.671,1.0
000300.SH,2023-05-17,3971.7017,3982.6044,3945.7137,3960.165,118448185.0,205195685.976,1.0
000300.SH,2023-05-18,3965.5162,3982.7178,3939.5526,3956.0701,136533947.0,229134184.413,1.0
000300.SH,2023-05-19,3946.2215,3967.2816,3928.316,3944.5403,120212479.0,207094944.781,1.0
000300.SH,2023-05-22,3941.0015,3985.4031,3935.8015,3969.3277,109116605.0,202185550.246,1.0
000300.SH,2023-05-23,3968.2346,3971.939,3913.1882,3913.1882,118685077.0,189955815.34,1.0
000300.SH,2023-05-24,3903.7818,3903.7818,3859.0935,3859.0935,137258265.0,211768410.52,1.0
000300.SH,2023-05-25,3851.4053,3861.3815,3817.8365,3850.4996,124150770.0,213313620.055,1.0
000300.SH,2023-05-26,3848.4174,3859.6291,3815.5701,3850.9511,100326439.0,191537814.873,1.0
000300.SH,2023-05-29,3862.0838,3866.7238,3819.1822,3833.9416,131859967.0,230095604.813,1.0
000300.SH,2023-05-30,3827.7924,3844.0052,3789.2736,3837.7531,137619629.0,244566265.535,1.0
000300.SH,2023-05-31,3827.1634,3827.1634,3781.4034,3798.5434,126387368.0,235606123.948,1.0
000300.SH,2023-06-01,3788.5902,3832.2051,3786.7344,3806.8679,134561881.0,241829546.409,1.0
000300.SH,2023-06-02,3821.6198,3865.2843,3821.6198,3861.8337,125015110.0,232696547.131,1.0
000300.SH,2023-06-05,3860.5557,3860.5557,3832.4578,3844.2492,116163989.0,211144360.144,1.0
000300.SH,2023-06-06,3840.4587,3867.8452,3802.8449,3808.1629,125781258.0,222091722.592,1.0
000300.SH,2023-06-07,3815.4823,3823.1124,3780.1021,3789.3418,98862432.0,189879792.18,1.0
000300.SH,2023-06-08,3791.0826,3834.3888,3777.7752,3820.1867,118700934.0,199119300.65,1.0
000300.SH,2023-06-09,3822.4088,3836.7026,3811.2189,3836.7026,134319863.0,247296087.071,1.0
000300.SH,2023-06-12,3827.3253,3859.7156,3813.8577,3844.4324,126758543.0,240791270.474,1.0
000300.SH,2023-06-13,3838.1287,3867.3034,3833.4598,3864.9074,110924946.0,225435215.315,1.0
000300.SH,2023-06-14,3872.7155,3891.6656,3862.0609,3864.0247,124955759.0,243932581.184,1.0
000300.SH,2023-06-15,3871.7746,3925.4994,3871.7746,3925.4994,128369938.0,282635910.894,1.0
000300.SH,2023-06-16,3932.2114,3968.0128,3928.5419,3963.3509,139760076.0,280374762.838,1.0
000300.SH,2023-06-19,3957.0327,3957.0327,3922.4742,3930.9079,134905848.0,268213068.58,1.0
000300.SH,2023-06-20,3926.094,3937.4945,3918.473,3924.2377,122520318.0,266274081.287,1.0
000300.SH,2023-06-21,3909.1044,3920.1276,3864.0323,3864.0323,118346575.0,243630705.592,1.0
000300.SH,2023-06-26,3833.4436,3841.2862,3801.0537,3809.6962,133990419.0,247713845.78,1.0
000300.SH,2023-06-27,3811.6872,3851.8957,3806.3242,3845.4334,116992681.0,210097713.688,1.0
000300.SH,2023-06-28,3836.6086,3846.8516,3808.1607,3840.7986,107021541.0,206187959.877,1.0
000300.SH,2023-06-29,3836.7305,3840.7132,3817.3759,3821.8435,98289274.0,204110031.408,1.0
000300.SH,2023-06-30,3816.3345,3860.0311,3813.552,3842.4516,101268429.0,208146272.909,1.0
000300.SH,2023-07-03,3853.2919,3897.3273,3853.2919,3892.8821,133158051.0,256876520.212,1.0
000300.SH,2023-07-04,3888.0328,3899.9755,3878.3978,3899.0133,109494527.0,216335611.422,1.0
000300.SH,2023-07-05,3895.1945,3899.5188,3864.1301,3868.8054,97636384.0,188400265.051,1.0
000300.SH,2023-07-06,3857.0304,3876.8901,3836.4573,3842.7547,100121842.0,184742420.862,1.0
000300.SH,2023-07-07,3831.5955,3844.8438,3819.0772,3825.6988,100906920.0,173918560.673,1.0
000300.SH,2023-07-10,3841.5591,3865.4566,3831.92,3844.3269,92033441.0,185360813.111,1.0
000300.SH,2023-07-11,3853.7955,3870.6549,3844.5244,3869.4861,86510716.0,177585694.368,1.0
000300.SH,2023-07-12,3864.6013,3874.0403,3838.5632,3843.4369,111522024.0,214046519.056,1.0
000300.SH,2023-07-13,3855.662,3901.1023,3855.662,3898.4229,120300232.0,235278706.835,1.0
000300.SH,2023-07-14,3904.6033,3908.4871,3893.7862,3899.1027,122364846.0,220230466.523,1.0
000300.SH,2023-07-17,3881.6225,3881.6225,3852.2626,3867.1749,98340144.0,174623552.807,1.0
000300.SH,2023-07-18,3871.0444,3871.0444,3844.5129,3854.9393,91438615.0,167104315.117,1.0
000300.SH,2023-07-19,3848.4826,3860.0092,3830.4073,3850.8663,79585700.0,151311481.03,1.0
000300.SH,2023-07-20,3857.7725,3875.6241,3818.7134,3823.6946,92042076.0,174320872.14,1.0
000300.SH,2023-07-21,3816.9835,3849.5109,3808.803,3821.91,79507563.0,157144211.209,1.0
000300.SH,2023-07-24,3803.3492,3828.7853,3798.8048,3805.221,75483545.0,151448369.566,1.0
000300.SH,2023-07-25,3866.6445,3915.8148,3866.6445,3915.1153,163066320.0,299853562.168,1.0
000300.SH,2023-07-26,3908.174,3912.9834,3893.3987,3907.0128,107881717.0,192912604.8,1.0
000300.SH,2023-07-27,3914.2298,3935.3578,3894.6923,3902.3458,110667109.0,196845425.513,1.0
000300.SH,2023-07-28,3889.7929,4000.919,3886.5535,3992.7376,179735481.0,310092467.4,1.0
000300.SH,2023-07-31,4018.8895,4064.3621,4002.0784,4014.6301,199606830.0,366544120.0,1.0
000300.SH,2023-08-01,4009.1831,4031.7008,3983.0273,3998.001,142286859.0,255620773.6,1.0
000300.SH,2023-08-02,3985.6951,4008.3343,3958.5127,3969.895,125855690.0,204875690.924,1.0
000300.SH,2023-08-03,3962.1296,4004.9996,3962.1296,4004.9839,129006640.0,224809824.82,1.0
000300.SH,2023-08-04,4033.7239,4058.2431,4011.6202,4020.5792,178267189.0,316529733.838,1.0
000300.SH,2023-08-07,4002.9677,4002.9677,3977.0173,3990.1531,121310662.0,227090572.751,1.0
000300.SH,2023-08-08,3980.0423,4002.2904,3963.4632,3979.7322,109871699.0,202611335.314,1.0
000300.SH,2023-08-09,3967.3566,3982.1091,3961.8434,3967.5652,94640269.0,174394242.765,1.0
000300.SH,2023-08-10,3962.8569,3976.4637,3945.3869,3975.7166,97176849.0,175646730.198,1.0
000300.SH,2023-08-11,3977.9834,3977.9834,3884.2538,3884.2538,126082931.0,203546314.647,1.0
000300.SH,2023-08-14,3840.8872,3859.4718,3814.0711,3855.9061,115966336.0,197623765.246,1.0
000300.SH,2023-08-15,3858.3662,3865.284,3811.6839,3846.5357,103097111.0,177437071.693,1.0
000300.SH,2023-08-16,3830.8274,3852.4198,3817.6324,3818.3338,94616946.0,169323869.028,1.0
000300.SH,2023-08-17,3801.1969,3836.1507,3782.4967,3831.1008,98415493.0,174093848.243,1.0
000300.SH,2023-08-18,3832.4554,3844.195,3784.0038,3784.0038,95549638.0,168445686.988,1.0
000300.SH,2023-08-21,3773.225,3782.1112,3729.555,3729.555,98708369.0,173379942.907,1.0
000300.SH,2023-08-22,3748.0675,3770.0556,3704.6785,3758.2271,120318327.0,203463879.672,1.0
000300.SH,2023-08-23,3751.7736,3756.1659,3695.0309,3696.6339,97081638.0,160476231.587,1.0
000300.SH,2023-08-24,3711.5403,3748.8567,3701.5717,3723.4293,119614521.0,196257391.084,1.0
000300.SH,2023-08-25,3703.5136,3734.2185,3695.8442,3709.1517,105182610.0,175601437.173,1.0
000300.SH,2023-08-28,3911.5485,3911.5485,3740.5279,3752.6194,197990379.0,335047670.967,1.0
000300.SH,2023-08-29,3743.0534,3810.3772,3742.0758,3790.1067,152486146.0,262134936.751,1.0
000300.SH,2023-08-30,3803.1191,3813.7032,3780.2411,3788.5097,129671661.0,226727480.839,1.0
000300.SH,2023-08-31,3786.9261,3793.9972,3762.0046,3765.2678,118961646.0,193577001.342,1.0
000300.SH,2023-09-01,3778.9129,3808.5306,3778.9129,3791.4912,105319045.0,172219141.586,1.0
000300.SH,2023-09-04,3812.9873,3854.2605,3804.5886,3848.9517,142385201.0,237934727.924,1.0
000300.SH,2023-09-05,3839.5779,3839.5779,3814.3338,3820.3174,104052333.0,181377877.955,1.0
000300.SH,2023-09-06,3808.1,3817.5239,3790.8949,3812.0283,93442393.0,166081524.007,1.0
000300.SH,2023-09-07,3802.2272,3802.2272,3756.853,3758.4748,95103903.0,164405748.828,1.0
000300.SH,2023-09-08,3747.6509,3753.263,3724.987,3739.9927,71638166.0,129197657.303,1.0
000300.SH,2023-09-11,3740.5846,3788.3219,3734.7228,3767.537,105358016.0,186871759.441,1.0
000300.SH,2023-09-12,3764.3331,3775.093,3755.4162,3760.6048,79385378.0,140117510.233,1.0
000300.SH,2023-09-13,3759.6091,3768.8162,3719.1114,3736.6513,81576901.0,138238089.913,1.0
000300.SH,2023-09-14,3736.9355,3748.8177,3717.3107,3733.5077,100386075.0,151578100.464,1.0
000300.SH,2023-09-15,3740.7853,3749.0247,3699.3806,3708.7766,109395689.0,180398970.938,1.0
000300.SH,2023-09-18,3698.9344,3737.5306,3691.1107,3727.711,86727741.0,156966973.911,1.0
000300.SH,2023-09-19,3723.4244,3724.0717,3702.6934,3720.5021,83199038.0,135216895.229,1.0
000300.SH,2023-09-20,3715.9578,3718.5207,3705.1274,3705.6898,75448209.0,117691805.957,1.0
000300.SH,2023-09-21,3698.313,3708.4557,3672.4448,3672.4448,83031005.0,135011796.555,1.0
000300.SH,2023-09-22,3672.6402,3740.4183,3664.7661,3738.9327,110231166.0,192236467.363,1.0
000300.SH,2023-09-25,3738.0622,3738.0622,3711.2049,3714.6037,92596479.0,155793827.362,1.0
000300.SH,2023-09-26,3711.7106,3723.8481,3692.6172,3692.8928,78044525.0,137808437.775,1.0
000300.SH,2023-09-27,3694.9607,3731.1405,3694.3938,3700.495,91629210.0,164790435.266,1.0
000300.SH,2023-09-28,3711.2117,3716.0569,3685.3001,3689.5172,85221719.0,153500421.344,1.0
000300.SH,2023-10-09,3678.929,3694.1713,3641.9966,3684.7272,102148058.0,178072374.748,1.0
000300.SH,2023-10-10,3696.2542,3701.2562,3655.589,3657.1259,99163730.0,161938958.925,1.0
000300.SH,2023-10-11,3674.7514,3689.5347,3658.355,3667.5483,102091587.0,187667554.127,1.0
000300.SH,2023-10-12,3697.9337,3711.4985,3682.8418,3702.3824,114363225.0,194598219.817,1.0
000300.SH,2023-10-13,3677.9585,3678.1913,3652.3094,3663.4104,98287987.0,170152309.003,1.0
000300.SH,2023-10-16,3664.039,3664.039,3615.7686,3626.5972,91853118.0,159537973.598,1.0
000300.SH,2023-10-17,3635.2994,3645.5654,3619.1277,3639.4018,90745188.0,147056233.347,1.0
000300.SH,2023-10-18,3631.0671,3632.0579,3608.9768,3610.5767,94545879.0,158982356.667,1.0
000300.SH,2023-10-19,3588.5154,3588.5154,3532.3059,3533.5445,111737520.0,189194781.844,1.0
000300.SH,2023-10-20,3518.3464,3535.6623,3501.725,3510.5889,98518605.0,169591289.145,1.0
000300.SH,2023-10-23,3500.199,3505.3468,3450.6456,3474.2438,96561652.0,152054894.179,1.0
000300.SH,2023-10-24,3481.7644,3495.0039,3453.1016,3487.1302,115547289.0,186529203.442,1.0
000300.SH,2023-10-25,3524.2965,3531.8314,3500.9154,3504.4576,128009617.0,203691741.119,1.0
000300.SH,2023-10-26,3484.7807,3515.5716,3478.0503,3514.1448,105143566.0,176088467.226,1.0
000300.SH,2023-10-27,3501.171,3576.5861,3494.5488,3562.3851,120225108.0,224301960.437,1.0
000300.SH,2023-10-30,3554.1055,3592.7188,3554.0238,3583.7718,144010426.0,242973328.094,1.0
000300.SH,2023-10-31,3581.6759,3581.6759,3554.5822,3572.5056,112587267.0,196317658.324,1.0
000300.SH,2023-11-01,3605.7576,3606.4126,3564.6421,3571.0268,97645538.0,182943566.435,1.0
000300.SH,2023-11-02,3580.0672,3597.1699,3553.7406,3554.1889,90359643.0,149465055.434,1.0
000300.SH,2023-11-03,3558.5303,3596.101,3558.5303,3584.1364,97542101.0,165865989.2,1.0
000300.SH,2023-11-06,3608.3187,3635.7897,3600.6304,3632.6084,152982463.0,254465948.11,1.0
000300.SH,2023-11-07,3623.7849,3628.4615,3606.2975,3619.7593,110288591.0,190433605.311,1.0
000300.SH,2023-11-08,3610.6434,3627.0479,3591.8248,3611.0723,110594230.0,192594372.353,1.0
000300.SH,2023-11-09,3603.1082,3624.4141,3601.3744,3612.8263,111872057.0,189355228.592,1.0
000300.SH,2023-11-10,3596.0688,3599.4519,3576.1011,3586.4893,102107034.0,166924677.328,1.0
000300.SH,2023-11-13,3593.9109,3599.3897,3562.7682,3579.4141,96707649.0,164821249.625,1.0
000300.SH,2023-11-14,3581.1034,3600.1483,3568.882,3582.0584,100884158.0,165935163.426,1.0
000300.SH,2023-11-15,3616.8765,3620.6007,3596.9158,3607.2454,104929218.0,188932150.501,1.0
000300.SH,2023-11-16,3600.9813,3605.2898,3572.3636,3572.3641,87464780.0,146629217.158,1.0
000300.SH,2023-11-17,3561.3112,3573.6819,3547.0287,3568.0685,87319207.0,139621898.705,1.0
000300.SH,2023-11-20,3569.7314,3586.9731,3545.1038,3576.3233,91080445.0,157449634.694,1.0
000300.SH,2023-11-21,3587.8779,3615.0569,3575.682,3581.0674,108594314.0,175922105.93,1.0
000300.SH,2023-11-22,3569.4389,3574.3782,3544.4162,3544.4162,84784381.0,136041195.539,1.0
000300.SH,2023-11-23,3541.4416,3562.0675,3529.939,3561.5204,84800167.0,141499811.491,1.0
000300.SH,2023-11-24,3560.6462,3560.6462,3533.9955,3538.0087,85018403.0,140101998.555,1.0
000300.SH,2023-11-27,3534.4445,3534.4445,3492.8623,3511.9424,99102314.0,155975437.036,1.0
000300.SH,2023-11-28,3510.6554,3521.0463,3501.1093,3518.5232,89335789.0,147740535.862,1.0
000300.SH,2023-11-29,3518.8836,3519.198,3482.2444,3488.3073,98841412.0,155948235.976,1.0
000300.SH,2023-11-30,3485.5171,3505.1273,3481.4515,3496.2028,101350820.0,153790180.653,1.0
000300.SH,2023-12-01,3494.2234,3494.2234,3452.1728,3482.8813,108530941.0,176078323.469,1.0
000300.SH,2023-12-04,3481.0449,3488.133,3459.611,3460.138,97156826.0,164664395.293,1.0
000300.SH,2023-12-05,3450.0898,3450.0898,3393.8139,3394.2571,100472007.0,164840691.112,1.0
000300.SH,2023-12-06,3387.8798,3420.2773,3382.9457,3399.598,105805519.0,172142987.725,1.0
000300.SH,2023-12-07,3394.3064,3404.4074,3369.7675,3391.2823,97713248.0,160949948.197,1.0
000300.SH,2023-12-08,3391.8585,3409.3845,3383.4479,3399.4618,129522054.0,203034222.561,1.0
000300.SH,2023-12-11,3378.0517,3426.6106,3346.8902,3419.4548,139626249.0,219761181.423,1.0
000300.SH,2023-12-12,3409.9976,3427.5456,3406.1013,3426.803,105590013.0,166979964.78,1.0
000300.SH,2023-12-13,3418.6413,3418.6413,3369.605,3369.605,95285367.0,165455928.376,1.0
000300.SH,2023-12-14,3387.3847,3399.1394,3350.7648,3351.9639,83655135.0,150245775.736,1.0
000300.SH,2023-12-15,3365.9388,3388.5047,3339.519,3341.5517,97787783.0,164907019.372,1.0
000300.SH,2023-12-18,3329.191,3352.3458,3314.9095,3329.3657,90526826.0,142303319.419,1.0
000300.SH,2023-12-19,3325.6596,3345.7795,3313.1874,3334.0412,83808118.0,135293655.396,1.0
000300.SH,2023-12-20,3334.332,3338.5434,3297.3652,3297.5022,92412868.0,141290542.802,1.0
000300.SH,2023-12-21,3285.6049,3339.3552,3283.9883,3330.8698,102546198.0,171120780.58,1.0
000300.SH,2023-12-22,3329.4668,3359.0601,3315.8976,3337.2281,105220133.0,167336342.309,1.0
000300.SH,2023-12-25,3330.3333,3348.882,3330.3333,3347.4508,74542693.0,121838327.071,1.0
000300.SH,2023-12-26,3345.3952,3345.4171,3315.937,3324.7902,74732935.0,121689997.435,1.0
000300.SH,2023-12-27,3326.9267,3341.2659,3309.6731,3336.3572,94403928.0,140924923.675,1.0
000300.SH,2023-12-28,3335.5572,3423.4018,3331.2082,3414.5403,148064851.0,245855634.464,1.0
000300.SH,2023-12-29,3411.1094,3432.5412,3409.5795,3431.1099,114928932.0,193573180.515,1.0
000300.SH,2024-01-02,3426.2684,3426.2684,3386.3522,3386.3522,116180726.0,184096097.449,1.0
000300.SH,2024-01-03,3379.7501,3392.8504,3362.6617,3378.2971,105613851.0,165099018.643,1.0
000300.SH,2024-01-04,3375.0207,3375.0207,3323.8647,3347.0519,106721013.0,165512262.699,1.0
000300.SH,2024-01-05,3341.3061,3372.5444,3313.5542,3329.1114,126400574.0,182251664.948,1.0
000300.SH,2024-01-08,3322.6051,3333.516,3283.3421,3286.0564,117429485.0,170761644.873,1.0
000300.SH,2024-01-09,3286.7083,3304.6008,3273.8431,3292.4994,109330465.0,172276323.045,1.0
000300.SH,2024-01-10,3281.6692,3312.9161,3268.2471,3277.129,94199366.0,159777649.838,1.0
000300.SH,2024-01-11,3275.3086,3311.1137,3266.7911,3295.6717,108789735.0,180978533.6,1.0
000300.SH,2024-01-12,3284.358,3310.4704,3279.6987,3284.1667,96853555.0,156536022.3,1.0
000300.SH,2024-01-15,3270.1029,3306.9217,3261.2687,3280.9195,88851530.0,144331722.4,1.0
000300.SH,2024-01-16,3272.571,3300.8762,3260.4362,3300.8762,113276665.0,175650587.5,1.0
000300.SH,2024-01-17,3291.1392,3291.1392,3229.082,3229.082,108769728.0,173516385.2,1.0
000300.SH,2024-01-18,3214.2844,3279.2538,3171.6329,3274.7286,174909168.0,256784536.8,1.0
000300.SH,2024-01-19,3261.2393,3286.9415,3251.8136,3269.7763,118501408.0,191261807.1,1.0
000300.SH,2024-01-22,3262.4685,3281.4205,3193.1776,3218.9016,148705628.0,225510031.8,1.0
000300.SH,2024-01-23,3208.4316,3249.5306,3188.1259,3231.9329,122012000.0,193791168.6,1.0
000300.SH,2024-01-24,3245.9592,3281.4892,3190.4674,3277.1089,154371954.0,219036341.6,1.0
000300.SH,2024-01-25,3274.3391,3344.2426,3269.7943,3342.9189,196833614.0,265521115.0,1.0
000300.SH,2024-01-26,3326.6465,3351.9692,3315.1265,3333.8213,180664005.0,238144899.5,1.0
000300.SH,2024-01-29,3335.3936,3351.3715,3303.9604,3303.9604,184164795.0,244698013.6,1.0
000300.SH,2024-01-30,3283.8977,3300.204,3244.9719,3245.0387,143649350.0,199592929.912,1.0
000300.SH,2024-01-31,3231.5425,3252.1475,3201.9264,3215.3518,153143469.0,215333349.921,1.0
000300.SH,2024-02-01,3202.2564,3251.7582,3191.8968,3217.7109,145516792.0,203815063.233,1.0
000300.SH,2024-02-02,3219.8734,3235.4079,3108.3515,3179.6276,173758089.0,234495151.557,1.0
000300.SH,2024-02-05,3164.25,3233.8485,3111.5184,3200.4218,203042970.0,279713141.507,1.0
000300.SH,2024-02-06,3185.2498,3314.512,3182.8216,3311.6922,202713099.0,285042020.946,1.0
000300.SH,2024-02-07,3314.0306,3343.6303,3289.6704,3343.6303,216647933.0,297997664.575,1.0
000300.SH,2024-02-08,3351.4052,3367.2101,3336.9779,3364.9297,189977578.0,270239765.211,1.0
000300.SH,2024-02-19,3393.1916,3403.8078,3364.1418,3403.8078,183319800.0,267674145.147,1.0
000300.SH,2024-02-20,3395.1916,3415.8943,3380.103,3410.8542,140734581.0,218459281.946,1.0
000300.SH,2024-02-21,3390.3619,3500.1338,3383.6911,3456.8713,188879362.0,291823544.608,1.0
000300.SH,2024-02-22,3450.3518,3486.6826,3448.4135,3486.6747,141020784.0,225098128.873,1.0
000300.SH,2024-02-23,3491.3367,3507.5592,3472.968,3489.7416,144821273.0,232926057.114,1.0
000300.SH,2024-02-26,3485.5427,3492.6061,3445.3889,3453.3585,151248331.0,238951637.715,1.0
000300.SH,2024-02-27,3440.0516,3494.7874,3437.4422,3494.7874,139528246.0,244488721.251,1.0
000300.SH,2024-02-28,3499.8257,3521.6574,3450.2598,3450.2598,189837548.0,328300591.256,1.0
000300.SH,2024-02-29,3437.8984,3516.0826,3437.8984,3516.0826,155944532.0,281971899.288,1.0
000300.SH,2024-03-01,3515.0587,3544.3595,3503.459,3537.8038,162709570.0,288575619.225,1.0
000300.SH,2024-03-04,3538.366,3548.6901,3519.7599,3540.8686,163244613.0,297719931.809,1.0
000300.SH,2024-03-05,3524.9644,3570.6935,3519.0816,3565.5143,166422389.0,299895929.709,1.0
000300.SH,2024-03-06,3556.5323,3577.3883,3545.1013,3551.0481,143076613.0,248294165.707,1.0
000300.SH,2024-03-07,3548.1007,3569.9185,3522.8964,3529.7195,148110510.0,251839533.036,1.0
000300.SH,2024-03-08,3529.5509,3548.5055,3511.577,3544.9099,125792664.0,225379101.014,1.0
000300.SH,2024-03-11,3545.9427,3589.2635,3542.2789,3589.2635,148202825.0,286418582.155,1.0
000300.SH,2024-03-12,3592.5826,3605.6976,3574.2117,3597.4939,180685560.0,339997042.337,1.0
000300.SH,2024-03-13,3594.4211,3594.4211,3563.3685,3572.361,144590590.0,266898756.38,1.0
000300.SH,2024-03-14,3571.7885,3597.46,3545.612,3562.2229,140962722.0,263803609.335,1.0
000300.SH,2024-03-15,3554.9068,3572.8091,3533.6798,3569.993,138316044.0,243991558.366,1.0
000300.SH,2024-03-18,3577.0564,3604.0519,3573.404,3603.528,160379438.0,295314840.611,1.0
000300.SH,2024-03-19,3593.3396,3610.7389,3577.188,3577.6303,145571786.0,259553448.413,1.0
000300.SH,2024-03-20,3568.7158,3589.5456,3568.4341,3585.3838,129528966.0,223752103.886,1.0
000300.SH,2024-03-21,3593.07,3601.1145,3575.0331,3581.0902,130743377.0,233162492.63,1.0
000300.SH,2024-03-22,3571.2736,3575.7171,3522.8404,3545.0023,139227358.0,248850931.022,1.0
000300.SH,2024-03-25,3536.7136,3564.9604,3525.7634,3525.7634,137015724.0,233747256.235,1.0
000300.SH,2024-03-26,3526.6818,3547.6461,3518.6018,3543.7467,126209535.0,226730734.844,1.0
000300.SH,2024-03-27,3538.7244,3542.9624,3502.7866,3502.7866,128626763.0,216404726.566,1.0
000300.SH,2024-03-28,3498.482,3551.2143,3489.3861,3520.9648,143334717.0,232530806.335,1.0
000300.SH,2024-03-29,3516.883,3538.2378,3516.883,3537.4843,128643290.0,201749384.357,1.0
000300.SH,2024-04-01,3551.5815,3600.9193,3551.5815,3595.6466,162776561.0,251637272.845,1.0
000300.SH,2024-04-02,3593.2206,3596.1903,3568.7539,3580.6759,141272972.0,220207515.543,1.0
000300.SH,2024-04-03,3578.6835,3582.4324,3558.874,3567.8031,135592331.0,214222897.58,1.0
000300.SH,2024-04-08,3553.5554,3567.82,3535.7688,3536.4077,155304283.0,243249251.687,1.0
000300.SH,2024-04-09,3533.3849,3543.7141,3518.8601,3533.4871,129670942.0,195893525.575,1.0
000300.SH,2024-04-10,3528.9679,3531.2295,3490.0525,3504.7086,128790274.0,199754768.626,1.0
000300.SH,2024-04-11,3485.0294,3520.5893,3484.9252,3504.2447,126534395.0,200293481.886,1.0
000300.SH,2024-04-12,3505.7499,3516.6988,3470.0611,3475.8389,128921116.0,208566204.703,1.0
000300.SH,2024-04-15,3473.5047,3552.4125,3473.5047,3549.0759,183941250.0,267472484.531,1.0
000300.SH,2024-04-16,3533.3636,3545.5034,3503.6158,3511.1146,176153065.0,253315972.272,1.0
000300.SH,2024-04-17,3509.1318,3565.9389,3498.0324,3565.403,168466398.0,244987812.753,1.0
000300.SH,2024-04-18,3550.5562,3602.7902,3547.5996,3569.8018,178574105.0,261329927.268,1.0
000300.SH,2024-04-19,3550.6087,3560.9492,3529.3237,3541.6619,147281505.0,226229520.121,1.0
000300.SH,2024-04-22,3536.1844,3558.1642,3528.0186,3530.9045,150579042.0,229511183.118,1.0
000300.SH,2024-04-23,3525.6681,3533.7584,3499.9838,3506.2249,143113504.0,213257232.211,1.0
000300.SH,2024-04-24,3514.0108,3524.537,3495.6494,3521.6219,121739851.0,195299919.746,1.0
000300.SH,2024-04-25,3510.6396,3543.9699,3505.1999,3530.2813,115187722.0,184524622.001,1.0
000300.SH,2024-04-26,3531.9647,3588.4003,3531.9647,3584.2686,197216133.0,308045062.251,1.0
000300.SH,2024-04-29,3584.5427,3645.8229,3578.7597,3623.9124,222721381.0,358709708.838,1.0
000300.SH,2024-04-30,3619.2586,3630.7092,3604.3943,3604.3943,191296899.0,286674161.758,1.0
000300.SH,2024-05-06,3654.0485,3668.2565,3645.738,3657.8767,208018007.0,333270472.13,1.0
000300.SH,2024-05-07,3657.0007,3665.684,3648.376,3659.0076,164834286.0,247368347.983,1.0
000300.SH,2024-05-08,3650.7484,3650.9355,3628.6984,3630.2233,130035336.0,199923460.35,1.0
000300.SH,2024-05-09,3630.4142,3669.7593,3630.4142,3664.561,146559017.0,232694927.941,1.0
000300.SH,2024-05-10,3669.0869,3674.6088,3641.7639,3666.2771,150720536.0,233730562.075,1.0
000300.SH,2024-05-13,3646.3491,3673.6211,3634.6049,3664.6907,157267455.0,249688465.073,1.0
000300.SH,2024-05-14,3668.2254,3675.776,3646.7092,3657.0454,133406490.0,214643548.214,1.0
000300.SH,2024-05-15,3651.0536,3656.5277,3624.002,3626.0559,123522764.0,191480969.435,1.0
000300.SH,2024-05-16,3636.6007,3657.4831,3626.334,3640.3592,154630503.0,240288953.464,1.0
000300.SH,2024-05-17,3638.5613,3677.9696,3627.447,3677.9696,164570417.0,247729525.192,1.0
000300.SH,2024-05-20,3682.0615,3703.0287,3677.4426,3690.9623,184609423.0,279971341.52,1.0
000300.SH,2024-05-21,3682.2868,3684.6106,3665.1524,3676.1611,130678283.0,196575354.878,1.0
000300.SH,2024-05-22,3675.6471,3691.8804,3667.0885,3684.451,151914605.0,230839373.505,1.0
000300.SH,2024-05-23,3672.8403,3674.3654,3633.5051,3641.7917,142572990.0,214205039.031,1.0
000300.SH,2024-05-24,3630.827,3650.8734,3599.6678,3601.4754,124791177.0,195344742.156,1.0
000300.SH,2024-05-27,3606.645,3638.1514,3603.7131,3635.7079,131272644.0,206143742.536,1.0
000300.SH,2024-05-28,3633.2535,3638.9703,3605.9213,3609.1724,123532238.0,184381267.979,1.0
000300.SH,2024-05-29,3609.0708,3633.1971,3602.8198,3613.5223,115906321.0,179072813.278,1.0
000300.SH,2024-05-30,3607.0522,3624.0352,3586.7543,3594.3121,122602995.0,193069647.051,1.0
000300.SH,2024-05-31,3599.8196,3614.6439,3579.9247,3579.9247,112462019.0,180707602.932,1.0
000300.SH,2024-06-03,3577.3798,3600.6044,3567.8713,3588.7483,141054591.0,222756928.174,1.0
000300.SH,2024-06-04,3583.8104,3622.5012,3580.2771,3615.6714,124545096.0,195790966.234,1.0
000300.SH,2024-06-05,3610.3601,3623.3232,3594.1056,3594.7936,110906766.0,182639598.875,1.0
000300.SH,2024-06-06,3602.1554,3625.0109,3584.171,3592.2454,137893517.0,226764072.639,1.0
000300.SH,2024-06-07,3594.6335,3603.0698,3552.0853,3574.1143,131103026.0,213001530.098,1.0
000300.SH,2024-06-11,3555.8186,3565.3113,3525.8945,3542.8771,134522306.0,219282337.214,1.0
000300.SH,2024-06-12,3539.0947,3551.1706,3531.5657,3544.1225,122813729.0,200722600.631,1.0
000300.SH,2024-06-13,3548.2162,3551.0771,3520.1802,3526.1306,123245462.0,214792338.449,1.0
000300.SH,2024-06-14,3514.7998,3547.1473,3503.5233,3541.5331,171516942.0,283768816.845,1.0
000300.SH,2024-06-17,3521.4365,3540.7932,3520.7381,3536.1986,137433438.0,232293851.894,1.0
000300.SH,2024-06-18,3533.4875,3551.7085,3532.7845,3545.5902,123671838.0,208824124.156,1.0
000300.SH,2024-06-19,3543.3599,3543.3599,3524.8449,3528.749,106642797.0,184790298.729,1.0
000300.SH,2024-06-20,3525.1687,3533.9865,3500.131,3503.2817,111617396.0,186515776.575,1.0
000300.SH,2024-06-21,3496.3428,3505.5123,3473.8283,3495.6198,109186615.0,182736735.067,1.0
000300.SH,2024-06-24,3473.6392,3505.7752,3471.2164,3476.8102,117990184.0,195787549.314,1.0
000300.SH,2024-06-25,3475.1648,3483.2189,3440.6464,3457.9023,118448118.0,190886336.762,1.0
000300.SH,2024-06-26,3451.5389,3487.3964,3442.2982,3480.2648,105898861.0,171538111.702,1.0
000300.SH,2024-06-27,3467.2888,3471.1423,3452.5775,3454.1175,114918101.0,174112508.796,1.0
000300.SH,2024-06-28,3443.6744,3484.678,3443.6744,3461.657,135409153.0,205118806.812,1.0
000300.SH,2024-07-01,3458.2636,3479.9548,3443.8086,3478.1827,121829770.0,188018227.775,1.0
000300.SH,2024-07-02,3472.4527,3488.3189,3464.5237,3471.7857,121650121.0,186104752.422,1.0
000300.SH,2024-07-03,3471.5556,3478.7047,3454.9942,3463.4141,103857108.0,163035359.363,1.0
000300.SH,2024-07-04,3468.2958,3483.3098,3444.928,3445.8128,104429909.0,159477153.57,1.0
000300.SH,2024-07-05,3443.3588,3451.0386,3399.6693,3431.0605,116609659.0,181416567.403,1.0
000300.SH,2024-07-08,3420.8033,3428.0418,3395.9123,3401.7604,115528218.0,177559765.828,1.0
000300.SH,2024-07-09,3396.8044,3448.9279,3384.8086,3439.8111,131629443.0,215048837.82,1.0
000300.SH,2024-07-10,3425.8818,3447.505,3423.6483,3428.9657,127203456.0,198149476.849,1.0
000300.SH,2024-07-11,3451.0442,3473.9837,3438.118,3468.169,145892466.0,237551298.482,1.0
000300.SH,2024-07-12,3459.9564,3479.0958,3457.3633,3472.4014,130874589.0,205055553.856,1.0
000300.SH,2024-07-15,3462.6113,3481.4613,3460.7915,3476.2467,118517083.0,171584915.38,1.0
000300.SH,2024-07-16,3466.8523,3500.2943,3464.3655,3498.2827,120659017.0,200456285.078,1.0
000300.SH,2024-07-17,3494.209,3514.4753,3486.2229,3501.5836,131802062.0,222830802.528,1.0
000300.SH,2024-07-18,3483.2975,3522.7995,3475.7236,3520.931,123768199.0,215783795.703,1.0
000300.SH,2024-07-19,3500.8052,3545.3383,3493.0734,3539.0156,132447975.0,228065104.129,1.0
000300.SH,2024-07-22,3538.4012,3540.1874,3494.0143,3514.9249,132126337.0,217457320.404,1.0
000300.SH,2024-07-23,3509.7887,3509.7887,3439.8779,3439.8779,128897660.0,202857560.169,1.0
000300.SH,2024-07-24,3432.3459,3451.4196,3408.4129,3418.1663,127036263.0,184884499.787,1.0
000300.SH,2024-07-25,3404.611,3415.8557,3383.7991,3399.2716,131022242.0,190131464.835,1.0
000300.SH,2024-07-26,3403.7084,3420.8201,3388.6601,3409.2931,124195558.0,187853329.5,1.0
000300.SH,2024-07-29,3404.3663,3408.5024,3388.8444,3390.742,109787786.0,166697103.823,1.0
000300.SH,2024-07-30,3380.6893,3380.6893,3352.8043,3369.3821,104952164.0,165442824.49,1.0
000300.SH,2024-07-31,3364.0268,3445.0042,3364.0268,3442.0844,171959177.0,258249147.336,1.0
000300.SH,2024-08-01,3443.1397,3448.3361,3419.1872,3419.2666,136323464.0,206038002.518,1.0
000300.SH,2024-08-02,3393.9167,3419.1023,3380.9645,3384.3919,116615255.0,179671192.428,1.0
000300.SH,2024-08-05,3362.1117,3409.0314,3343.3205,3343.3205,142812516.0,223631266.563,1.0
000300.SH,2024-08-06,3367.3517,3376.7956,3318.6251,3342.9789,119340279.0,181724693.848,1.0
000300.SH,2024-08-07,3338.5909,3362.3839,3329.9658,3341.489,95084377.0,145078975.326,1.0
000300.SH,2024-08-08,3332.4281,3364.7855,3320.8432,3342.9369,92495695.0,149482926.227,1.0
000300.SH,2024-08-09,3358.128,3366.6688,3331.6274,3331.6274,91511626.0,142852166.559,1.0
000300.SH,2024-08-12,3327.5561,3338.0771,3319.8908,3325.8645,79938754.0,117544892.727,1.0
000300.SH,2024-08-13,3328.0138,3335.014,3310.1909,3334.3903,84489679.0,125259155.343,1.0
000300.SH,2024-08-14,3332.7866,3332.7866,3309.1,3309.2389,78742407.0,118181952.004,1.0
000300.SH,2024-08-15,3301.4455,3356.7644,3297.9711,3341.953,104766399.0,149249335.426,1.0
000300.SH,2024-08-16,3342.0346,3356.9071,3335.6239,3345.634,96519083.0,135885323.083,1.0
000300.SH,2024-08-19,3344.2614,3375.9621,3343.7116,3356.9677,105571110.0,143421671.337,1.0
000300.SH,2024-08-20,3361.6394,3362.3338,3321.6397,3332.7034,101668331.0,137910585.092,1.0
000300.SH,2024-08-21,3322.9134,3339.443,3307.9917,3321.635,89954751.0,130005992.563,1.0
000300.SH,2024-08-22,3322.8723,3327.6962,3305.2453,3313.1357,100366504.0,147702791.561,1.0
000300.SH,2024-08-23,3305.9307,3336.2414,3305.6403,3327.1905,89525774.0,132680886.5,1.0
000300.SH,2024-08-26,3330.7184,3336.5271,3311.5701,3324.2231,93990772.0,139070603.958,1.0
000300.SH,2024-08-27,3315.686,3320.5667,3299.5635,3305.3338,95808157.0,129755962.864,1.0
000300.SH,2024-08-28,3298.9089,3305.3496,3274.5881,3286.4956,92696650.0,135982310.965,1.0
000300.SH,2024-08-29,3273.541,3290.7857,3269.5288,3277.6812,130702333.0,174340106.393,1.0
000300.SH,2024-08-30,3273.7532,3351.6254,3273.6496,3321.4323,188695443.0,268376041.211,1.0
000300.SH,2024-09-02,3307.5432,3307.7627,3264.7565,3265.011,147612353.0,194409996.348,1.0
000300.SH,2024-09-03,3261.741,3281.5935,3261.1877,3273.4282,122897306.0,155089488.535,1.0
000300.SH,2024-09-04,3253.898,3272.9861,3249.9809,3252.1649,104832482.0,140070063.077,1.0
000300.SH,2024-09-05,3252.96,3266.882,3247.1725,3257.7578,97109450.0,134618198.894,1.0
000300.SH,2024-09-06,3261.1542,3274.8144,3231.0685,3231.3457,88400417.0,121541545.906,1.0
000300.SH,2024-09-09,3214.7996,3222.9278,3180.9277,3192.9516,108673069.0,146516054.461,1.0
000300.SH,2024-09-10,3193.4557,3205.0972,3171.7932,3195.7552,97290078.0,133610476.132,1.0
000300.SH,2024-09-11,3187.0508,3197.3363,3174.0343,3186.1299,102482110.0,141513837.135,1.0
000300.SH,2024-09-12,3189.4271,3201.5544,3171.8775,3172.4747,92868657.0,136387244.637,1.0
000300.SH,2024-09-13,3174.0344,3188.9145,3159.247,3159.247,88336677.0,137448911.397,1.0
000300.SH,2024-09-18,3158.8179,3179.9012,3145.7908,3171.0102,84722814.0,123452147.969,1.0
000300.SH,2024-09-19,3178.3959,3213.8378,3149.7925,3196.0357,125439272.0,181785109.713,1.0
000300.SH,2024-09-20,3192.4322,3207.9875,3173.2238,3201.0497,118064098.0,163985054.957,1.0
000300.SH,2024-09-23,3200.8678,3230.1613,3198.0248,3212.7639,95344855.0,143876166.861,1.0
000300.SH,2024-09-24,3244.6468,3351.9684,3222.4885,3351.909,204072217.0,307879526.848,1.0
000300.SH,2024-09-25,3403.7021,3465.4882,3393.438,3401.533,241564255.0,356862584.94,1.0
000300.SH,2024-09-26,3399.3188,3545.3249,3391.6772,3545.3204,243134010.0,373983643.045,1.0
000300.SH,2024-09-27,3617.9203,3708.4951,3596.5833,3703.6849,265487774.0,466692757.482,1.0
000300.SH,2024-09-30,3846.6515,4038.6968,3796.5045,4017.8545,510217707.0,862528807.419,1.0
000300.SH,2024-10-08,4450.3675,4450.3675,4094.3519,4256.0962,589867894.0,1130387437.13,1.0
000300.SH,2024-10-09,4168.8436,4197.6,3942.5118,3955.9839,482269295.0,1029032062.193,1.0
000300.SH,2024-10-10,3979.6116,4098.4967,3912.7708,3997.7879,395053099.0,717952217.513,1.0
000300.SH,2024-10-11,3969.7576,3978.2389,3847.1228,3887.167,274096505.0,484998267.296,1.0
000300.SH,2024-10-14,3915.2186,3979.5431,3868.779,3961.3424,307578993.0,534076602.216,1.0
000300.SH,2024-10-15,3942.5342,3967.8712,3855.9949,3855.9949,242486448.0,434410916.724,1.0
000300.SH,2024-10-16,3806.1373,3877.7483,3805.0868,3831.589,218866407.0,377301324.426,1.0
000300.SH,2024-10-17,3853.841,3882.0733,3787.7498,3788.2217,212313820.0,369170521.635,1.0
000300.SH,2024-10-18,3780.3143,3998.214,3765.1615,3925.234,312958834.0,620673701.894,1.0
000300.SH,2024-10-21,3946.9016,3979.2638,3896.165,3935.1974,291185634.0,600109598.949,1.0
000300.SH,2024-10-22,3923.7443,3965.9084,3917.5218,3957.7755,223433396.0,442881846.814,1.0
000300.SH,2024-10-23,3955.3191,4012.1795,3939.0986,3973.2089,245873949.0,469120806.272,1.0
000300.SH,2024-10-24,3950.8987,3957.9832,3914.0887,3928.8334,174724062.0,340486884.485,1.0
000300.SH,2024-10-25,3931.3205,3992.8918,3921.9396,3956.421,210694885.0,412231378.43,1.0
000300.SH,2024-10-28,3953.1063,3964.1569,3917.2042,3964.1569,216160415.0,390450182.338,1.0
000300.SH,2024-10-29,3970.008,3991.3091,3921.5795,3924.649,217293984.0,429625020.405,1.0
000300.SH,2024-10-30,3904.1595,3926.0581,3864.3051,3889.4487,219436626.0,385010582.233,1.0
000300.SH,2024-10-31,3888.4229,3923.8997,3859.1079,3891.0396,300636718.0,515533818.945,1.0
000300.SH,2024-11-01,3882.4579,3933.2204,3879.9588,3890.0203,307986481.0,476472952.028,1.0
000300.SH,2024-11-04,3897.7144,3944.7619,3891.2109,3944.7619,229239060.0,381048606.068,1.0
000300.SH,2024-11-05,3937.6228,4046.6977,3925.4138,4044.5725,316862794.0,580971852.724,1.0
000300.SH,2024-11-06,4051.2891,4091.7031,4002.5027,4024.2831,335807938.0,639124093.912,1.0
000300.SH,2024-11-07,3987.2665,4146.151,3984.6652,4145.6952,341436414.0,658145920.948,1.0
000300.SH,2024-11-08,4192.0794,4200.908,4094.1631,4104.047,332350385.0,688446559.772,1.0
000300.SH,2024-11-11,4066.9336,4132.5111,4048.039,4131.1312,289594227.0,625605935.91,1.0
000300.SH,2024-11-12,4133.3528,4181.7096,4060.7936,4085.743,297778086.0,660380524.821,1.0
000300.SH,2024-11-13,4059.5898,4121.0735,4059.5898,4110.8901,240484099.0,512734303.119,1.0
000300.SH,2024-11-14,4101.2228,4118.1686,4034.9441,4039.6191,230152784.0,464157560.755,1.0
000300.SH,2024-11-15,4025.6482,4049.071,3968.8308,3968.8308,247399463.0,474079686.588,1.0
000300.SH,2024-11-18,3982.1036,4034.0596,3931.1872,3950.3806,306777946.0,472408054.831,1.0
000300.SH,2024-11-19,3954.6038,3979.1505,3896.7493,3976.8912,242946465.0,402610970.34,1.0
000300.SH,2024-11-20,3966.1238,4001.0847,3958.3383,3985.7727,184599372.0,347577693.1,1.0
000300.SH,2024-11-21,3979.4554,3999.5693,3966.0658,3989.2979,166125927.0,324235010.779,1.0
000300.SH,2024-11-22,3984.2435,3990.2647,3865.6989,3865.6989,216285809.0,397566831.848,1.0
000300.SH,2024-11-25,3875.6126,3889.7069,3812.3179,3848.0909,190702953.0,349006773.18,1.0
000300.SH,2024-11-26,3836.259,3875.229,3833.2842,3840.1847,149892441.0,264403254.8,1.0
000300.SH,2024-11-27,3829.3442,3907.164,3817.9125,3907.0447,174136096.0,320632355.477,1.0
000300.SH,2024-11-28,3904.2525,3908.3918,3866.0136,3872.5505,150117291.0,286432871.224,1.0
000300.SH,2024-11-29,3869.8903,3962.7002,3869.8903,3916.5832,187656713.0,375262017.919,1.0
000300.SH,2024-12-02,3909.7029,3955.1252,3902.1697,3947.632,197289784.0,368591235.991,1.0
000300.SH,2024-12-03,3946.7034,3963.9474,3922.8425,3951.8912,182496867.0,327295048.701,1.0
000300.SH,2024-12-04,3948.13,3957.365,3917.7467,3930.5568,174626318.0,312040419.082,1.0
000300.SH,2024-12-05,3916.5638,3936.3358,3910.0834,3921.5881,138534038.0,257716297.997,1.0
000300.SH,2024-12-06,3923.8954,3995.1168,3923.8954,3973.1405,192057907.0,351751735.425,1.0
000300.SH,2024-12-09,3970.6628,3995.5116,3948.4206,3966.5708,175959958.0,308227216.703,1.0
000300.SH,2024-12-10,4094.05,4098.3804,3988.9676,3995.6369,253463795.0,487278042.807,1.0
000300.SH,2024-12-11,3988.0179,4005.3253,3977.3522,3988.8308,177252846.0,310713317.895,1.0
000300.SH,2024-12-12,3987.1525,4031.7441,3981.3485,4028.5048,181621777.0,333667518.401,1.0
000300.SH,2024-12-13,4000.9854,4000.9854,3931.7392,3933.1808,230353079.0,421478609.274,1.0
000300.SH,2024-12-16,3930.7807,3938.7595,3901.6465,3911.8416,178511251.0,327619081.581,1.0
000300.SH,2024-12-17,3908.1263,3955.945,3908.1263,3922.0334,160939090.0,306037370.847,1.0
000300.SH,2024-12-18,3934.5425,3956.1441,3933.9693,3941.89,157738321.0,276825381.224,1.0
000300.SH,2024-12-19,3911.8901,3954.3491,3899.7479,3945.4635,161081040.0,321771606.933,1.0
000300.SH,2024-12-20,3937.4722,3958.6336,3923.2562,3927.7441,154986496.0,332143276.398,1.0
000300.SH,2024-12-23,3928.1493,3965.8502,3928.1493,3933.5718,190067362.0,354063425.209,1.0
000300.SH,2024-12-24,3934.9422,3985.8588,3934.7338,3983.6882,161494589.0,310384873.294,1.0
000300.SH,2024-12-25,3987.9557,4007.7626,3969.4766,3985.6291,159390747.0,299295145.793,1.0
000300.SH,2024-12-26,3981.7317,3991.5331,3965.5461,3987.4801,143425286.0,305769929.403,1.0
000300.SH,2024-12-27,3987.0189,4007.1314,3970.9365,3981.0307,169268666.0,345011075.199,1.0
000300.SH,2024-12-30,3976.7004,4005.778,3976.7004,3999.0549,164612485.0,322699390.192,1.0
000300.SH,2024-12-31,3995.8705,4004.3462,3934.9109,3934.9109,183928397.0,347880439.53,1.0
000300.SH,2025-01-02,3931.8155,3934.2034,3796.3389,3820.3952,217898724.0,388636586.639,1.0
000300.SH,2025-01-03,3825.2426,3835.9353,3767.6653,3775.1648,175342676.0,304322755.436,1.0
000300.SH,2025-01-06,3775.9902,3788.8489,3743.0727,3768.9697,150946670.0,262803541.116,1.0
000300.SH,2025-01-07,3760.866,3797.602,3749.0581,3796.1055,146455779.0,266855795.347,1.0
000300.SH,2025-01-08,3781.261,3810.7355,3731.1887,3789.2153,169166968.0,300965725.433,1.0
000300.SH,2025-01-09,3780.7341,3795.2608,3768.681,3779.8773,129794002.0,251486002.82,1.0
000300.SH,2025-01-10,3778.8928,3786.8069,3732.4806,3732.4806,137523171.0,275354209.064,1.0
000300.SH,2025-01-13,3704.4442,3737.8852,3704.1073,3722.513,136446199.0,247861953.197,1.0
000300.SH,2025-01-14,3728.5561,3826.6399,3718.8768,3820.5395,170664657.0,345461480.064,1.0
000300.SH,2025-01-15,3810.0353,3816.8284,3790.1655,3796.026,141475520.0,278850595.532,1.0
000300.SH,2025-01-16,3812.1935,3842.947,3776.2861,3800.3836,144505871.0,305734630.771,1.0
000300.SH,2025-01-17,3788.3729,3831.6404,3780.2133,3812.3429,126621961.0,265437489.594,1.0
000300.SH,2025-01-20,3835.3042,3858.6677,3821.9815,3829.6764,139581277.0,292175449.109,1.0
000300.SH,2025-01-21,3850.3563,3850.9106,3817.1214,3832.6145,141218406.0,285073351.693,1.0
000300.SH,2025-01-22,3823.9447,3823.9447,3783.1438,3797.0166,137255062.0,298745637.551,1.0
000300.SH,2025-01-23,3829.0462,3864.2585,3801.8531,3803.7439,180569551.0,345198071.114,1.0
000300.SH,2025-01-24,3793.8498,3847.6003,3793.4836,3832.8637,148971722.0,296474375.469,1.0
000300.SH,2025-01-27,3836.9578,3851.9969,3817.0802,3817.0802,146670772.0,282940127.541,1.0
000300.SH,2025-02-05,3844.6998,3844.6998,3785.162,3795.0848,157168308.0,346016202.025,1.0
000300.SH,2025-02-06,3789.6086,3843.4942,3788.3196,3842.8314,167288176.0,371891971.101,1.0
000300.SH,2025-02-07,3844.0574,3919.3499,3833.8685,3892.7028,221857707.0,487381557.078,1.0
000300.SH,2025-02-10,3898.1023,3906.3678,3878.8314,3901.0618,188903040.0,384968342.874,1.0
000300.SH,2025-02-11,3905.1594,3905.1594,3872.9087,3883.1352,166574909.0,337866056.116,1.0
000300.SH,2025-02-12,3875.9596,3920.7229,3867.3538,3919.8617,164228540.0,354830596.298,1.0
000300.SH,2025-02-13,3913.9044,3939.1978,3904.9845,3905.1398,172485874.0,376473453.307,1.0
000300.SH,2025-02-14,3900.8274,3942.0356,3900.8274,3939.0085,172976452.0,360974236.854,1.0
000300.SH,2025-02-17,3954.4147,3955.8959,3921.7017,3947.3983,213588246.0,430929575.563,1.0
000300.SH,2025-02-18,3942.5761,3965.4232,3901.8675,3912.7829,209425101.0,400186229.941,1.0
000300.SH,2025-02-19,3906.2201,3943.6742,3904.1455,3940.1602,182829517.0,363680372.563,1.0
000300.SH,2025-02-20,3934.6503,3940.678,3916.1772,3928.8959,163895236.0,325972429.363,1.0
000300.SH,2025-02-21,3938.0518,3981.048,3927.7874,3978.444,227400330.0,504645493.577,1.0
000300.SH,2025-02-24,3972.4831,3995.9456,3949.2309,3969.7169,220810618.0,455088749.685,1.0
000300.SH,2025-02-25,3933.636,3955.4336,3915.6527,3925.6505,178108580.0,377981451.25,1.0
000300.SH,2025-02-26,3931.842,3960.3298,3925.3664,3959.9413,191062501.0,386458193.763,1.0
000300.SH,2025-02-27,3961.0635,3973.9323,3933.4611,3968.1159,202887963.0,428272792.668,1.0
000300.SH,2025-02-28,3950.1866,3972.4813,3886.3994,3890.0487,198104147.0,420308043.45,1.0
000300.SH,2025-03-03,3899.6962,3930.0048,3872.5872,3888.4738,177623166.0,356057735.014,1.0
000300.SH,2025-03-04,3865.9939,3890.4235,3855.7254,3885.2208,149850967.0,297739246.802,1.0
000300.SH,2025-03-05,3887.7992,3906.4214,3877.0188,3902.5706,158652751.0,290860484.505,1.0
000300.SH,2025-03-06,3923.3827,3964.4942,3917.0833,3956.2369,193960915.0,397419427.643,1.0
000300.SH,2025-03-07,3944.9145,3967.0743,3935.0464,3944.0143,166732375.0,340626700.286,1.0
000300.SH,2025-03-10,3945.5795,3949.1448,3905.127,3928.8018,152765232.0,292574987.481,1.0
000300.SH,2025-03-11,3890.4305,3941.4157,3889.4298,3941.4157,144754402.0,287480453.12,1.0
000300.SH,2025-03-12,3946.8623,3953.6125,3921.4736,3927.2315,156732190.0,309627267.365,1.0
000300.SH,2025-03-13,3925.7439,3939.2854,3897.3758,3911.5793,156536443.0,295173112.58,1.0
000300.SH,2025-03-14,3919.6159,4014.1586,3919.6159,4006.5567,216139003.0,450895278.803,1.0
000300.SH,2025-03-17,4020.6402,4021.7278,3992.2563,3996.7876,162202911.0,318904417.418,1.0
000300.SH,2025-03-18,4011.7794,4016.873,3995.9602,4007.7229,140208496.0,292739319.545,1.0
000300.SH,2025-03-19,4004.8251,4025.299,3989.512,4010.168,144419428.0,286075300.795,1.0
000300.SH,2025-03-20,4011.0588,4012.0416,3969.9259,3974.9918,133754670.0,260020676.826,1.0
000300.SH,2025-03-21,3966.5146,3983.1476,3904.7674,3914.6956,165905294.0,309348613.935,1.0
000300.SH,2025-03-24,3916.1136,3938.1826,3907.1999,3934.8486,152234674.0,266051442.613,1.0
000300.SH,2025-03-25,3937.8975,3946.3574,3921.5287,3932.2951,140475399.0,239246310.986,1.0
000300.SH,2025-03-26,3930.2073,3942.026,3916.8607,3919.3566,131164187.0,220943164.486,1.0
000300.SH,2025-03-27,3911.3841,3952.9852,3903.652,3932.4117,126793738.0,232173613.774,1.0
000300.SH,2025-03-28,3930.7763,3934.2336,3907.384,3915.1662,126356214.0,213379194.289,1.0
000300.SH,2025-03-31,3905.9815,3928.4482,3872.403,3887.3056,166798523.0,268480316.572,1.0
000300.SH,2025-04-01,3892.7794,3905.2622,3882.4045,3887.6841,140380274.0,246041674.67,1.0
000300.SH,2025-04-02,3884.4181,3900.4949,3877.1599,3884.3858,113043175.0,198267515.342,1.0
000300.SH,2025-04-03,3843.4177,3883.7025,3843.4177,3861.5034,142599789.0,263684681.545,1.0
000300.SH,2025-04-07,3675.2017,3707.7771,3514.1165,3589.4406,312578586.0,512971787.745,1.0
000300.SH,2025-04-08,3597.9859,3650.759,3583.8746,3650.759,280197312.0,464021087.838,1.0
000300.SH,2025-04-09,3606.1036,3686.7943,3587.3368,3686.7943,262305708.0,455031069.29,1.0
000300.SH,2025-04-10,3749.1262,3756.1386,3708.8194,3735.1151,227252227.0,403842564.856,1.0
000300.SH,2025-04-11,3730.3148,3762.3653,3708.4617,3750.5167,168759691.0,318535141.904,1.0
000300.SH,2025-04-14,3772.0407,3776.6344,3754.033,3759.1422,164462403.0,292571297.039,1.0
000300.SH,2025-04-15,3756.4788,3764.486,3737.8495,3761.2348,134006040.0,228604621.376,1.0
000300.SH,2025-04-16,3757.8757,3775.1661,3721.6025,3772.8204,156359006.0,261711094.769,1.0
000300.SH,2025-04-17,3755.0862,3779.1253,3749.504,3772.2221,122371002.0,209012323.066,1.0
000300.SH,2025-04-18,3760.0425,3782.0443,3754.4072,3772.523,102948509.0,173109384.097,1.0
000300.SH,2025-04-21,3768.1421,3790.1782,3763.1383,3784.8806,121355730.0,208085677.382,1.0
000300.SH,2025-04-22,3780.1122,3799.2295,3778.0791,3783.9522,125688257.0,210200698.794,1.0
000300.SH,2025-04-23,3803.4295,3807.9536,3780.5183,3786.8824,131986870.0,247117386.122,1.0
000300.SH,2025-04-24,3787.459,3807.2599,3775.207,3784.3574,117164560.0,205483051.375,1.0
000300.SH,2025-04-25,3792.0838,3801.5765,3780.7772,3786.9937,124591133.0,220535052.619,1.0
000300.SH,2025-04-28,3786.3867,3792.0082,3772.8029,3781.6188,125145091.0,210635318.523,1.0
000300.SH,2025-04-29,3776.0025,3785.3157,3768.0311,3775.0767,111514694.0,197462744.363,1.0
000300.SH,2025-04-30,3775.8306,3787.5639,3768.7573,3770.5705,143681658.0,244820462.218,1.0
000300.SH,2025-05-06,3794.3757,3809.0939,3782.777,3808.5424,158520459.0,267937090.757,1.0
000300.SH,2025-05-07,3861.5767,3863.6776,3814.9868,3831.627,161172299.0,286010735.453,1.0
000300.SH,2025-05-08,3820.5481,3867.3313,3816.2642,3852.8963,124959833.0,246987280.588,1.0
000300.SH,2025-05-09,3848.6187,3853.6632,3836.5349,3846.1566,119389526.0,216697939.672,1.0
000300.SH,2025-05-12,3866.5305,3890.7342,3859.0346,3890.6096,153332460.0,296122947.808,1.0
000300.SH,2025-05-13,3915.5924,3915.5924,3890.6855,3896.2583,147320299.0,267586397.72,1.0
000300.SH,2025-05-14,3894.8386,3960.5228,3890.6504,3943.2108,172033779.0,319465226.851,1.0
000300.SH,2025-05-15,3934.0273,3936.4653,3904.9068,3907.1992,138081749.0,241464943.554,1.0
000300.SH,2025-05-16,3898.6662,3903.8528,3874.8619,3889.0854,118405345.0,208835664.039,1.0
000300.SH,2025-05-19,3882.5677,3885.5889,3866.5695,3877.1453,98643414.0,184888170.554,1.0
000300.SH,2025-05-20,3883.1024,3911.4737,3881.7436,3898.1705,104885234.0,201636702.522,1.0
000300.SH,2025-05-21,3899.4365,3928.6339,3899.4365,3916.3807,109791343.0,217037739.435,1.0
000300.SH,2025-05-22,3912.6007,3923.0195,3903.0898,3913.8651,107597052.0,197511410.271,1.0
000300.SH,2025-05-23,3910.3739,3931.5514,3882.2741,3882.2741,120277419.0,232945378.295,1.0
000300.SH,2025-05-26,3875.7891,3884.537,3849.0384,3860.1067,109601207.0,208876792.149,1.0
000300.SH,2025-05-27,3857.6271,3865.4291,3834.8455,3839.3969,98572425.0,178466763.541,1.0
000300.SH,2025-05-28,3843.0747,3849.736,3833.9582,3836.2366,89031026.0,162496372.728,1.0
000300.SH,2025-05-29,3838.0092,3869.7909,3831.4577,3858.6998,108471886.0,209459602.501,1.0
000300.SH,2025-05-30,3850.493,3858.6128,3829.2542,3840.2323,111672228.0,199389751.071,1.0
000300.SH,2025-06-03,3833.4584,3863.2952,3832.7202,3852.0127,131403090.0,226782772.063,1.0
000300.SH,2025-06-04,3855.4878,3875.8569,3855.4878,3868.7429,116803873.0,211736178.154,1.0
000300.SH,2025-06-05,3872.6373,3883.1345,3861.272,3877.5557,122878184.0,231749275.335,1.0
000300.SH,2025-06-06,3878.1027,3889.4557,3869.3871,3873.9841,110987971.0,202034736.311,1.0
000300.SH,2025-06-09,3877.7977,3894.6517,3871.9917,3885.2459,136306293.0,262023668.466,1.0
000300.SH,2025-06-10,3887.5512,3897.4573,3850.4663,3865.4652,145563859.0,263647551.795,1.0
000300.SH,2025-06-11,3870.6719,3911.6107,3870.6719,3894.6252,142414772.0,257217704.405,1.0
000300.SH,2025-06-12,3885.5196,3900.0408,3870.3838,3892.1992,133998697.0,260239581.458,1.0
000300.SH,2025-06-13,3881.4923,3889.1602,3853.8186,3864.1822,172539536.0,309172346.18,1.0
000300.SH,2025-06-16,3853.6193,3876.1704,3853.6193,3873.7951,137341835.0,246860982.863,1.0
000300.SH,2025-06-17,3875.1768,3880.4156,3860.409,3870.3786,122342526.0,220399818.949,1.0
000300.SH,2025-06-18,3871.6502,3881.346,3854.6575,3874.9708,127528621.0,230553858.264,1.0
000300.SH,2025-06-19,3870.049,3872.9425,3834.9512,3843.0912,130280658.0,234840180.806,1.0
000300.SH,2025-06-20,3839.7833,3856.4799,3839.7833,3846.6443,118151020.0,213522822.875,1.0
000300.SH,2025-06-23,3831.1703,3867.5896,3827.0829,3857.9016,133800892.0,232482215.85,1.0
000300.SH,2025-06-24,3862.3876,3914.1579,3862.3876,3904.0342,163656188.0,294228720.613,1.0
000300.SH,2025-06-25,3907.0682,3963.0371,3902.1771,3960.0662,187213671.0,361727254.624,1.0
000300.SH,2025-06-26,3953.1603,3964.482,3945.2589,3946.0195,165316263.0,328102847.496,1.0
000300.SH,2025-06-27,3949.7879,3969.2626,3918.2041,3921.7578,194557913.0,343468229.814,1.0
000300.SH,2025-06-30,3920.3149,3940.3611,3911.6044,3936.0791,145170236.0,288821434.921,1.0
000300.SH,2025-07-01,3935.9078,3946.2451,3924.7219,3942.762,128959362.0,236070338.399,1.0
000300.SH,2025-07-02,3943.3232,3952.1378,3929.6956,3943.6849,147063062.0,246637847.454,1.0
000300.SH,2025-07-03,3949.3998,3971.616,3945.138,3968.0676,141004006.0,269609569.539,1.0
000300.SH,2025-07-04,3967.4637,4013.8478,3958.3762,3982.2034,157197133.0,290512992.198,1.0
000300.SH,2025-07-07,3977.2881,3979.7481,3956.5663,3965.1746,131135273.0,225106992.876,1.0
000300.SH,2025-07-08,3965.426,4002.269,3965.426,3998.4527,156402895.0,292089834.224,1.0
000300.SH,2025-07-09,3997.5044,4016.7434,3987.4267,3991.4006,173293796.0,305398796.563,1.0
000300.SH,2025-07-10,3993.4196,4032.9829,3992.5242,4010.0243,209778904.0,347836703.626,1.0
000300.SH,2025-07-11,4011.4652,4065.9419,4010.1052,4014.807,262052773.0,443780794.88,1.0
000300.SH,2025-07-14,4021.2135,4034.9198,4017.6678,4017.6678,207917175.0,321415945.157,1.0
000300.SH,2025-07-15,4023.9896,4042.6574,3994.2628,4019.0644,191042931.0,353524574.441,1.0
000300.SH,2025-07-16,4019.3925,4027.8567,3993.9209,4007.2019,151027308.0,300656795.665,1.0
000300.SH,2025-07-17,4005.067,4034.5935,4005.067,4034.491,161249041.0,325516865.723,1.0
000300.SH,2025-07-18,4039.8712,4064.6378,4039.3181,4058.5486,186211063.0,354244444.63,1.0
000300.SH,2025-07-21,4069.7685,4086.1171,4063.4427,4085.6072,223268476.0,377938564.878,1.0
000300.SH,2025-07-22,4087.3354,4119.2021,4068.3383,4118.9582,257596985.0,450874014.479,1.0
000300.SH,2025-07-23,4129.1476,4155.6783,4113.9085,4119.7685,300506154.0,470330899.421,1.0
000300.SH,2025-07-24,4116.8312,4152.4265,4111.8849,4149.0368,319632392.0,487000043.884,1.0
000300.SH,2025-07-25,4145.3195,4150.4994,4117.8005,4127.1634,273594963.0,430445513.471,1.0
000300.SH,2025-07-28,4128.1993,4146.12,4112.9677,4135.8242,222759815.0,406792873.973,1.0
000300.SH,2025-07-29,4132.6833,4153.3307,4117.5772,4152.0247,230807880.0,428764310.974,1.0
000300.SH,2025-07-30,4148.9405,4185.2064,4127.4301,4151.2379,249853048.0,445168467.668,1.0
000300.SH,2025-07-31,4141.5612,4141.8243,4063.6662,4075.5912,267087406.0,492142571.739,1.0
000300.SH,2025-08-01,4069.9254,4085.3543,4040.462,4054.9286,196221826.0,359685164.163,1.0
000300.SH,2025-08-04,4037.9378,4070.7023,4037.9378,4070.7023,162275902.0,295976826.632,1.0
000300.SH,2025-08-05,4080.3877,4106.2969,4075.5836,4103.45,178851999.0,306934255.766,1.0
000300.SH,2025-08-06,4100.4283,4116.7085,4098.3544,4113.4852,176676155.0,307674626.125,1.0
000300.SH,2025-08-07,4120.2822,4129.7382,4094.8214,4114.666,198641902.0,358108366.984,1.0
000300.SH,2025-08-08,4109.2734,4122.2104,4097.4157,4104.9669,173171201.0,308507687.635,1.0
000300.SH,2025-08-11,4110.2939,4134.2462,4103.605,4122.5106,190443716.0,360685826.235,1.0
000300.SH,2025-08-12,4123.5762,4153.2948,4121.2243,4143.8252,177287823.0,383088423.33,1.0
000300.SH,2025-08-13,4150.5037,4186.748,4147.1991,4176.5776,213934999.0,462776745.465,1.0
000300.SH,2025-08-14,4179.965,4220.3109,4165.9376,4173.3131,221103595.0,485075642.622,1.0
000300.SH,2025-08-15,4162.4205,4214.7291,4157.495,4202.3533,261327566.0,518686873.501,1.0
000300.SH,2025-08-18,4218.2471,4272.9602,4203.4191,4239.4125,301479102.0,635365867.185,1.0
000300.SH,2025-08-19,4241.7651,4264.2303,4215.2075,4223.3741,250818771.0,553536203.26,1.0
000300.SH,2025-08-20,4208.4005,4272.1463,4190.5559,4271.3958,246481773.0,538815306.147,1.0
000300.SH,2025-08-21,4284.3712,4308.4472,4273.6523,4288.0707,259030014.0,558521268.967,1.0
000300.SH,2025-08-22,4287.3633,4378.3881,4287.3633,4377.9977,290434897.0,675935075.409,1.0
000300.SH,2025-08-25,4416.2924,4472.6525,4404.7761,4469.2217,358090006.0,823681964.473,1.0
000300.SH,2025-08-26,4453.3526,4476.803,4435.5275,4452.5905,270621395.0,627950450.229,1.0
000300.SH,2025-08-27,4458.8399,4494.9126,4386.1266,4386.1266,333133898.0,785098482.974,1.0
000300.SH,2025-08-28,4378.0351,4464.8028,4364.171,4463.782,296834536.0,739423602.221,1.0
000300.SH,2025-08-29,4455.8034,4516.8395,4452.3632,4496.7591,351938947.0,831194066.158,1.0
000300.SH,2025-09-01,4516.8787,4528.1342,4487.5304,4523.7111,320366708.0,770378288.127,1.0
000300.SH,2025-09-02,4521.9828,4548.8937,4454.4169,4490.4528,303932566.0,777999297.964,1.0
000300.SH,2025-09-03,4501.3388,4510.7303,4427.5176,4459.8296,254320217.0,655697116.709,1.0
000300.SH,2025-09-04,4461.2503,4465.4967,4327.5068,4365.2085,307934609.0,773124596.998,1.0
000300.SH,2025-09-05,4365.6083,4466.5603,4350.2974,4460.3249,249625657.0,664166970.947,1.0
000300.SH,2025-09-08,4467.1693,4482.763,4438.0698,4467.5733,267638382.0,683630879.769,1.0
000300.SH,2025-09-09,4448.739,4472.093,4412.6914,4436.2584,221375460.0,562861103.958,1.0
000300.SH,2025-09-10,4438.2998,4466.6325,4414.5937,4445.3649,203597646.0,535539349.489,1.0
000300.SH,2025-09-11,4438.839,4548.0345,4427.9242,4548.0345,253264051.0,693156671.398,1.0
000300.SH,2025-09-12,4544.5905,4564.6665,4517.7897,4521.998,266442003.0,689576075.7,1.0
000300.SH,2025-09-15,4534.8866,4566.9053,4522.4958,4533.0557,231885678.0,613314652.4,1.0
000300.SH,2025-09-16,4539.9217,4552.419,4494.7875,4523.3367,249269206.0,613728334.806,1.0
000300.SH,2025-09-17,4517.2855,4556.0296,4503.7959,4551.023,235716472.0,608454200.521,1.0
000300.SH,2025-09-18,4546.0319,4573.8331,4454.9886,4498.109,309859826.0,839987127.411,1.0
000300.SH,2025-09-19,4499.0906,4533.0919,4491.8437,4501.9195,225044000.0,603887059.817,1.0
000300.SH,2025-09-22,4512.0251,4523.8695,4487.1299,4522.608,196459956.0,563149164.266,1.0
000300.SH,2025-09-23,4536.7569,4560.7319,4459.7281,4519.7781,252827062.0,680513630.7,1.0
000300.SH,2025-09-24,4495.2659,4567.4948,4494.1133,4566.0708,220482608.0,629161495.484,1.0
000300.SH,2025-09-25,4563.9827,4613.9486,4558.8424,4593.4875,229823333.0,669866986.619,1.0
000300.SH,2025-09-26,4576.9142,4597.8472,4550.0487,4550.0487,208482114.0,598723903.174,1.0
000300.SH,2025-09-29,4555.0342,4647.5691,4541.4252,4620.0528,274358877.0,693395231.241,1.0
000300.SH,2025-09-30,4629.8987,4647.5031,4616.2243,4640.6935,247980359.0,664624101.862,1.0
000300.SH,2025-10-09,4662.1133,4726.3449,4651.9895,4709.482,347678696.0,862208005.908,1.0
000300.SH,2025-10-10,4679.4983,4692.5858,4600.9646,4616.8341,319020899.0,792743047.251,1.0
000300.SH,2025-10-13,4490.8661,4601.8072,4490.8661,4593.9785,315010354.0,714001634.395,1.0
000300.SH,2025-10-14,4634.0543,4641.4492,4520.9258,4539.0644,372954030.0,808959003.201,1.0
000300.SH,2025-10-15,4544.2431,4608.8239,4526.834,4606.2879,284771855.0,607326345.326,1.0
000300.SH,2025-10-16,4588.9206,4645.0959,4586.2801,4618.4218,248235518.0,560567191.741,1.0
000300.SH,2025-10-17,4610.6967,4618.5621,4509.3289,4514.2345,256905617.0,559085965.219,1.0
000300.SH,2025-10-20,4558.2421,4570.4376,4520.5024,4538.2201,218420405.0,505798833.703,1.0
000300.SH,2025-10-21,4556.1224,4615.463,4547.9283,4607.8715,215711175.0,551390253.216,1.0
000300.SH,2025-10-22,4576.0277,4603.4884,4567.2361,4592.57,185333960.0,440935302.747,1.0
000300.SH,2025-10-23,4578.7018,4611.3409,4541.6944,4606.3447,200463917.0,420800208.776,1.0
000300.SH,2025-10-24,4622.7873,4660.6835,4622.7873,4660.6835,208814483.0,551986648.561,1.0
000300.SH,2025-10-27,4699.3819,4720.4288,4687.6876,4716.0186,262200674.0,672670372.523,1.0
000300.SH,2025-10-28,4697.7277,4734.3218,4679.2288,4691.973,220906645.0,571563257.096,1.0
000300.SH,2025-10-29,4701.0362,4747.8378,4697.268,4747.8378,246211324.0,645898688.765,1.0
000300.SH,2025-10-30,4735.9807,4761.8339,4706.452,4709.911,273289118.0,719956285.438,1.0
000300.SH,2025-10-31,4702.4946,4706.1395,4640.6676,4640.6676,281464740.0,680712251.493,1.0
000300.SH,2025-11-03,4636.7323,4653.4028,4595.7339,4653.4028,239869809.0,557602941.096,1.0
000300.SH,2025-11-04,4649.3481,4665.323,4595.066,4618.699,233224032.0,505177700.977,1.0
000300.SH,2025-11-05,4562.1117,4642.6101,4558.7647,4627.257,203045871.0,468361161.389,1.0
000300.SH,2025-11-06,4642.0112,4698.0935,4642.0112,4693.4032,224241008.0,553641780.921,1.0
000300.SH,2025-11-07,4673.7616,4701.3743,4666.0405,4678.7944,212497377.0,507573849.5,1.0
000300.SH,2025-11-10,4688.124,4695.1794,4654.2103,4695.0507,236026764.0,593977127.605,1.0
000300.SH,2025-11-11,4706.3374,4707.1275,4648.4896,4652.1655,186638858.0,477629076.357,1.0
000300.SH,2025-11-12,4643.5592,4669.6073,4620.9897,4645.9079,209460592.0,492308866.409,1.0
000300.SH,2025-11-13,4643.7862,4703.4897,4643.7862,4702.0738,207367474.0,510060678.21,1.0
000300.SH,2025-11-14,4663.3175,4684.2578,4628.0242,4628.1398,192092676.0,444720433.579,1.0
000300.SH,2025-11-17,4616.8058,4624.8976,4580.2613,4598.0525,188955466.0,438940097.528,1.0
000300.SH,2025-11-18,4584.7896,4606.6167,4552.8038,4568.1928,177713185.0,420150126.547,1.0
000300.SH,2025-11-19,4568.0365,4607.8627,4568.0365,4588.2922,172924974.0,385230481.97,1.0
000300.SH,2025-11-20,4619.5401,4620.6529,4560.1814,4564.9483,194562593.0,415064817.73,1.0
000300.SH,2025-11-21,4513.3858,4527.0436,4453.1819,4453.6076,222851013.0,481295814.463,1.0
000300.SH,2025-11-24,4473.1563,4478.8081,4421.8123,4448.0478,185833729.0,425807469.5,1.0
000300.SH,2025-11-25,4475.8359,4510.7729,4467.3529,4490.4047,169571929.0,411523796.962,1.0
000300.SH,2025-11-26,4490.2021,4538.1361,4485.6984,4517.6255,156200368.0,427361377.738,1.0
000300.SH,2025-11-27,4520.014,4559.2183,4509.8635,4515.4027,150311772.0,417789843.568,1.0
000300.SH,2025-11-28,4511.4972,4531.7219,4492.4256,4526.6616,142902096.0,341832317.979,1.0
000300.SH,2025-12-01,4539.1877,4576.9654,4531.2917,4576.4856,200382317.0,463861587.251,1.0
000300.SH,2025-12-02,4571.9098,4575.4945,4539.4312,4554.3347,148493132.0,364366426.478,1.0
000300.SH,2025-12-03,4554.5894,4569.821,4523.5017,4531.0486,169762790.0,374486168.903,1.0
000300.SH,2025-12-04,4533.6004,4557.4228,4514.1878,4546.5664,147198110.0,348767399.212,1.0
000300.SH,2025-12-05,4547.9056,4593.8279,4535.0195,4584.5368,196799968.0,412146806.538,1.0
000300.SH,2025-12-08,4593.1399,4640.6256,4592.7414,4621.7545,199620990.0,496716196.112,1.0
000300.SH,2025-12-09,4611.379,4628.7049,4584.254,4598.2232,184160344.0,452113884.581,1.0
000300.SH,2025-12-10,4586.254,4598.5366,4549.0798,4591.8273,169111106.0,401452781.498,1.0
000300.SH,2025-12-11,4597.1901,4610.2787,4547.1372,4552.1848,168419405.0,432431093.51,1.0
000300.SH,2025-12-12,4558.7375,4583.6753,4530.7841,4580.95,212826520.0,523863221.652,1.0
000300.SH,2025-12-15,4550.0028,4595.0463,4548.4382,4552.0596,167589967.0,424383389.792,1.0
000300.SH,2025-12-16,4542.4226,4553.0806,4484.27,4497.5545,165165201.0,390500134.303,1.0
000300.SH,2025-12-17,4499.7729,4594.6556,4498.9304,4579.875,178424830.0,452504741.114,1.0
000300.SH,2025-12-18,4553.9788,4571.9683,4544.1416,4552.7926,151681328.0,382102395.685,1.0
000300.SH,2025-12-19,4561.3729,4591.0931,4546.8465,4568.1781,154876220.0,371577144.281,1.0
000300.SH,2025-12-22,4587.6683,4615.8721,4587.6683,4611.6235,165252856.0,448240599.514,1.0
000300.SH,2025-12-23,4616.026,4644.5347,4607.7992,4620.7341,169256412.0,433141326.006,1.0
000300.SH,2025-12-24,4623.6831,4639.4278,4602.1444,4634.0586,153711241.0,406375640.662,1.0
000300.SH,2025-12-25,4629.3195,4651.1535,4621.9208,4642.5357,139434186.0,385356060.832,1.0
000300.SH,2025-12-26,4639.7895,4676.131,4635.1052,4657.24,175396565.0,460426934.268,1.0
000300.SH,2025-12-29,4658.2654,4672.0352,4629.0567,4639.3721,200397133.0,482613536.467,1.0
000300.SH,2025-12-30,4617.3163,4664.3305,4616.6323,4651.2818,180374974.0,457185489.037,1.0
000300.SH,2025-12-31,4656.48,4667.0467,4622.0988,4629.9395,170760224.0,444491545.749,1.0
000300.SH,2026-01-05,4661.616,4721.6378,4661.616,4717.7457,234144839.0,630577351.311,1.0
000300.SH,2026-01-06,4719.2088,4790.6938,4718.0099,4790.6938,296970686.0,725414566.873,1.0
000300.SH,2026-01-07,4796.9335,4802.6028,4751.0713,4776.6658,259095564.0,664897929.361,1.0
000300.SH,2026-01-08,4761.0105,4765.4863,4717.0091,4737.6536,238804957.0,630655637.962,1.0
000300.SH,2026-01-09,4725.9571,4771.4276,4719.134,4758.9221,254688038.0,668788811.127,1.0
000300.SH,2026-01-12,4769.6501,4795.9327,4737.5702,4789.9155,294833165.0,799954082.388,1.0
000300.SH,2026-01-13,4798.0488,4836.9549,4745.5154,4761.0324,301449497.0,801054979.64,1.0
000300.SH,2026-01-14,4767.6956,4818.1008,4720.246,4741.9306,364951023.0,891334219.174,1.0
000300.SH,2026-01-15,4721.7966,4769.5478,4720.9368,4751.4293,254003636.0,674058683.64,1.0
000300.SH,2026-01-16,4778.4302,4792.5514,4715.3646,4731.8728,325278929.0,785624166.096,1.0
000300.SH,2026-01-19,4720.1945,4761.6317,4715.0867,4734.4556,267612492.0,655149256.236,1.0
000300.SH,2026-01-20,4736.9096,4748.2297,4684.9684,4718.8782,282719579.0,671960685.391,1.0
000300.SH,2026-01-21,4714.5541,4758.2793,4714.2366,4723.0692,266353332.0,665330511.237,1.0
000300.SH,2026-01-22,4741.7548,4757.7637,4700.4482,4723.7091,274199932.0,690235248.161,1.0
000300.SH,2026-01-23,4729.585,4734.7942,4684.6172,4702.4966,314635445.0,755617735.528,1.0
000300.SH,2026-01-26,4715.3753,4754.1777,4693.1577,4706.964,363004481.0,796832970.315,1.0
000300.SH,2026-01-27,4705.1744,4736.9857,4675.6409,4705.6918,301475697.0,715267914.84,1.0
000300.SH,2026-01-28,4725.6014,4739.6257,4697.9063,4717.9914,382255602.0,829414067.055,1.0
000300.SH,2026-01-29,4733.0879,4770.9599,4696.0536,4753.8697,415513055.0,917966160.339,1.0
000300.SH,2026-01-30,4723.081,4738.8711,4645.4706,4706.3401,319786531.0,750564885.195,1.0
000300.SH,2026-02-02,4674.2759,4716.6069,4601.7603,4605.9799,304773500.0,725920381.252,1.0
000300.SH,2026-02-03,4648.3574,4662.1264,4578.2087,4660.1074,265549405.0,666626842.811,1.0
000300.SH,2026-02-04,4647.9671,4701.4768,4641.8424,4698.6832,264881032.0,636018589.863,1.0
000300.SH,2026-02-05,4664.7478,4687.0213,4639.43,4670.4188,237856351.0,550433167.197,1.0
000300.SH,2026-02-06,4622.9747,4678.2618,4606.6379,4643.5959,202716477.0,505759806.238,1.0
000300.SH,2026-02-09,4693.6715,4719.9642,4679.9037,4719.0559,207251938.0,522757267.199,1.0
000300.SH,2026-02-10,4718.2552,4732.0871,4713.8684,4724.2956,187000958.0,450339578.978,1.0
000300.SH,2026-02-11,4715.6697,4723.7043,4703.6873,4713.8185,173391681.0,433428613.402,1.0
000300.SH,2026-02-12,4720.0085,4726.0426,4707.7359,4719.578,197841439.0,490473852.275,1.0
000300.SH,2026-02-13,4693.4106,4703.6332,4658.4038,4660.4056,189167756.0,452878594.069,1.0
000300.SH,2026-02-24,4727.2961,4727.373,4698.3488,4707.544,218488890.0,526084235.584,1.0
000300.SH,2026-02-25,4713.5754,4766.5587,4713.3438,4735.8858,284268354.0,596903872.617,1.0
000300.SH,2026-02-26,4741.3896,4742.1476,4706.6943,4726.8739,234847644.0,599848915.405,1.0
000300.SH,2026-02-27,4698.3,4721.0141,4692.891,4710.6469,261420865.0,578820992.51,1.0
000300.SH,2026-03-02,4681.0141,4735.4055,4667.2752,4728.6688,349260752.0,752681937.77,1.0
000300.SH,2026-03-03,4737.3164,4744.5987,4651.4047,4655.8962,370624272.0,801659243.77,1.0
000300.SH,2026-03-04,4609.1918,4639.4204,4575.8249,4602.6247,303035666.0,608923128.59,1.0
000300.SH,2026-03-05,4651.9415,4671.5268,4630.3024,4647.6921,259317825.0,570443777.085,1.0
000300.SH,2026-03-06,4621.4939,4671.7126,4612.7943,4660.439,238527926.0,487807080.157,1.0
000300.SH,2026-03-09,4600.2535,4625.9814,4548.969,4615.4551,322787617.0,665821508.005,1.0
000300.SH,2026-03-10,4648.7851,4677.5958,4648.7851,4674.7562,263903748.0,557607876.149,1.0
000300.SH,2026-03-11,4681.0316,4711.8671,4674.7088,4704.4959,270175443.0,579564397.6,1.0
000300.SH,2026-03-12,4700.7205,4704.3791,4654.3147,4687.5601,302986816.0,572105482.464,1.0
000300.SH,2026-03-13,4669.0619,4707.4194,4659.4979,4669.14,310772009.0,580305608.198,1.0
000300.SH,2026-03-16,4669.2241,4673.6929,4621.8118,4671.5591,296215070.0,598799098.356,1.0
000300.SH,2026-03-17,4685.5697,4720.8608,4637.368,4637.4392,263021913.0,578501505.808,1.0
000300.SH,2026-03-18,4648.7517,4662.2936,4604.5163,4658.3324,234690705.0,524173911.454,1.0
000300.SH,2026-03-19,4611.4399,4634.5468,4570.392,4583.2511,254130449.0,547850295.789,1.0
000300.SH,2026-03-20,4602.8205,4628.7118,4563.0687,4567.0179,257873703.0,615463088.558,1.0
000300.SH,2026-03-23,4499.1004,4514.7182,4397.5661,4417.9971,328081945.0,671719761.061,1.0
000300.SH,2026-03-24,4458.9074,4474.825,4394.2943,4474.7224,255532517.0,530149390.314,1.0
000300.SH,2026-03-25,4506.6247,4542.1806,4502.0265,4537.4656,262639279.0,550428161.188,1.0
000300.SH,2026-03-26,4525.3291,4541.0502,4468.9571,4477.5343,213736788.0,471127498.414,1.0
000300.SH,2026-03-27,4431.5034,4519.8903,4431.4205,4502.5698,192400388.0,440517561.617,1.0
000300.SH,2026-03-30,4461.7367,4496.4109,4447.1373,4491.95,209293092.0,444629519.711,1.0
000300.SH,2026-03-31,4491.9209,4523.1745,4450.0493,4450.0493,224541585.0,484558113.011,1.0
000300.SH,2026-04-01,4517.2717,4532.1093,4492.0544,4526.0668,216483196.0,503744056.996,1.0
000300.SH,2026-04-02,4514.4416,4519.6931,4459.6095,4478.9141,190992161.0,429949131.7,1.0
000300.SH,2026-04-03,4492.8461,4494.4571,4437.5952,4440.7889,168321705.0,373234910.158,1.0
000300.SH,2026-04-07,4445.8613,4458.9264,4420.6939,4440.6162,162638787.0,378261695.015,1.0
000300.SH,2026-04-08,4517.3403,4595.556,4513.7705,4595.556,253339213.0,641779180.97,1.0
000300.SH,2026-04-09,4562.6696,4579.197,4552.4244,4566.2237,184939783.0,500445676.661,1.0
000300.SH,2026-04-10,4594.9467,4655.0988,4590.1089,4636.5655,208678605.0,625717995.648,1.0
000300.SH,2026-04-13,4615.133,4653.3983,4615.133,4646.1546,196712277.0,556620945.24,1.0
000300.SH,2026-04-14,4676.1235,4701.2837,4654.8526,4701.2837,204700332.0,605717793.585,1.0
000300.SH,2026-04-15,4726.6381,4731.2729,4672.556,4685.2464,201688500.0,604550556.798,1.0
000300.SH,2026-04-16,4694.4309,4739.2208,4689.414,4736.6077,192057600.0,567611323.592,1.0
000300.SH,2026-04-17,4728.9951,4738.3236,4714.4669,4728.6716,182915336.0,587622682.308,1.0
000300.SH,2026-04-20,4727.1661,4763.0427,4720.6853,4757.4419,221633494.0,626568410.331,1.0
000300.SH,2026-04-21,4750.5149,4776.8258,4722.0074,4767.997,205614058.0,580407995.62,1.0
000300.SH,2026-04-22,4751.2794,4801.4465,4750.3502,4799.627,204481830.0,619505670.177,1.0
000300.SH,2026-04-23,4816.0267,4823.4704,4759.86,4786.3273,232865736.0,693853775.976,1.0
000300.SH,2026-04-24,4771.7348,4786.444,4735.606,4769.3688,193798314.0,680097832.547,1.0
000300.SH,2026-04-27,4776.3351,4795.1682,4762.6441,4770.9469,192796550.0,648904814.981,1.0
000300.SH,2026-04-28,4757.0766,4778.1891,4743.4355,4758.2083,216724233.0,631521664.931,1.0
000300.SH,2026-04-29,4737.5755,4813.6104,4737.1139,4810.3468,233298110.0,681020507.301,1.0
000300.SH,2026-04-30,4820.9716,4829.2715,4797.5445,4807.3069,250633370.0,726665374.516,1.0
000300.SH,2026-05-06,4857.6537,4892.7957,4834.2807,4877.0932,274443880.0,881744311.635,1.0
000300.SH,2026-05-07,4895.8001,4901.8575,4866.8749,4900.5098,257833972.0,787236200.023,1.0
000300.SH,2026-05-08,4871.1185,4887.2129,4849.9871,4871.9122,251720996.0,716546104.146,1.0
