trade_date,benchmark_ret
2014-01-02,-0.004934508548342098
2014-01-03,-0.011071520021038284
2014-01-06,-0.0280203868925909
2014-01-07,0.008247739060237569
2014-01-08,-0.0016370359295467818
2014-01-09,-0.009140054368258377
2014-01-10,-0.004297274873551915
2014-01-13,-0.00641233604410707
2014-01-14,0.00783457464370474
2014-01-15,-0.000260630653784788
2014-01-16,-0.002546789967448837
2014-01-17,-0.013689859566634488
2014-01-20,-0.0024065500855472433
2014-01-21,0.010151169976295948
2014-01-22,0.02365423806810707
2014-01-23,-0.007352898545877062
2014-01-24,0.0032604622784686565
2014-01-27,-0.005476900065606416
2014-01-28,0.0022181345785385886
2014-01-29,-0.001144802716974369
2014-01-30,-0.016112178909058916
2014-02-07,0.015634036362838444
2014-02-10,0.020794133799076464
2014-02-11,0.00813675319206153
2014-02-12,0.0009902951945750527
2014-02-13,-0.004392053839037846
2014-02-14,0.013338746488763986
2014-02-17,0.0006574869704534247
2014-02-18,-0.012717779310040367
2014-02-19,0.01453838724343215
2014-02-20,-0.012989134380369305
2014-02-21,-0.01633735108558121
2014-02-24,-0.01344184731930853
2014-02-25,-0.031029792263981837
2014-02-26,0.01074293547114924
2014-02-27,-0.009841487739599475
2014-02-28,0.01138014167371515
2014-03-03,0.004577472725374232
2014-03-04,0.0015999208739760906
2014-03-05,-0.012780293249554653
2014-03-06,0.004930080017708782
2014-03-07,-0.009385528305199564
2014-03-10,-0.02654725642375866
2014-03-11,0.0048709552864176775
2014-03-12,0.0079636637037932
2014-03-13,0.004870380321832846
2014-03-14,0.0013723842300235045
2014-03-17,0.0062504893817636464
2014-03-18,-0.006915257459494395
2014-03-19,-0.007083995884169303
2014-03-20,-0.017160125414365845
2014-03-21,0.03943850363796608
2014-03-24,0.004108426947062371
2014-03-25,0.004814398511134188
2014-03-26,-0.005908131692608509
2014-03-27,-0.006377678080599858
2014-03-28,0.0007143138943104255
2014-03-31,-0.005722027370371974
2014-04-01,0.010425816467378723
2014-04-02,0.010422115290062539
2014-04-03,-0.014008686665064385
2014-04-04,0.010165979141623982
2014-04-08,0.02746476934933395
2014-04-09,0.0007415870498632682
2014-04-10,0.012542316319956726
2014-04-11,-0.000714674397957249
2014-04-14,-0.002880142931281804
2014-04-15,-0.016778462650088866
2014-04-16,0.006886089658137751
2014-04-17,-0.010228789889488943
2014-04-18,-0.0026792979219533164
2014-04-21,-0.011731077105191057
2014-04-22,0.0033030878422650733
2014-04-23,0.0007018885731351343
2014-04-24,0.0013891112105288705
2014-04-25,-0.013681480452588213
2014-04-28,-0.014479818522070476
2014-04-29,0.011407820323433349
2014-04-30,-0.002859046064364712
2014-05-05,-0.0005583970937337313
2014-05-06,3.904456099990128e-05
2014-05-07,-0.009033814988064104
2014-05-08,0.0031913157188716568
2014-05-09,0.005364122608516819
2014-05-12,0.013833334961003363
2014-05-13,-0.0022774612980658304
2014-05-14,-0.0026739074265297313
2014-05-15,-0.01168683774048318
2014-05-16,-0.002128804818822938
2014-05-19,-0.00684970565991172
2014-05-20,-0.008446337096673973
2014-05-21,0.012970140908180383
2014-05-22,-0.001551951724554801
2014-05-23,0.014603606668934788
2014-05-26,-0.0034677958010852494
2014-05-27,-0.003215751986056392
2014-05-28,0.01107956490134665
2014-05-29,-0.00685270303878871
2014-05-30,0.0005838485870539589
2014-06-03,-0.0038157431267494824
2014-06-04,-0.010607576880507175
2014-06-05,0.010630549038915138
2014-06-06,-0.009765895811212899
2014-06-09,0.0049083156151252805
2014-06-10,0.00817330014761497
2014-06-11,0.0002829115400544424
2014-06-12,-0.002677162652700016
2014-06-13,0.011832242593748932
2014-06-16,0.004246847371714768
2014-06-17,-0.0075166504169639214
2014-06-18,-0.0036076951870968044
2014-06-19,-0.016869881272826293
2014-06-20,0.006100341511828589
2014-06-23,-0.0029187165505260015
2014-06-24,0.0047098869158028744
2014-06-25,-0.0030676192939713687
2014-06-26,0.005253948657615526
2014-06-27,0.0027637308316259546
2014-06-30,0.007848791017634138
2014-07-01,-0.0023976592281298448
2014-07-02,0.0023128487179748802
2014-07-03,0.005275234750712565
2014-07-04,-0.0008709231372496795
2014-07-07,-0.0017066428709789916
2014-07-08,0.0015205800182820361
2014-07-09,-0.014477523202189091
2014-07-10,-0.004790829781594286
2014-07-11,0.0061905606705372485
2014-07-14,0.009558780428575053
2014-07-15,0.0012603169731748576
2014-07-16,-0.002758161728699582
2014-07-17,-0.00884609828823757
2014-07-18,0.007710706940520895
2014-07-21,-0.0008257004938954093
2014-07-22,0.013391378981851831
2014-07-23,0.0038509733986678008
2014-07-24,0.01965331004671711
2014-07-25,0.013069605143314789
2014-07-28,0.023611776711936372
2014-07-29,-0.000579526215822801
2014-07-30,-0.0011713389742288305
2014-07-31,0.008294691526623765
2014-08-01,-0.0019635003355077396
2014-08-04,0.017190141357424915
2014-08-05,-0.007821871198928632
2014-08-06,0.0022907243896419516
2014-08-07,-0.014564174770097194
2014-08-08,0.0037884512344235066
2014-08-11,0.00990672401463133
2014-08-12,-0.0011481595988430682
2014-08-13,-0.0005346711560387796
2014-08-14,-0.00815077901813921
2014-08-15,0.012098880018477365
2014-08-18,0.005330748113488326
2014-08-19,-0.0030421802473931114
2014-08-20,-0.002495310225079539
2014-08-21,-0.005670551723759187
2014-08-22,0.006250435740776217
2014-08-25,-0.011583768444613174
2014-08-26,-0.006757565395794085
2014-08-27,0.0018370851066578098
2014-08-28,-0.00461972828008228
2014-08-29,0.010193310847433024
2014-09-01,0.008089537255572044
2014-09-02,0.012641417167613911
2014-09-03,0.00930663089081718
2014-09-04,0.00880621111522939
2014-09-05,0.007830512737683426
2014-09-09,-0.00678322194478731
2014-09-10,-0.0020179890482523444
2014-09-11,-0.004906449969926063
2014-09-12,0.005891054560368536
2014-09-15,0.003016028353461264
2014-09-16,-0.01843104585059696
2014-09-17,0.00042498813331270924
2014-09-18,0.005397309857914978
2014-09-19,0.0041559564905016
2014-09-22,-0.016452929452252296
2014-09-23,0.0050001659997955805
2014-09-24,0.02592770233907138
2014-09-25,-0.009217733754024349
2014-09-26,0.005389977324412154
2014-09-29,0.0033781931413188193
2014-09-30,0.003549515000207837
2014-10-08,0.007853726527610183
2014-10-09,-0.003266272800104275
2014-10-10,-0.005939898774157681
2014-10-13,-0.00257099745585998
2014-10-14,-0.0026747240211921763
2014-10-15,0.0018122033693073192
2014-10-16,-0.002346294439126817
2014-10-17,0.0021410252527194196
2014-10-20,0.0020229099762176794
2014-10-21,-0.00754868945457865
2014-10-22,-0.007986410862767301
2014-10-23,-0.007283145099857613
2014-10-24,-0.00846842668926473
2014-10-27,-0.001845182966273451
2014-10-28,0.021346266889436194
2014-10-29,0.010952990185298939
2014-10-30,0.009443506487411657
2014-10-31,0.01711056514632503
2014-11-03,-0.0019031537977219903
2014-11-04,0.0023233438309924193
2014-11-05,-0.004649822994433506
2014-11-06,0.0014362315965361638
2014-11-07,0.008396561654838264
2014-11-10,0.01921393927655224
2014-11-11,-0.012812020300662752
2014-11-12,0.020423485004142927
2014-11-13,-0.01084858679235201
2014-11-14,0.017243426094625924
2014-11-17,-0.01845791469183422
2014-11-18,-0.01054078844629791
2014-11-19,-0.0037242443857596896
2014-11-20,0.003463330143389287
2014-11-21,0.030195409881546453
2014-11-24,0.013742464118493114
2014-11-25,0.017047755072007176
2014-11-26,0.015496446914456952
2014-11-27,0.006172749293942736
2014-11-28,0.026030483764082124
2014-12-01,-0.006466919898032608
2014-12-02,0.04587477532096229
2014-12-03,0.013377840990366874
2014-12-04,0.05665282988556508
2014-12-05,-0.011353805127787497
2014-12-08,0.04015896935660712
2014-12-09,-0.0349154386645375
2014-12-10,0.020815572788002834
2014-12-11,-0.0007026332420874137
2014-12-12,-0.001914592341693333
2014-12-15,0.014016807325795577
2014-12-16,0.03242793877613104
2014-12-17,0.010003547997185613
2014-12-18,-0.004007335319982541
2014-12-19,0.015130787065750662
2014-12-22,-0.011027747949135858
2014-12-23,-0.00793498150231109
2014-12-24,-0.023308102346055737
2014-12-25,0.02739608170890584
2014-12-26,0.04741628883492255
2014-12-29,-0.014667708683412606
2014-12-30,0.003354281047891927
2014-12-31,0.029950418627138653
2015-01-05,0.011872670592349088
2015-01-06,0.003463003834356604
2015-01-07,0.00805015515376728
2015-01-08,-0.02808135618109553
2015-01-09,-0.004526755467257448
2015-01-12,-0.00709723730466949
2015-01-13,0.0046930642977758286
2015-01-14,-0.006014351216197311
2015-01-15,0.032706507860853495
2015-01-16,-0.05592398530189302
2015-01-19,-0.022618543045969552
2015-01-20,0.025083365974455152
2015-01-21,0.03817025099612903
2015-01-22,0.00873994523313093
2015-01-23,-0.0005499585716487454
2015-01-26,0.009474548045623088
2015-01-27,-0.018483203552369987
2015-01-28,-0.0203888150756123
2015-01-29,0.0063224568082960175
2015-01-30,-0.0390896469286236
2015-02-02,0.008454573889059347
2015-02-03,0.0169810441001923
2015-02-04,0.012131530197229123
2015-02-05,-0.038882713661975155
2015-02-06,-0.013899586257916097
2015-02-09,0.011901441555793646
2015-02-10,0.021195326744346987
2015-02-11,0.005674511274519789
2015-02-12,0.006830723175817788
2015-02-13,0.004181186280782567
2015-02-16,0.011014056129507122
2015-02-17,0.005127658944327651
2015-02-25,-0.015819863722004168
2015-02-26,0.026346448310496484
2015-02-27,0.010719916482316849
2015-03-02,-0.006698299297451471
2015-03-03,-0.018061556471000828
2015-03-04,-0.00040345216203985235
2015-03-05,-0.0034341431535309663
2015-03-06,-0.014705882352941235
2015-03-09,0.021434932237507365
2015-03-10,0.0002653506033534203
2015-03-11,0.00939432413837138
2015-03-12,0.013206618009571347
2015-03-13,0.010292756259864033
2015-03-16,0.02531404346179711
2015-03-17,0.009406900607692448
2015-03-18,0.0217991842054015
2015-03-19,0.00032275243693669076
2015-03-20,0.018323464396551525
2015-03-23,0.014525055931775999
2015-03-24,-0.004645149100542478
2015-03-25,-0.010054831685757604
2015-03-26,0.00912782447609417
2015-03-27,0.01048175862694567
2015-03-30,0.03497378360319936
2015-03-31,-0.019663266797700363
2015-04-01,0.02278372821103436
2015-04-02,-0.01090953954581586
2015-04-03,0.02660919069781964
2015-04-07,0.015082486650114912
2015-04-08,0.009236344083507708
2015-04-09,-0.01565338370213465
2015-04-10,0.034043530554906276
2015-04-13,0.008666042944010632
2015-04-14,0.0016217950482455556
2015-04-15,-0.018881971403689968
2015-04-16,0.051242902350159936
2015-04-17,0.007940063061856906
2015-04-20,-0.020492373403966146
2015-04-21,0.025792502136397166
2015-04-22,0.02747994147147259
2015-04-23,-0.01718025531007461
2015-04-24,0.01521475343108758
2015-04-27,0.012084467584417169
2015-04-28,-0.01837666552560746
2015-04-29,0.013870494481889706
2015-04-30,-0.006426974120021578
2015-05-04,0.005791740731796224
2015-05-05,-0.033219356715467274
2015-05-06,-0.022785935246207867
2015-05-07,-0.0011643910460452656
2015-05-08,0.014735069052435268
2015-05-11,0.024013272543037756
2015-05-12,0.011634607966289012
2015-05-13,-0.0060585082772014465
2015-05-14,-0.005765209714802211
2015-05-15,-0.023172602278311305
2015-05-18,-0.0009648502921613122
2015-05-19,0.03799667819881747
2015-05-20,0.0036023867469545667
2015-05-21,0.026681547066709443
2015-05-22,0.010863115754428332
2015-05-25,0.0387318123864695
2015-05-26,0.014661536983168855
2015-05-27,-0.008065112908513417
2015-05-28,-0.06466263414649231
2015-05-29,0.00479922637115604
2015-06-01,0.04699310432191117
2015-06-02,0.01675907317464076
2015-06-03,-0.003976550618099095
2015-06-04,0.01918013379332706
2015-06-05,0.0008568946536617883
2015-06-08,0.02282812101339382
2015-06-09,-0.02326736519021222
2015-06-10,0.009675210658720568
2015-06-11,0.004549813353677878
2015-06-12,0.004641472922946033
2015-06-15,-0.03529862026130737
2015-06-16,-0.017951144278212094
2015-06-17,0.006976747303751196
2015-06-18,-0.051028462038431144
2015-06-19,-0.04242409538093317
2015-06-23,0.036663332345705735
2015-06-24,0.01967054624652631
2015-06-25,-0.06774417713143199
2015-06-26,-0.027773053480308008
2015-06-29,-0.0642646413851592
2015-06-30,0.05958017212507394
2015-07-01,-0.02750064226810689
2015-07-02,-0.06309450977187403
2015-07-03,0.050050782859581755
2015-07-06,-0.08069953388430218
2015-07-07,-0.05848428173119158
2015-07-08,-0.008046977256251253
2015-07-09,0.08134105372743528
2015-07-10,0.055144054484268956
2015-07-13,0.011228487043850377
2015-07-14,-0.026264400804139276
2015-07-15,-0.02930567900952985
2015-07-16,0.018765689725060986
2015-07-17,0.03312901597653761
2015-07-20,-0.011378041759226187
2015-07-21,0.009440817550297131
2015-07-22,0.0025001204634831353
2015-07-23,0.023146735748504677
2015-07-24,-0.03699038472407512
2015-07-27,-0.09927828769819524
2015-07-28,0.04036452057466344
2015-07-29,0.019745265476176277
2015-07-30,-0.03540161033071454
2015-07-31,-0.002934139894617993
2015-08-03,0.016277092319984643
2015-08-04,0.028805818383086157
2015-08-05,-0.03420723445554674
2015-08-06,0.016698133648599178
2015-08-07,0.02096057711949162
2015-08-10,0.03448188770110194
2015-08-11,-0.014182427334075043
2015-08-12,-0.0038901813572311816
2015-08-13,0.02192132598875185
2015-08-14,-0.009713421038201941
2015-08-17,0.00645568535069585
2015-08-18,-0.08227691683012972
2015-08-19,0.026715577812601143
2015-08-20,-0.03484933518144173
2015-08-21,-0.069916851652716
2015-08-24,-0.11132723211157114
2015-08-25,-0.002423740480843928
2015-08-26,0.00987613001646337
2015-08-27,0.04960653447996166
2015-08-28,0.018840343092738854
2015-08-31,-0.0032857569347151117
2015-09-01,-0.022956995766061583
2015-09-02,0.03925761223627111
2015-09-07,-0.037494293150400204
2015-09-08,0.038188348150670404
2015-09-09,0.0013324468690996127
2015-09-10,0.00017812780452008958
2015-09-11,0.005303119768091724
2015-09-14,-0.04718375646817552
2015-09-15,-0.01856997628978818
2015-09-16,0.043979696539173
2015-09-17,-0.010102484240522958
2015-09-18,-0.009783639794358812
2015-09-21,0.027854067902688184
2015-09-22,-0.00673062800587676
2015-09-23,-0.0033965830283549936
2015-09-24,-0.0019003956270405853
2015-09-25,-0.01407348445380141
2015-09-28,-0.0091074922289891
2015-09-29,-0.0004128272775897335
2015-09-30,0.040389236087100544
2015-10-08,-0.006803467448385558
2015-10-09,0.014771104879068853
2015-10-12,0.021287716764726294
2015-10-13,0.002529746582387915
2015-10-14,-0.008086565635769816
2015-10-15,0.030889386112213923
2015-10-16,0.011524753031743273
2015-10-19,-0.005939076389441689
2015-10-20,0.015012663430535422
2015-10-21,-0.03564431206574048
2015-10-22,0.024221350779637385
2015-10-23,0.022013929090707318
2015-10-26,-0.012519343570838393
2015-10-27,0.0017807232187065924
2015-10-28,-0.010019310897507627
2015-10-29,-0.0027554975840666796
2015-10-30,-0.011613457992869836
2015-11-02,-0.0012906590265369111
2015-11-03,-0.0021702162852712537
2015-11-04,0.044180462027737955
2015-11-05,0.01860764584111463
2015-11-06,0.026508419178107312
2015-11-09,0.002710293007611053
2015-11-10,0.005721301973103277
2015-11-11,0.003471380932574375
2015-11-12,-0.022264196284514592
2015-11-13,-0.01955950533469375
2015-11-16,0.02924218085857877
2015-11-17,-0.00790692107148594
2015-11-18,-0.009263159742217475
2015-11-19,0.014296271296243779
2015-11-20,-0.0011772522381805484
2015-11-23,-0.007597135847277392
2015-11-24,0.0005335898793534799
2015-11-25,0.01267050387492863
2015-11-26,-0.014794721838013336
2015-11-27,-0.04926479818997953
2015-11-30,0.0020896849128946293
2015-12-01,0.0071411355514354735
2015-12-02,0.03394579945980736
2015-12-03,0.002746130531467328
2015-12-04,-0.010256674819042133
2015-12-07,-0.0034613383698642863
2015-12-08,-0.015105107515634653
2015-12-09,0.0057966409277103725
2015-12-10,-0.00797765002203965
2015-12-11,-0.008733772098931336
2015-12-14,0.0374513015784117
2015-12-15,-0.001019518571253153
2015-12-16,0.002384751220879
2015-12-17,0.01135994120637207
2015-12-18,0.0019004728225755496
2015-12-21,0.029239281873816747
2015-12-22,0.001491362239716354
2015-12-23,-0.0050897499922767375
2015-12-24,-0.00675194137851276
2015-12-25,0.004031069353395589
2015-12-28,-0.03235385444327521
2015-12-29,0.010707431310749582
2015-12-30,-0.0005342136298036593
2015-12-31,-0.009318983130624514
2016-01-04,-0.0922416729942952
2016-01-05,0.02963461195657735
2016-01-06,-0.0003608137177786297
2016-01-07,-0.031391609996455405
2016-01-08,-0.020388205835869755
2016-01-11,-0.02673262764595674
2016-01-12,0.007981900343265957
2016-01-13,-0.05056013549581706
2016-01-14,0.04038279365718078
2016-01-15,-0.041442624671653494
2016-01-18,0.021012049012676393
2016-01-19,0.0228280693038192
2016-01-20,-0.02117028043938196
2016-01-21,-0.006851552397552418
2016-01-22,0.004537199488265253
2016-01-25,-0.009406180111081852
2016-01-26,-0.04723619277185076
2016-01-27,-0.014847879707810874
2016-01-28,-0.018470137204248838
2016-01-29,0.029220426416418643
2016-02-01,-0.012763248789970594
2016-02-02,0.010256628885658925
2016-02-03,0.00990868076674678
2016-02-04,0.007337957024098785
2016-02-05,-0.03139732807861473
2016-02-15,0.025536176654170628
2016-02-16,0.024273652396906265
2016-02-17,0.014975494136594936
2016-02-18,-0.010256606923296552
2016-02-19,0.011808231108882516
2016-02-22,0.010788238717935661
2016-02-23,-0.012702574651305087
2016-02-24,0.008709203926090314
2016-02-25,-0.05228507693427187
2016-02-26,-0.0008549008981830752
2016-02-29,-0.01981401970254104
2016-03-01,0.018250427154382187
2016-03-02,0.03969694615829633
2016-03-03,-0.0009347989302085358
2016-03-04,0.02016785948233424
2016-03-07,-0.002846639339975532
2016-03-08,-0.0174912226805084
2016-03-09,0.0033771691859132424
2016-03-10,-0.021594357508894046
2016-03-11,0.01650564416219802
2016-03-14,0.007163450053722986
2016-03-15,0.002457647097138027
2016-03-16,0.0091047300071454
2016-03-17,0.012727881447978762
2016-03-18,0.021385434468730757
2016-03-21,0.008841433139005206
2016-03-22,-0.004296861389350037
2016-03-23,-0.001937018433623039
2016-03-24,-0.010800542799990986
2016-03-25,0.009488480284043366
2016-03-28,-0.0111131649816405
2016-03-29,-0.003161213500852522
2016-03-30,0.021482031093270182
2016-03-31,-0.004807847889237049
2016-04-01,-0.0007372869805711835
2016-04-05,0.012212139577167491
2016-04-06,0.004850544751050068
2016-04-07,-0.02340353728113964
2016-04-08,0.007417725798389618
2016-04-11,0.00431313826296309
2016-04-12,0.00325038925690313
2016-04-13,0.012119341261930039
2016-04-14,0.0008417202755779396
2016-04-15,-0.008288777015434179
2016-04-18,-0.0026745407297006363
2016-04-19,5.26206891109382e-05
2016-04-20,-0.025691262148551552
2016-04-21,-0.005769021839373445
2016-04-22,0.007057078381069504
2016-04-25,-0.0015697348001971756
2016-04-26,0.007013135700420836
2016-04-27,-0.003958980247997346
2016-04-28,-0.0049840766195211605
2016-04-29,0.0019932855713034048
2016-05-03,0.013811628056381586
2016-05-04,0.00021954350496633523
2016-05-05,0.002798604293169804
2016-05-06,-0.030408207458894165
2016-05-09,-0.019329016561790424
2016-05-10,0.008321583193624082
2016-05-11,-0.006898899873308717
2016-05-12,0.007287939846435165
2016-05-13,-0.005566315019695289
2016-05-16,0.010114712353078037
2016-05-17,-0.007751097560932285
2016-05-18,-0.0036420295141585957
2016-05-19,-0.004105684115236041
2016-05-20,0.010085118409878913
2016-05-23,0.0015361627278087653
2016-05-24,-0.0011337084858120683
2016-05-25,-0.007516262853403011
2016-05-26,0.0010245369332544385
2016-05-27,-0.0011171566660086452
2016-05-30,0.004018762733067449
2016-05-31,0.03401082657856214
2016-06-01,-0.004707273667546974
2016-06-02,0.004724502101138395
2016-06-03,0.006250752455289277
2016-06-06,-0.003239152797063105
2016-06-07,-0.0033383217530059683
2016-06-08,-0.011907415486673845
2016-06-13,-0.02412281660383153
2016-06-14,-0.004736265668224049
2016-06-15,0.019843968265393475
2016-06-16,-0.0026645733540280325
2016-06-17,0.006077439413019636
2016-06-20,0.003207801043395797
2016-06-21,-0.007823870369673469
2016-06-22,0.009440921084477472
2016-06-23,-0.006094537445465953
2016-06-24,-0.014633131730011684
2016-06-27,0.013790582318258693
2016-06-28,0.011291215714601677
2016-06-29,0.0032932226039512624
2016-06-30,0.0013000688174709119
2016-07-01,-0.006508470882489625
2016-07-04,0.020014123265216233
2016-07-05,-0.0004789698986971125
2016-07-06,0.002791384317779144
2016-07-07,-0.0021195672970335533
2016-07-08,-0.00022373593571645145
2016-07-11,0.0008964881727111518
2016-07-12,0.022522208801744492
2016-07-13,0.001057232328621538
2016-07-14,0.00041315258642482533
2016-07-15,-0.0027839150342300334
2016-07-18,-0.002835972157388733
2016-07-19,-0.004162726880392653
2016-07-20,-0.0026258887579659884
2016-07-21,0.003985163124019975
2016-07-22,-0.009558254968409008
2016-07-25,0.0025055231628134944
2016-07-26,0.012963651333825377
2016-07-27,-0.02006652000987008
2016-07-28,0.0039718960843535545
2016-07-29,-0.0064551006167706815
2016-08-01,-0.0070914850184190525
2016-08-02,0.0018673763869050397
2016-08-03,0.003415999614049703
2016-08-04,0.0033876019966490034
2016-08-05,-0.0005566394197605851
2016-08-08,0.01032347354676122
2016-08-09,0.0069848354406649715
2016-08-10,-0.004799700612764468
2016-08-11,-0.0023928570756081013
2016-08-12,0.022174068899236454
2016-08-15,0.030245510416202492
2016-08-16,-0.007525627655463718
2016-08-17,-0.0023163498369471736
2016-08-18,-0.003380527742393169
2016-08-19,0.0018239987137325109
2016-08-22,-0.009528392141781028
2016-08-23,0.0027934169532028985
2016-08-24,-0.008332250127052299
2016-08-25,-0.00047841265126424837
2016-08-26,-0.0017884382217643324
2016-08-29,0.0011322592450575542
2016-08-30,7.449433571160569e-05
2016-08-31,0.004885419270073799
2016-09-01,-0.00842182114141865
2016-09-02,0.006755222788269677
2016-09-05,0.0003049377849533297
2016-09-06,0.006636839415078422
2016-09-07,-0.0018114177601235015
2016-09-08,0.00040895645493010946
2016-09-09,-0.020214301887123698
2016-09-12,-0.001996686787880453
2016-09-13,-0.006002503937342141
2016-09-14,-0.0009225023185025494
2016-09-19,0.006760326265767169
2016-09-20,-0.0021304483654663864
2016-09-21,0.007294112179486056
2016-09-22,0.00329333928757225
2016-09-23,-0.007468474419602633
2016-09-26,-0.01616435216248302
2016-09-27,0.008951091776514541
2016-09-28,-0.0027099126384591
2016-09-29,0.0016447404011985522
2016-09-30,0.007773308715340432
2016-10-10,0.009647560315167336
2016-10-11,0.0006890177438751977
2016-10-12,5.122548951241868e-06
2016-10-13,-0.000127820581489968
2016-10-14,0.002191598352579982
2016-10-17,-0.010067261783138215
2016-10-18,0.015468141339143537
2016-10-19,-0.0018429251036273797
2016-10-20,-0.00044121824952958466
2016-10-21,0.005065844609833281
2016-10-24,0.010491423513040221
2016-10-25,-0.0006764117913500289
2016-10-26,-0.004082137824005905
2016-10-27,-0.0012879460335545323
2016-10-28,-0.004403097351240115
2016-10-31,0.0018916962699022655
2016-11-01,0.0035942326106261913
2016-11-02,-0.007104613649047464
2016-11-03,0.010610764450858179
2016-11-04,-0.0026058490475968643
2016-11-07,0.004250346680894301
2016-11-08,0.0008618648456955036
2016-11-09,0.0012775470621713136
2016-11-10,0.0038644335575568345
2016-11-11,0.00627990729846184
2016-11-14,0.005761486902547741
2016-11-15,0.0010403730235850617
2016-11-16,-0.0026127817884080695
2016-11-17,0.004096550822450196
2016-11-18,-0.007225475985412233
2016-11-21,0.008957197309553022
2016-11-22,0.008908753756403653
2016-11-23,-0.0014645808657020032
2016-11-24,0.006121066807087683
2016-11-25,0.013935514032375362
2016-11-28,-0.003609910081043277
2016-11-29,0.009000422615370596
2016-11-30,-0.003845306589429498
2016-12-01,0.00446269711908065
2016-12-02,-0.024182313295368796
2016-12-05,-0.002143514575116079
2016-12-06,-0.002271336127541268
2016-12-07,0.0067771837051382455
2016-12-08,-0.0048633946278522355
2016-12-09,0.007040661486813926
2016-12-12,-0.027243849376673124
2016-12-13,0.0015332299100656588
2016-12-14,-0.010458163741469018
2016-12-15,-0.008471578050654127
2016-12-16,0.002093445614981926
2016-12-19,-0.004202558509147303
2016-12-20,-0.004372624630873623
2016-12-21,0.006450918629800295
2016-12-22,-0.0005159931490357206
2016-12-23,-0.01205294568679105
2016-12-26,0.007889685959981518
2016-12-27,-0.001040459644852998
2016-12-28,-0.005644751662111314
2016-12-29,0.0016873640445538296
2016-12-30,0.0034379284220160677
2017-01-03,0.008027934249166035
2017-01-04,0.008316755262654407
2017-01-05,-0.0004417606036350996
2017-01-06,-0.006268139718161536
2017-01-09,0.0047496400132669425
2017-01-10,-0.0017368311425669525
2017-01-11,-0.006888102535764329
2017-01-12,-0.0044178183379248726
2017-01-13,-0.0011488375772782389
2017-01-16,-0.0025800275165519526
2017-01-17,0.005366287349761523
2017-01-18,0.0022908587505174882
2017-01-19,-0.0011933224379503393
2017-01-20,0.009641484479019358
2017-01-23,0.0012155504601401024
2017-01-24,-0.00044045182334806476
2017-01-25,0.004939470161745563
2017-01-26,0.0037506280228385425
2017-02-03,-0.006730716913626922
2017-02-06,0.0010870791231434307
2017-02-07,-0.00296236145442319
2017-02-08,0.0059843575181024455
2017-02-09,0.004854698212176212
2017-02-10,0.005473149902747387
2017-02-13,0.0063197909881798076
2017-02-14,-0.0009081838039779466
2017-02-15,-0.003946657323908753
2017-02-16,0.006366973413844956
2017-02-17,-0.006380849714802683
2017-02-20,0.015610919594952533
2017-02-21,0.002343097313127318
2017-02-22,0.0012556554304878897
2017-02-23,-0.0053377211010117165
2017-02-24,0.0006264415708829851
2017-02-27,-0.0075204575199231405
2017-02-28,0.0020836989569372744
2017-03-01,0.0032666360736661737
2017-03-02,-0.011208428371336843
2017-03-03,0.0007564540589646285
2017-03-06,0.005517392017683642
2017-03-07,0.0017520356264073556
2017-03-08,-0.0026954690871672238
2017-03-09,-0.005494706737088406
2017-03-10,0.0004949506679015059
2017-03-13,0.009045260984245296
2017-03-14,-0.0012857793526833694
2017-03-15,0.005809460416111412
2017-03-16,0.00375604496586579
2017-03-17,-0.010403632800214058
2017-03-20,0.0002082021680454016
2017-03-21,0.0002854683396826818
2017-03-22,0.0004785040627639514
2017-03-23,0.003415299755046286
2017-03-24,0.007092005113104705
2017-03-27,-0.002440892617378454
2017-03-28,-0.002092522690186782
2017-03-29,-0.0032682722393090335
2017-03-30,-0.0077402290646977345
2017-03-31,0.012111514826007586
2017-04-05,0.009079677326962798
2017-04-06,0.0018427087505061834
2017-04-07,0.0014248593685484146
2017-04-10,-0.004441107821180568
2017-04-11,0.0030660453959316936
2017-04-12,-0.004065501796619686
2017-04-13,0.004721474298741146
2017-04-14,-0.011678821573060105
2017-04-17,-0.00024423589337752016
2017-04-18,-0.006302013888673019
2017-04-19,-0.0024523381240794118
2017-04-20,0.004896614842841096
2017-04-21,-0.0009132460986038815
2017-04-24,-0.00881830257629923
2017-04-25,0.0036526774174481247
2017-04-26,-0.0014972447081356144
2017-04-27,0.0013017955188925345
2017-04-28,-0.0033889666843868183
2017-05-02,-0.0017965137953023236
2017-05-03,-0.004915805574361776
2017-05-04,-0.0033641729559884537
2017-05-05,-0.007182796932154956
2017-05-08,-0.007868639667396815
2017-05-09,0.002408934535085061
2017-05-10,-0.00826845488078709
2017-05-11,0.008423731295021275
2017-05-12,0.012131233379462758
2017-05-15,-0.00019551312849563907
2017-05-16,0.009515102811179732
2017-05-17,-0.010377601009584625
2017-05-18,0.00223348497660103
2017-05-19,0.0015776242435052712
2017-05-22,0.001304833087405255
2017-05-23,0.001377816447419189
2017-05-24,0.0013732225100564488
2017-05-25,0.019101867174758036
2017-05-26,0.0044408289800330625
2017-05-31,-0.0028184532912474136
2017-06-01,0.0018268562094303498
2017-06-02,-0.0032707455026284027
2017-06-05,-0.004537911547519036
2017-06-06,0.008517578848603824
2017-06-07,0.010692196302075851
2017-06-08,0.008495368159286976
2017-06-09,0.0025210312213905794
2017-06-12,-0.0002968165175072368
2017-06-13,0.0005852638579268987
2017-06-14,-0.01134107645217497
2017-06-15,-0.00220123421491758
2017-06-16,-0.0008272271059582836
2017-06-19,0.011569944173113855
2017-06-20,0.0017800839595267792
2017-06-21,0.004606706307173525
2017-06-22,-3.4155995173867915e-05
2017-06-23,0.012162879765757806
2017-06-26,0.010630404986924802
2017-06-27,-0.0003859146341879116
2017-06-28,-0.004069251397092577
2017-06-29,0.0015023076643778666
2017-06-30,0.0034193452285511405
2017-07-03,-0.005563760957993491
2017-07-04,-0.009578077167335497
2017-07-05,0.011810741963284466
2017-07-06,-0.0018924315216704013
2017-07-07,8.123056826625508e-05
2017-07-10,-0.00029046547091715613
2017-07-11,0.007062067302876507
2017-07-12,-0.004433495229906992
2017-07-13,0.007183420231464677
2017-07-14,0.004888536687500444
2017-07-17,-0.014085134269063548
2017-07-18,0.0033910702119246405
2017-07-19,0.017557892373294637
2017-07-20,0.003500831484724465
2017-07-21,-0.003693477211010876
2017-07-24,0.0049035573136537725
2017-07-25,-0.005280870551152339
2017-07-26,-0.005914862436598445
2017-07-27,0.0007116462089660214
2017-07-28,0.00511374475342774
2017-07-31,0.004381065026318076
2017-08-01,0.007878972157544961
2017-08-02,-0.0034726717081271508
2017-08-03,-0.008091804334474428
2017-08-04,-0.006310913094868087
2017-08-07,0.006244596201772756
2017-08-08,0.0009943268433851848
2017-08-09,-0.0008234639837711999
2017-08-10,-0.009941202084746137
2017-08-11,-0.009912331883396797
2017-08-14,0.012161061281181995
2017-08-15,0.0014485981308409723
2017-08-16,0.0016030493575522886
2017-08-17,3.29910429452962e-05
2017-08-18,0.006649458480550541
2017-08-21,0.003728562953625225
2017-08-22,0.0004956278098646738
2017-08-23,0.0022092475558026514
2017-08-24,-0.005218097163756208
2017-08-25,0.018565226547092806
2017-08-28,0.008808256404210013
2017-08-29,-0.0012788414936437675
2017-08-30,0.0004097783248442344
2017-08-31,-0.002737393020156187
2017-09-01,0.0008379649051775129
2017-09-04,0.00444043398526861
2017-09-05,0.0003125694716206162
2017-09-06,0.001284435880903212
2017-09-07,-0.005612422397660466
2017-09-08,-0.00045129715229541567
2017-09-11,0.0010187177102403133
2017-09-12,0.0008629673771662905
2017-09-13,0.0020916691124266418
2017-09-14,-0.00453411566116102
2017-09-15,0.0017818980609409785
2017-09-18,0.004413505104380544
2017-09-19,-0.005123407242315081
2017-09-20,0.0034209582489732604
2017-09-21,-0.0043709793387001206
2017-09-22,0.0007213196514406217
2017-09-25,-0.004931997882597017
2017-09-26,0.0022652349074030464
2017-09-27,0.0006875685624319061
2017-09-28,0.0009450777351753814
2017-09-29,0.022198251956413007
2017-10-09,-0.006933606989400709
2017-10-10,0.0009824095712296366
2017-10-11,0.003909933121650333
2017-10-12,0.002808650995654638
2017-10-13,0.003399050594496522
2017-10-16,-0.0039441960693842315
2017-10-17,0.0010294085383375506
2017-10-18,0.006582149778104451
2017-10-19,-0.0055972934563922605
2017-10-20,0.0031554973534055897
2017-10-23,-0.001185863338783677
2017-10-24,0.008134266411653712
2017-10-25,0.005528064013672562
2017-10-26,0.0031421732386687218
2017-10-27,0.007416355731603375
2017-10-30,-0.006655770210867273
2017-10-31,0.0031331331945150254
2017-11-01,-0.0034474313255811184
2017-11-02,-0.0004368950099479241
2017-11-03,-0.0007933172986653858
2017-11-06,0.008327370540890833
2017-11-07,0.007232420192333722
2017-11-08,-0.0020800230828459387
2017-11-09,0.00673004051405246
2017-11-10,0.011123176085122255
2017-11-13,0.003334401882110427
2017-11-14,-0.010912452010930052
2017-11-15,-0.005072898865144948
2017-11-16,0.00752662554491601
2017-11-17,-8.419476645626922e-05
2017-11-20,0.00931037531994039
2017-11-21,0.023360950191732455
2017-11-22,-0.0035460455336936425
2017-11-23,-0.029407709694983186
2017-11-24,-0.00013216864190523925
2017-11-27,-0.01338396008463627
2017-11-28,0.006729651886615562
2017-11-29,-0.006733073904284792
2017-11-30,-0.007547999829747631
2017-12-01,-0.0036252231888395103
2017-12-04,0.0047353420238309685
2017-12-05,0.004787251972405482
2017-12-06,-0.005845488060695181
2017-12-07,-0.010179332880505654
2017-12-08,0.011115695939224013
2017-12-11,0.015380277075540905
2017-12-12,-0.013438202968544699
2017-12-13,0.009235787876417989
2017-12-14,-0.007941809909633002
2017-12-15,-0.008817409613825156
2017-12-18,0.0006343489619715648
2017-12-19,0.012593558776175406
2017-12-20,-0.00320687291115318
2017-12-21,0.010399281544768213
2017-12-22,-0.0018440246606994393
2017-12-25,-0.0041405649845285275
2017-12-26,0.0011537841012561056
2017-12-27,-0.012924274474694575
2017-12-28,0.007484503494493033
2017-12-29,0.00554975181229489
2018-01-02,0.011433798494347114
2018-01-03,0.005538510977265432
2018-01-04,0.004672346437622155
2018-01-05,0.0018170759998945574
2018-01-08,0.004029337422988277
2018-01-09,0.007135230035342444
2018-01-10,0.0023665431761583644
2018-01-11,0.0019134102064810588
2018-01-12,0.005871688972202582
2018-01-15,-0.003359704964426724
2018-01-16,0.01094940922990606
2018-01-17,-0.0005650920824622485
2018-01-18,0.0052970447542186605
2018-01-19,-0.001274189665233516
2018-01-22,0.016463863244946975
2018-01-23,0.009792337668656614
2018-01-24,-0.0017036056893353635
2018-01-25,-0.006790474107485123
2018-01-26,0.00800432680223917
2018-01-29,-0.022879639809615493
2018-01-30,-0.012264330041262261
2018-01-31,0.009974327309060671
2018-02-01,-0.01459282085099578
2018-02-02,-0.0022498192071428447
2018-02-05,-0.005264007869741905
2018-02-06,0.005597555446243518
2018-02-07,-0.043477830815125906
2018-02-08,-0.03149760711243654
2018-02-09,-0.012807965650156183
2018-02-12,0.020624776682825807
2018-02-13,0.0049670935275936134
2018-02-14,0.019233710078869315
2018-02-22,0.010142171804133682
2018-02-23,0.007790795824809127
2018-02-26,0.006711391032801384
2018-02-27,-0.02525681948030789
2018-02-28,-0.00545771474150103
2018-03-01,0.005027048949745261
2018-03-02,0.0016703815314307313
2018-03-05,0.0033140315902087103
2018-03-06,0.007067534866421088
2018-03-07,-0.0060416102088081125
2018-03-08,0.012160999062950317
2018-03-09,0.010429810602087475
2018-03-12,-0.001543803069894989
2018-03-13,-0.011703376295288614
2018-03-14,-0.004258227044893759
2018-03-15,0.009406914884049877
2018-03-16,-0.010317349102514584
2018-03-19,-0.0021885915874613193
2018-03-20,0.012675422668984249
2018-03-21,-0.0085324121704623
2018-03-22,-0.0407011770461283
2018-03-23,-0.008735798594921462
2018-03-26,0.016775128078977408
2018-03-27,-0.015899866887061798
2018-03-28,-0.002704754774678797
2018-03-29,0.010158119483170136
2018-03-30,0.0008368289381324168
2018-04-02,-0.012022206180274053
2018-04-03,0.006096404544378542
2018-04-04,-0.005594731159819788
2018-04-09,0.002276168972699333
2018-04-10,0.019024237043714143
2018-04-11,0.0003820882362524092
2018-04-12,-0.003794903692456053
2018-04-13,-0.014860392974536007
2018-04-16,-0.012841303933246118
2018-04-17,-0.007230423995585933
2018-04-18,-0.0027796696694974976
2018-04-19,0.007000003178989855
2018-04-20,-0.012237663952835987
2018-04-23,0.004045367691646318
2018-04-24,0.01451351737126183
2018-04-25,-0.00031396805657413207
2018-04-26,-0.013693390222781487
2018-04-27,-0.0002948260729032093
2018-05-02,-0.0036497807343705
2018-05-03,0.007494451056831775
2018-05-04,-0.0004692261304493073
2018-05-07,0.013766858907838797
2018-05-08,0.010826513155522077
2018-05-09,0.0017301021101048253
2018-05-10,0.004973787585191847
2018-05-11,-0.003914382439764386
2018-05-14,0.00855852374515087
2018-05-15,-0.0026328654885878766
2018-05-16,-0.003664825038033004
2018-05-17,-0.009068205677360996
2018-05-18,0.016935807189973673
2018-05-21,-0.0017129110970074413
2018-05-22,-0.005243166219137674
2018-05-23,-0.011537610174240709
2018-05-24,-0.007667937718495055
2018-05-25,-0.0019561713428155603
2018-05-28,0.0020768998504270275
2018-05-29,-0.018046823970006343
2018-05-30,-0.0015661048572844782
2018-05-31,0.01076901009186959
2018-06-01,-0.0011834006936115582
2018-06-04,0.0068948510838393595
2018-06-05,0.0074509774288211705
2018-06-06,0.001889140327469896
2018-06-07,-0.007145685552871206
2018-06-08,-0.012891837738739031
2018-06-11,0.0034421973535678774
2018-06-12,0.008308235878872194
2018-06-13,-0.010480159818911372
2018-06-14,-0.003072902642148878
2018-06-15,-0.016043515874995307
2018-06-19,-0.02703912349043658
2018-06-20,0.008606289898114516
2018-06-21,-0.01807097609454633
2018-06-22,0.016229322290105097
2018-06-25,-0.028741476635877006
2018-06-26,0.0010065630626370226
2018-06-27,-0.02558434473508986
2018-06-28,-0.0008681946236039906
2018-06-29,0.021123544524197735
2018-07-02,-0.026817392057674194
2018-07-03,-0.003429989713754744
2018-07-04,-0.009775305177259552
2018-07-05,-0.005494577164352865
2018-07-06,0.009513775422890225
2018-07-09,0.025452264780643663
2018-07-10,-0.01904233257210064
2018-07-11,0.0012956149537213246
2018-07-12,0.02502443048282532
2018-07-13,0.00013484318717704724
2018-07-16,-0.006461339416509282
2018-07-17,-0.0028320543398101528
2018-07-18,-0.0034147074594692572
2018-07-19,-0.005326109776024213
2018-07-20,0.013249755038427846
2018-07-23,0.016938665794126395
2018-07-24,0.016665816496109098
2018-07-25,-0.001723970056599744
2018-07-26,-0.013826824657699133
2018-07-27,-0.003655471318829595
2018-07-30,-0.0029479781296228857
2018-07-31,0.005570586129327593
2018-08-01,-0.027104077138385585
2018-08-02,-0.01970907696230051
2018-08-03,-0.015994588351666894
2018-08-06,-0.00840276244800009
2018-08-07,0.023491782366307667
2018-08-08,-0.01745074615234854
2018-08-09,0.02873863337608107
2018-08-10,-0.008366461777948753
2018-08-13,0.004896763222299372
2018-08-14,-0.00428887407443812
2018-08-15,-0.03561828598746308
2018-08-16,0.0166181425768106
2018-08-17,-0.02047263806350308
2018-08-20,0.010383868890731396
2018-08-21,0.017460846651373707
2018-08-22,-0.0061611862866984834
2018-08-23,5.712629526755109e-06
2018-08-24,0.009343148683059077
2018-08-27,0.020590830167934282
2018-08-28,-0.004429822371091463
2018-08-29,-0.0021359821496437226
2018-08-30,-0.015483790975334255
2018-08-31,-0.0038070365872766576
2018-09-03,0.001052853536635645
2018-09-04,0.007674751051836459
2018-09-05,-0.018817754422838617
2018-09-06,-0.0038865847122514507
2018-09-07,-0.0007663053860138547
2018-09-10,-0.012739754191944286
2018-09-11,-0.003936613162092817
2018-09-12,0.007054449109293426
2018-09-13,0.000970927669145194
2018-09-14,-0.005521102288812085
2018-09-17,-0.009700809633905738
2018-09-18,0.02140336755935368
2018-09-19,0.016210560586045863
2018-09-20,0.0017557218885848602
2018-09-21,0.016645878854666618
2018-09-25,0.0037280821992673463
2018-09-26,0.00808473788375319
2018-09-27,-0.0017545322342237268
2018-09-28,-0.014193833018207425
2018-10-08,-0.02123684025931538
2018-10-09,0.0015981846533486
2018-10-10,-0.035166288526701006
2018-10-11,-0.017665852880390798
2018-10-12,0.01616048555223104
2018-10-15,-0.014263543352613817
2018-10-16,0.003869939055987315
2018-10-17,-0.013657376142099942
2018-10-18,-0.025838256385527503
2018-10-19,0.04699284446737262
2018-10-22,0.03594350152524339
2018-10-23,-0.0316730749624724
2018-10-24,-0.019440837359811503
2018-10-25,0.031032580117858144
2018-10-26,-0.014604383599521209
2018-10-29,-0.030263900615422834
2018-10-30,0.017873759360925945
2018-10-31,0.0219927228465413
2018-11-01,0.023046356243654254
2018-11-02,0.0033327714371895745
2018-11-05,-0.004432431622316768
2018-11-06,-0.0034102536736195788
2018-11-07,0.002420128380310249
2018-11-08,-0.017967123388945128
2018-11-09,-0.010352099591899089
2018-11-12,0.0014795364855240134
2018-11-13,0.021712603235555017
2018-11-14,-0.010007140867125952
2018-11-15,0.01299404669642601
2018-11-16,0.0049070286002037555
2018-11-19,0.0028491846932598985
2018-11-20,-0.024777355293486347
2018-11-21,0.014392571308892599
2018-11-22,-0.007541077282703146
2018-11-23,-0.01867513268276788
2018-11-26,0.0013028349315891141
2018-11-27,-0.004766151512970662
2018-11-28,0.019465618602795942
2018-11-29,-0.019578964894588324
2018-11-30,0.039694582883558205
2018-12-03,-0.001367196880215027
2018-12-04,-0.009818906426767082
2018-12-05,-0.0019051219140319153
2018-12-06,-0.009515234548942098
2018-12-07,-0.010656999630336284
2018-12-10,-0.0016797722217197775
2018-12-11,0.010590219455683059
2018-12-12,-0.0008407809236079533
2018-12-13,0.008951895488080508
2018-12-14,-0.015297279394151264
2018-12-17,-0.005805398652508842
2018-12-18,-0.001977006444021323
2018-12-19,-0.016018391561065437
2018-12-20,-0.009151255530932767
2018-12-21,-0.01303572928294583
2018-12-24,-0.0028581354439237705
2018-12-25,0.0019921987541433595
2018-12-26,0.009983872514868652
2018-12-27,-0.015824812843566738
2018-12-28,0.007437036591820156
2019-01-02,-0.017914349543533548
2019-01-03,-0.00770396783874383
2019-01-04,0.039100138916116745
2019-01-07,-0.0017278346243486675
2019-01-08,0.005034960944461098
2019-01-09,0.003996762788523567
2019-01-10,0.0015531530211863043
2019-01-11,0.003321230207105952
2019-01-14,-0.00678412638790693
2019-01-15,0.01778149797893125
2019-01-16,0.0020772617379538616
2019-01-17,-0.0025939877645880793
2019-01-18,0.01484229889398403
2019-01-21,0.0034918096641582963
2019-01-22,-0.014410474283469088
2019-01-23,0.003350854055488073
2019-01-24,0.005903760516971168
2019-01-25,0.011985884916422274
2019-01-28,-0.00807272561752237
2019-01-29,0.001382983645347391
2019-01-30,0.0003280053831102858
2019-01-31,0.013521480999756585
2019-02-01,0.004363162672923915
2019-02-11,0.020539612857910505
2019-02-12,0.009505066958533037
2019-02-13,0.016500581194790698
2019-02-14,-0.0004753224474952633
2019-02-15,-0.007318557625790367
2019-02-18,0.02622920530188866
2019-02-19,-0.0013863635205800806
2019-02-20,6.058090244720482e-05
2019-02-21,-0.0031195825585219605
2019-02-22,0.03968005146046605
2019-02-25,0.04442383646217207
2019-02-26,-0.013895150351731833
2019-02-27,-0.0020493581588588716
2019-02-28,0.0065169464551690925
2019-03-01,0.022659127446934102
2019-03-04,0.00061841853133493
2019-03-05,0.009901948450988796
2019-03-06,0.004783540527314223
2019-03-07,-0.031174033080131003
2019-03-08,-0.015430852719577559
2019-03-11,0.025747403668341606
2019-03-12,0.0001058719105271333
2019-03-13,-0.012881962522810375
2019-03-14,0.0009817552433992738
2019-03-15,0.010691514339503883
2019-03-18,0.02742532615509896
2019-03-19,-0.0081037683953058
2019-03-20,0.003906245506930084
2019-03-21,-0.0005605843722314985
2019-03-22,-0.016071100332701538
2019-03-25,-0.00262519546834894
2019-03-26,-0.011183480428544113
2019-03-27,0.0017869696153947068
2019-03-28,0.0023351801358819646
2019-03-29,0.04315659296943064
2019-04-01,0.021833066584284522
2019-04-02,-0.00965159983797692
2019-04-03,0.023271234103800387
2019-04-04,0.014199225371227309
2019-04-08,-0.008124961085305582
2019-04-09,-0.0003374662407645834
2019-04-10,0.005174054771236669
2019-04-11,-0.023675891862145027
2019-04-12,0.017485203982299247
2019-04-15,-0.024256328479295042
2019-04-16,0.03097976671259861
2019-04-17,0.0010776537026382371
2019-04-18,-0.002158935655859562
2019-04-19,0.012186653896247401
2019-04-22,-0.02528955785130571
2019-04-23,0.002984239441159664
2019-04-24,-0.004964883732991643
2019-04-25,-0.022850243747344456
2019-04-26,-0.0064531371844127605
2019-04-29,-0.0024130119768542846
2019-04-30,-0.02883926210875909
2019-05-06,-0.019287264774634383
2019-05-07,-0.014509142726010893
2019-05-08,-0.003070508387594817
2019-05-09,0.0015697434338113325
2019-05-10,0.008977079323821524
2019-05-13,-0.012329668884503042
2019-05-14,0.012272428335660113
2019-05-15,0.012257410769016097
2019-05-16,0.006676300974264082
2019-05-17,-0.029143668903670483
2019-05-20,-0.004482944125999033
2019-05-21,0.012078232390237309
2019-05-22,-0.009179222720490543
2019-05-23,-0.012295481693985422
2019-05-24,0.0021482040120710533
2019-05-27,0.011249643607961435
2019-05-28,0.002621319100465813
2019-05-29,0.00173175789486546
2019-05-30,-0.0021522400416899012
2019-05-31,-0.00010538324359188334
2019-06-03,-0.0022118255592479263
2019-06-04,-0.0013118846591998468
2019-06-05,-0.007376134046394589
2019-06-06,-0.006394604929759629
2019-06-10,0.011043993077266112
2019-06-11,0.024696339946779666
2019-06-12,-0.004661649936664736
2019-06-13,0.00024200564215459686
2019-06-14,-0.009763780355397489
2019-06-17,0.0018297178122861357
2019-06-18,0.02737083980549282
2019-06-19,-0.01127165356392712
2019-06-20,0.030597549582386474
2019-06-21,0.0009322331712149357
2019-06-24,0.0002921561165716291
2019-06-25,-0.01509173115238538
2019-06-26,0.007415003919156282
2019-06-27,0.006440461677909681
2019-06-28,0.017554892604888517
2019-07-01,0.008134035699915998
2019-07-02,-0.0009188642440086658
2019-07-03,-0.008208585931306578
2019-07-04,-0.00508939494677263
2019-07-05,9.833890595745132e-05
2019-07-08,-0.020037207205089613
2019-07-09,0.002594537251486617
2019-07-10,-0.0004632939347912757
2019-07-11,-0.0060722736713699765
2019-07-12,0.002529054882441706
2019-07-15,0.007015296386220005
2019-07-16,-0.005011720371924655
2019-07-17,-0.0018202385070060778
2019-07-18,-0.0014977897359353953
2019-07-19,0.006863167202898701
2019-07-22,-0.007856583903373626
2019-07-23,0.005298105523420915
2019-07-24,0.00468060843729412
2019-07-25,0.003621274123880136
2019-07-26,0.00592175990783983
2019-07-29,0.0009410204836290958
2019-07-30,-0.0012494400593251465
2019-07-31,-0.009702689703363854
2019-08-01,-0.02361498926956762
2019-08-02,-0.001266032254324978
2019-08-05,-0.030957362182790993
2019-08-06,0.012612659990194786
2019-08-07,-0.0008961777084933731
2019-08-08,0.00969288925479228
2019-08-09,-0.010546743712679274
2019-08-12,0.0075991550238097005
2019-08-13,0.009924646589763553
2019-08-14,-0.025338048300168836
2019-08-15,0.022092674612325558
2019-08-16,0.010301327979650887
2019-08-19,0.013380926042865005
2019-08-20,-0.0020382585856515423
2019-08-21,0.0041145654282228605
2019-08-22,0.0007978427853545522
2019-08-23,-0.01067199321253609
2019-08-26,0.009343322573453827
2019-08-27,0.007214584719068551
2019-08-28,-0.003487602494230857
2019-08-29,0.002938908851255473
2019-08-30,-0.0034032213354125984
2019-09-02,0.012853416775135962
2019-09-03,-0.0010203813060932765
2019-09-04,0.015735498616488375
2019-09-05,0.009586773916675284
2019-09-06,0.008683818578496316
2019-09-09,-0.0010268885801021366
2019-09-10,-0.0018089604494712086
2019-09-11,-0.006293713111123922
2019-09-12,0.009296011650289593
2019-09-16,-0.008591005649926431
2019-09-17,-0.011188557275023547
2019-09-18,0.005372387515668375
2019-09-19,0.00242007882286166
2019-09-20,-0.002103390211679823
2019-09-23,-0.007469633666768116
2019-09-24,-0.0021333638751086514
2019-09-25,-0.0007337774376838802
2019-09-26,-0.010616978567881019
2019-09-27,-0.0003601704131883654
2019-09-30,-0.006112505742666419
2019-10-08,0.0010520638851614361
2019-10-09,0.004154154698830181
2019-10-10,0.012253084646774104
2019-10-11,0.015271959236959676
2019-10-14,0.002105322235447016
2019-10-15,-0.00351326133784724
2019-10-16,-0.0025106136254479106
2019-10-17,0.0015355834219392683
2019-10-18,-0.017806562395031755
2019-10-21,0.008012560642733035
2019-10-22,-0.0009337797620002641
2019-10-23,-0.0037898601697351486
2019-10-24,-0.0015872410492634437
2019-10-25,0.008578430834465856
2019-10-28,0.006331731482323688
2019-10-29,-0.006359378841332086
2019-10-30,0.0005485928660851069
2019-10-31,-0.005900110096107136
2019-11-01,0.02064901038887501
2019-11-04,0.004568687245919856
2019-11-05,0.0060800597069574636
2019-11-06,-0.005434928302158082
2019-11-07,0.008312425717826422
2019-11-08,-0.017187954165123753
2019-11-11,-0.010803828964387696
2019-11-12,-0.0001728897061473722
2019-11-13,0.0001652377006930994
2019-11-14,0.0006555931747238564
2019-11-15,-0.008711448114310905
2019-11-18,0.007655066583162062
2019-11-19,0.009229989931609284
2019-11-20,-0.011572041806492628
2019-11-21,-9.366962302859161e-05
2019-11-22,-0.011095600191691535
2019-11-25,0.01102811606230758
2019-11-26,-0.0025699415187345753
2019-11-27,-0.0014234327446183137
2019-11-28,-0.0053412655278581855
2019-11-29,-0.005619507867946183
2019-12-02,-0.0016427529586134915
2019-12-03,0.0032515044870851106
2019-12-04,0.005712604596962656
2019-12-05,0.005551701070341419
2019-12-06,0.006298876037429846
2019-12-09,-0.005904981358755279
2019-12-10,0.005330116682499497
2019-12-11,0.000331314884737699
2019-12-12,0.005002157246995154
2019-12-13,0.010871881915407222
2019-12-16,0.004289762644920092
2019-12-17,0.01303529470533027
2019-12-18,-0.0012644675725371757
2019-12-19,-0.0006107148886217439
2019-12-20,-0.004329946002282314
2019-12-23,-0.010743760749421183
2019-12-24,0.004304958253180224
2019-12-25,0.0012563626046198095
2019-12-26,0.008908300503451816
2019-12-27,-0.003406568386229325
2019-12-30,0.015497969814366463
2019-12-31,0.01069138119952795
2020-01-02,0.00967396910627838
2020-01-03,-0.009780164151437898
2020-01-06,0.004096763392377634
2020-01-07,0.0005388889099704475
2020-01-08,0.0014259723359433263
2020-01-09,0.007729570215855075
2020-01-10,-0.0025498747755188234
2020-01-13,0.011575057235245989
2020-01-14,-0.0067083609538887146
2020-01-15,-0.002881333383967677
2020-01-16,-0.003023677300170169
2020-01-17,0.002052427206719054
2020-01-20,-0.0013705493022634352
2020-01-21,-0.017099412456645147
2020-01-22,-0.00011676190700926625
2020-01-23,-0.1107691748432551
2020-02-03,0.0033227754683640143
2020-02-04,0.04082567281219762
2020-02-05,0.010695512008500607
2020-02-06,0.009839100304634307
2020-02-07,-0.0018505481984510963
2020-02-10,0.01395696872032337
2020-02-11,0.004901640180964728
2020-02-12,0.010190775636550908
2020-02-13,-0.007938456284524942
2020-02-14,0.01148568850503029
2020-02-17,0.01754663050484573
2020-02-18,-0.004974481130238351
2020-02-19,0.0032869037335221396
2020-02-20,0.017715906542346893
2020-02-21,-0.0007347985659638123
2020-02-24,-0.015860840956820055
2020-02-25,0.0009338706274153452
2020-02-26,0.003434510714898087
2020-02-27,-0.02334695746031501
2020-02-28,-0.004985023544100908
2020-03-02,0.03937975886426348
2020-03-03,-0.011305276849565726
2020-03-04,0.017582494426014117
2020-03-05,0.0019257097833604853
2020-03-06,-0.022876738001743724
2020-03-09,-0.021620860648434825
2020-03-10,0.029106752295616323
2020-03-11,-0.02806715472463661
2020-03-12,-0.05158302934933523
2020-03-13,0.03416744234223068
2020-03-16,-0.04104673198764741
2020-03-17,-0.0027001564502413533
2020-03-18,-0.02839282445626168
2020-03-19,0.0015794517837544042
2020-03-20,-0.02392301930567753
2020-03-23,0.015799067808396128
2020-03-24,0.03135074250522729
2020-03-25,-0.005083423295313416
2020-03-26,0.014565070440858863
2020-03-27,-0.023737242189911134
2020-03-30,0.01385605495219866
2020-03-31,-0.006969477207497299
2020-04-01,-0.0070537772541190424
2020-04-02,0.017820911585342936
2020-04-03,0.015699688417099456
2020-04-07,-0.0009234352712748084
2020-04-08,0.005844375612005459
2020-04-09,-0.000959592368321105
2020-04-10,-0.011366373032201227
2020-04-13,0.006963492613886624
2020-04-14,0.011386497284965769
2020-04-15,-0.011267648099090866
2020-04-16,0.014327021032831233
2020-04-17,0.0035325864568476195
2020-04-20,-0.0018797231998108899
2020-04-21,-0.01279279305567671
2020-04-22,0.016569372117296588
2020-04-23,-0.006646463373058298
2020-04-24,-0.004781236321683813
2020-04-27,0.007177199913309229
2020-04-28,0.0005646163007893001
2020-04-29,0.011178045367136846
2020-04-30,-0.003388998078398653
2020-05-06,0.018186810207447612
2020-05-07,0.0013727679948947191
2020-05-08,0.008055623270541545
2020-05-11,-0.0033757505640905627
2020-05-12,-0.003710837741960571
2020-05-13,0.001407728107545081
2020-05-14,-0.0028018834883449806
2020-05-15,-0.006715036950109443
2020-05-18,0.01254647849128765
2020-05-19,-0.002033641966696642
2020-05-20,-0.0012934199371567034
2020-05-21,-0.010889996631142984
2020-05-22,-0.02028252245682438
2020-05-25,0.005663135945301878
2020-05-26,0.006155193366318423
2020-05-27,-0.006507785944305899
2020-05-28,-0.0026276025407580006
2020-05-29,0.01650421562301485
2020-06-01,0.017486054826552078
2020-06-02,0.007863747272920385
2020-06-03,-0.0007515800125302841
2020-06-04,-0.002486066353062699
2020-06-05,0.00887164333978352
2020-06-08,0.0009830236857186758
2020-06-09,0.004635658804249543
2020-06-10,-0.0035816288029180132
2020-06-11,-0.024831960873663572
2020-06-12,0.013059134144987938
2020-06-15,0.003166332878663969
2020-06-16,0.005764071316229469
2020-06-17,-0.002196356779536668
2020-06-18,0.009293570018787278
2020-06-19,0.012468049862414565
2020-06-22,0.00012939574894210715
2020-06-23,0.007335950797714874
2020-06-24,-4.009108015134988e-05
2020-06-29,0.0005009769049646451
2020-06-30,0.01032437556700927
2020-07-01,0.01600077169323777
2020-07-02,0.026839997471344912
2020-07-03,0.025869374937301792
2020-07-06,0.061310807331824035
2020-07-07,-0.0098633212552659
2020-07-08,0.016453669073293264
2020-07-09,0.005452826137876343
2020-07-10,-0.011199441678219624
2020-07-13,0.019777373938764553
2020-07-14,-0.003029259441183263
2020-07-15,-0.01658938978833535
2020-07-16,-0.045714742468648484
2020-07-17,0.01600790156992904
2020-07-20,0.02181734905900834
2020-07-21,-0.00316021113005871
2020-07-22,-0.0029721157270204968
2020-07-23,0.0022034210043089253
2020-07-24,-0.030780329065402068
2020-07-27,0.007202593566979942
2020-07-28,-0.0018621532807618912
2020-07-29,0.02864556247315031
2020-07-30,-0.008013368350879735
2020-07-31,0.017995016704418276
2020-08-03,0.008992612489477914
2020-08-04,-0.0034996226629576688
2020-08-05,0.0036696487060035032
2020-08-06,-0.007730061218758855
2020-08-07,-0.01276567865184397
2020-08-10,0.010384887052939273
2020-08-11,-0.012997891837238651
2020-08-12,-0.0005139979848315379
2020-08-13,-0.008331765238289157
2020-08-14,0.021503627142304582
2020-08-17,0.018922703978515143
2020-08-18,-0.0024716342248758405
2020-08-19,-0.020093011677920214
2020-08-20,0.0020522181089785985
2020-08-21,0.0060655764183015215
2020-08-24,0.004805154049797755
2020-08-25,-0.0015709308041264025
2020-08-26,-0.009168244423347516
2020-08-27,0.0019563117229066673
2020-08-28,0.030385620350932285
2020-08-31,-0.013866232669108025
2020-09-01,0.01159247416856779
2020-09-02,-0.003616613975572225
2020-09-03,-0.021535713503784693
2020-09-04,0.004704113587904457
2020-09-07,-0.015904057410143335
2020-09-08,-0.010585065336335298
2020-09-09,-0.00046341940772687273
2020-09-10,-0.012919023283481379
2020-09-11,0.017452364665749842
2020-09-14,-0.000560333146612968
2020-09-15,0.0072178043015522775
2020-09-16,-0.008744767783769758
2020-09-17,-0.0011658631646307427
2020-09-18,0.024609597868043398
2020-09-21,-0.020318947241172447
2020-09-22,-0.00312806583464853
2020-09-23,-0.0033850977675258243
2020-09-24,-0.008968840192705163
2020-09-25,3.602851031381249e-05
2020-09-28,0.005596219704545824
2020-09-29,-0.00015565417872975829
2020-09-30,0.012161429027540693
2020-10-09,0.008915475350640412
2020-10-12,0.022891878737350435
2020-10-13,0.003648237863463244
2020-10-14,-0.004073195965392573
2020-10-15,-0.0024665220235189356
2020-10-16,0.0051216147512640475
2020-10-19,-0.014952852438265496
2020-10-20,0.010578402933689057
2020-10-21,-0.004380990268869622
2020-10-22,-0.001072857995888854
2020-10-23,-0.01914367947089568
2020-10-26,-0.0008346202370109745
2020-10-27,0.004885861142828407
2020-10-28,-0.004124300478953513
2020-10-29,0.01982779511602928
2020-10-30,-0.01543542822793531
2020-11-02,0.008596786341221963
2020-11-03,0.008069237684755537
2020-11-04,0.016708264944008455
2020-11-05,0.007465393733087078
2020-11-06,0.004335035959743383
2020-11-09,0.015562891806922163
2020-11-10,-0.011541469067039567
2020-11-11,-0.004249823330757629
2020-11-12,-0.006060030911327896
2020-11-13,-0.0012318042451512357
2020-11-16,0.004540502089958709
2020-11-17,-0.0027421519359102087
2020-11-18,-0.0017899963042531386
2020-11-19,0.009690770744480659
2020-11-20,0.0053521124645694584
2020-11-23,0.008567757465402837
2020-11-24,-0.0008608881822939063
2020-11-25,-0.01690969054988689
2020-11-26,0.00453760072080045
2020-11-27,0.012881513963189262
2020-11-30,-0.006202531171593306
2020-12-01,0.022132262417778215
2020-12-02,-0.001482837833535755
2020-12-03,-0.003144832196748437
2020-12-04,0.0032092931706757533
2020-12-07,-0.007229404418337859
2020-12-08,-0.0013365595394155827
2020-12-09,-0.018137061825173606
2020-12-10,0.00537998824770769
2020-12-11,-0.010931530520771116
2020-12-14,0.005704940445103057
2020-12-15,0.005210315131073395
2020-12-16,0.0006922925801644553
2020-12-17,0.010803271051492702
2020-12-18,-0.0037011790090586416
2020-12-21,0.007850834052909983
2020-12-22,-0.011456582644736257
2020-12-23,0.005767324344603475
2020-12-24,-0.004042265158699099
2020-12-25,0.01146737730254066
2020-12-28,0.005652611752597236
2020-12-29,-0.006598548067820342
2020-12-30,0.016771606774200754
2020-12-31,0.017657736441288874
2021-01-04,0.006312034075722339
2021-01-05,0.026817253419402887
2021-01-06,0.007774972252928558
2021-01-07,0.018033545978162424
2021-01-08,-0.003990346068850847
2021-01-11,-0.015394725640206053
2021-01-12,0.035015059323927344
2021-01-13,-0.00945778320245505
2021-01-14,-0.015266064787838873
2021-01-15,-0.006073263636248938
2021-01-18,0.016146485380409192
2021-01-19,-0.015573359170129253
2021-01-20,0.009751556417898044
2021-01-21,0.012638052421548363
2021-01-22,0.0003136607555866977
2021-01-25,0.006609845859465668
2021-01-26,-0.016984925837923548
2021-01-27,-0.010062405794298623
2021-01-28,-0.0066786481173432
2021-01-29,-0.01054954439704514
2021-02-01,0.013599345212632619
2021-02-02,0.012817072579583977
2021-02-03,-0.008241000152728661
2021-02-04,0.007466974004508131
2021-02-05,0.0020822242723994577
2021-02-08,0.014170120521585394
2021-02-09,0.022477666759488812
2021-02-10,0.037197750348355374
2021-02-18,-0.03175444659448046
2021-02-19,0.008979809328510502
2021-02-22,-0.041971340917464794
2021-02-23,0.00880356865367804
2021-02-24,-0.01734941530233647
2021-02-25,-0.02740327703273171
2021-02-26,0.008485519042154888
2021-03-01,0.011881950399071473
2021-03-02,-0.023093971235354727
2021-03-03,0.011475093220420618
2021-03-04,-0.036468290631576306
2021-03-05,0.02076683842100069
2021-03-08,-0.044084023921925786
2021-03-09,-0.0037692691020522195
2021-03-10,-0.004458101331054398
2021-03-11,0.025696864198180513
2021-03-12,-0.007286297115417062
2021-03-15,-0.012062630709333222
2021-03-16,0.0016543378593685265
2021-03-17,0.010234830707123166
2021-03-18,-0.00900469543270277
2021-03-19,-0.011864697941429525
2021-03-22,0.009717264130489012
2021-03-23,-0.014170655411227417
2021-03-24,-0.016314233319592697
2021-03-25,0.010170535349191656
2021-03-26,0.019846424222730086
2021-03-29,-0.0018146718162002085
2021-03-30,0.008497658342836889
2021-03-31,-0.0051148362713849815
2021-04-01,0.013818080185561188
2021-04-02,0.009510133279608368
2021-04-06,-0.007141739778363743
2021-04-07,-0.01232927775248105
2021-04-08,0.004288769858243002
2021-04-09,-0.014325979498757913
2021-04-12,-0.015351506036696994
2021-04-13,-0.0008326990662302913
2021-04-14,0.0048980467966250885
2021-04-15,-0.0006056447824133171
2021-04-16,-9.883428494317226e-05
2021-04-19,0.02000775610707861
2021-04-20,-0.0020798196809226344
2021-04-21,0.011678990974869352
2021-04-22,-0.004976966552026396
2021-04-23,0.013316980381114618
2021-04-26,-0.015504924073818538
2021-04-27,-0.0005256821857522187
2021-04-28,0.010702993914354364
2021-04-29,0.005474779602008928
2021-04-30,-0.011161972398451958
2021-05-06,-0.004970816077804585
2021-05-07,-0.014195118380265992
2021-05-10,-0.009068933407160196
2021-05-11,0.009632149961116498
2021-05-12,-0.002291290782790667
2021-05-13,0.0030600206688156106
2021-05-14,0.02150273285043558
2021-05-17,0.014784686500591393
2021-05-18,-0.0034228711612525053
2021-05-19,-0.0011814813773829425
2021-05-20,0.006207385538368193
2021-05-21,-0.011600713465727885
2021-05-24,0.005102577249863627
2021-05-25,0.031186771376099376
2021-05-26,-0.002768301987513655
2021-05-27,0.005150307097641749
2021-05-28,-0.003867082341227346
2021-05-31,0.0004497861776306955
2021-06-01,0.005238160618944665
2021-06-02,-0.01171095202552419
2021-06-03,-0.01086584435641924
2021-06-04,0.010828540596775182
2021-06-07,-0.0014985361948923748
2021-06-08,-0.009858212033793334
2021-06-09,0.00220471026170288
2021-06-10,0.007500569419955028
2021-06-11,-0.010838430116873021
2021-06-15,-0.010599753403464418
2021-06-16,-0.017211138730024222
2021-06-17,0.006019607621725154
2021-06-18,-0.003298850520899399
2021-06-21,0.003534725697522667
2021-06-22,0.004135603745523131
2021-06-23,0.005728828904560057
2021-06-24,0.0006279181496795516
2021-06-25,0.01818023355432441
2021-06-28,-0.0009675636064289117
2021-06-29,-0.01126891862511692
2021-06-30,0.009986588570499055
2021-07-01,-0.010406502216027236
2021-07-02,-0.021764019948632418
2021-07-05,0.003153330278279576
2021-07-06,-0.007339730730888561
2021-07-07,0.019176769217383427
2021-07-08,-0.016732631821800625
2021-07-09,0.008933236792604271
2021-07-12,0.003961237561439068
2021-07-13,0.00041695477245728974
2021-07-14,-0.011204750835559718
2021-07-15,0.013332759343818168
2021-07-16,-0.011121857167533222
2021-07-19,-0.0006907923233337998
2021-07-20,0.008379270030222097
2021-07-21,0.005388007455242594
2021-07-22,-0.0009620832489465325
2021-07-23,-0.015183101869720939
2021-07-26,-0.02822516858658186
2021-07-27,-0.04264313397511643
2021-07-28,0.027886567467100276
2021-07-29,-0.00413972189255829
2021-07-30,-0.006399278595881297
2021-08-02,0.02386185906655247
2021-08-03,0.0037690820306433004
2021-08-04,0.003740257340906883
2021-08-05,-0.0006316204297841521
2021-08-06,-0.010678726283307238
2021-08-09,0.017904804313670697
2021-08-10,0.01190592324779205
2021-08-11,-0.007744285436375398
2021-08-12,-0.007866151142681299
2021-08-13,-0.004604943693861219
2021-08-16,-0.00018608475428172344
2021-08-17,-0.019561036257637388
2021-08-18,0.009939793785251227
2021-08-19,-0.01413473761931705
2021-08-20,-0.008253046599728808
2021-08-23,0.013993619193631623
2021-08-24,0.009480384573109069
2021-08-25,0.00034419644974015284
2021-08-26,-0.01987455798044735
2021-08-27,0.01085736856967312
2021-08-30,-0.009067275522758877
2021-08-31,0.00033330658663710544
2021-09-01,0.012724139763297115
2021-09-02,0.0018997407591045956
2021-09-03,-0.0069749420397543505
2021-09-06,0.01898624605595356
2021-09-07,0.01091012830612037
2021-09-08,-0.006878746356402399
2021-09-09,0.003126405605387683
2021-09-10,0.007809800365577324
2021-09-13,-0.003383415607189022
2021-09-14,-0.017232574513288412
2021-09-15,-0.00755600638527254
2021-09-16,-0.014317578620963056
2021-09-17,-0.005499266027280791
2021-09-22,0.016242789393150492
2021-09-23,-0.0005330407394892323
2021-09-24,0.005202658556004547
2021-09-27,-0.0003620929923459082
2021-09-28,-0.004736680992083797
2021-09-29,-0.0004267624747494869
2021-09-30,0.014817938679051235
2021-10-08,0.005199898570517725
2021-10-11,-0.004175466828330143
2021-10-12,-0.008233774187509257
2021-10-13,0.011088504765432994
2021-10-14,-0.00764039979672726
2021-10-15,0.0053008462393726585
2021-10-18,-0.010791844012541851
2021-10-19,0.011784225899146072
2021-10-20,-0.002442755274664976
2021-10-21,0.004096251075693225
2021-10-22,0.0012211872337544172
2021-10-25,0.008569720610605014
2021-10-26,-0.006825160257738494
2021-10-27,-0.013464951465450015
2021-10-28,-0.004366354401800776
2021-10-29,0.0034684169868728354
2021-11-01,0.001651719811511354
2021-11-02,-0.010309802234459098
2021-11-03,0.0010922473721202142
2021-11-04,0.0036786541017861385
2021-11-05,-0.0036525140186569605
2021-11-08,0.0035321753019688096
2021-11-09,-0.005238900201255503
2021-11-10,-0.0037318113228175243
2021-11-11,0.018311047547383108
2021-11-12,-0.0017371249254705123
2021-11-15,-0.002761414502118309
2021-11-16,0.0004818172334082327
2021-11-17,-0.0024218511445281976
2021-11-18,-0.008080208044403125
2021-11-19,0.01310579888347796
2021-11-22,0.0021185656906630435
2021-11-23,0.001685345836516472
2021-11-24,0.0007283029359261839
2021-11-25,-0.0062335012436437465
2021-11-26,-0.01369898977513928
2021-11-29,0.007713207286307311
2021-11-30,-0.0052076481367904215
2021-12-01,0.0016608826962791756
2021-12-02,0.0035261992378086138
2021-12-03,0.010798685158321053
2021-12-06,0.004358327440591392
2021-12-07,0.0007259432653687892
2021-12-08,0.013432519612899263
2021-12-09,0.009114867434917073
2021-12-10,0.008670368399203099
2021-12-13,-0.0046504722466060855
2021-12-14,-0.005934390987657245
2021-12-15,-0.005891943345530115
2021-12-16,0.0029417107641986906
2021-12-17,-0.01720105107433012
2021-12-20,-0.011844478286396232
2021-12-21,0.009856015796201545
2021-12-22,-5.8055746553487e-05
2021-12-23,0.005842546435921747
2021-12-24,-0.00704925616107821
2021-12-27,0.0011275589977377543
2021-12-28,0.007099104113281296
2021-12-29,-0.015425462457439143
2021-12-30,0.01132837600174219
2021-12-31,0.004156081777220599
2022-01-04,-0.01009458785008066
2022-01-05,-0.01340252143126519
2022-01-06,-0.003683875529825853
2022-01-07,-0.0025056598154257204
2022-01-10,0.005772521263530894
2022-01-11,-0.0043633186031257765
2022-01-12,0.007084867797983785
2022-01-13,-0.02248470924791457
2022-01-14,-0.003194177868883097
2022-01-17,0.008040501954053703
2022-01-18,0.010285662163089349
2022-01-19,-0.007797025904631716
2022-01-20,0.006385523136698934
2022-01-21,-0.011402492190679792
2022-01-24,0.0016846442761082603
2022-01-25,-0.013618559623683413
2022-01-26,0.0023418283850982213
2022-01-27,-0.014078973574663034
2022-01-28,-0.0006976367879649725
2022-02-07,-0.002616945711392371
2022-02-08,-0.003952804712655245
2022-02-09,0.010646704118145722
2022-02-10,-0.008446386159853048
2022-02-11,-0.008327186745953119
2022-02-14,-0.005592192653558925
2022-02-15,0.014500952520824839
2022-02-16,-0.0006386143883850837
2022-02-17,-0.002670322514338852
2022-02-18,0.00900959870949003
2022-02-21,-0.009499204507431136
2022-02-22,-0.004326891150438383
2022-02-23,0.002196112166058972
2022-02-24,-0.005974844890179298
2022-02-25,-0.00019484593292851127
2022-02-28,0.007474632608012621
2022-03-01,-0.0008347370676108357
2022-03-02,0.00021939405100157572
2022-03-03,-0.017771677363489502
2022-03-04,-0.011265699931642947
2022-03-07,-0.022604953876482314
2022-03-08,-0.018493836175106804
2022-03-09,0.0105640791642303
2022-03-10,-0.021960917927230983
2022-03-11,0.004007495658260751
2022-03-14,-0.028875139748981704
2022-03-15,-0.01754643924913002
2022-03-16,0.04553878402674094
2022-03-17,-0.004530458962823891
2022-03-18,0.014618107364711141
2022-03-21,-0.0064422897224591935
2022-03-22,0.00400769812897428
2022-03-23,-0.004702070128766889
2022-03-24,-0.00010817659767214938
2022-03-25,-0.028296806661198493
2022-03-28,0.006437719436745093
2022-03-29,0.001624000202915754
2022-03-30,0.01743065738887073
2022-03-31,-0.008476790615398855
2022-04-01,0.014292923455549778
2022-04-06,-0.0044164216366811004
2022-04-07,-0.006323785407142957
2022-04-08,-0.0022359432439491567
2022-04-11,-0.02398290476056597
2022-04-12,0.012537499959480503
2022-04-13,0.004388635398014706
2022-04-14,-0.0024618681252077668
2022-04-15,-0.002268226014792818
2022-04-18,0.0021676740757479163
2022-04-19,-0.007542192896531019
2022-04-20,-0.019805847788475828
2022-04-21,-0.02013770329874498
2022-04-22,-0.008508692878123392
2022-04-25,-0.02820865033379516
2022-04-26,-0.01684902299384161
2022-04-27,0.03335106843687741
2022-04-28,0.014472863040604578
2022-04-29,0.014145893828745981
2022-05-05,-0.016643959872084446
2022-05-06,-0.011429131969957318
2022-05-09,-0.016303911526802217
2022-05-10,0.02546817044047045
2022-05-11,0.008171861677442882
2022-05-12,0.008575072741445533
2022-05-13,0.007825503967912706
2022-05-16,-0.01325904350328666
2022-05-17,0.013441726222471084
2022-05-18,-0.019107532741982736
2022-05-19,0.020953171528684367
2022-05-20,0.014960445095699715
2022-05-23,-0.006886084468067821
2022-05-24,-0.02297146403133088
2022-05-25,0.007049480080546289
2022-05-26,0.008784051584862063
2022-05-27,-0.00046016248501157264
2022-05-30,0.002711784130473127
2022-05-31,0.01360586231017935
2022-06-01,-0.005534674799651529
2022-06-02,0.00652780576061085
2022-06-06,0.01837447121137359
2022-06-07,0.005151223570434071
2022-06-08,0.005868958594086537
2022-06-09,-0.01568764323860372
2022-06-10,0.011773037789847507
2022-06-13,-0.012214738430768146
2022-06-14,0.020532178908440057
2022-06-15,0.012721470600213447
2022-06-16,-0.014677156982512263
2022-06-17,0.024553865098590588
2022-06-20,0.0011759650917764208
2022-06-21,0.0009210206695560164
2022-06-22,-0.012453305730369735
2022-06-23,0.017905165212681595
2022-06-24,0.013727953248014124
2022-06-27,0.0063993825928956305
2022-06-28,0.006787383127344393
2022-06-29,-0.01222272387903367
2022-06-30,0.016173322550937286
2022-07-01,-0.009422944152342017
2022-07-04,0.013096126050457624
2022-07-05,-0.006653198259213289
2022-07-06,-0.011216692550287566
2022-07-07,0.009667475609573817
2022-07-08,-0.013857258538471307
2022-07-11,-0.012142580062456498
2022-07-12,-0.009025935858412049
2022-07-13,-0.0010516166414995531
2022-07-14,-0.00217031431020287
2022-07-15,-0.008679555351850943
2022-07-18,0.0061682896997219405
2022-07-19,0.0006614753355420611
2022-07-20,-0.00487462857243004
2022-07-21,-0.004349911848231081
2022-07-22,-0.004200351819153902
2022-07-25,-0.0032680293525089166
2022-07-26,0.0038062922385728726
2022-07-27,0.001444777503367245
2022-07-28,-0.0037361563348226046
2022-07-29,-0.01556320241849829
2022-08-01,-0.00391076120406042
2022-08-02,-0.00713048150910045
2022-08-03,-0.006168719054425953
2022-08-04,0.004936321506365138
2022-08-05,0.007903974390679025
2022-08-08,0.0003753882893193783
2022-08-09,0.0013372458108349417
2022-08-10,-0.004450512966682196
2022-08-11,0.013237164954181369
2022-08-12,-0.0012948998216497642
2022-08-15,0.0025182532270449087
2022-08-16,-0.0018995463315126804
2022-08-17,0.005551208411064712
2022-08-18,-0.00742769762534945
2022-08-19,-0.009434200003267446
2022-08-22,0.009762397959567348
2022-08-23,-0.0016656562563509558
2022-08-24,-0.018059282780567454
2022-08-25,0.008433132926728426
2022-08-26,-0.015488027537673532
2022-08-29,0.006064077886110075
2022-08-30,-0.0076756020298952565
2022-08-31,0.002228809066515236
2022-09-01,-0.002789984887315522
2022-09-02,-0.010959020527136043
2022-09-05,0.0035077253540365394
2022-09-06,0.0020500822890432424
2022-09-07,0.006557802096553544
2022-09-08,-0.0021146200642204738
2022-09-09,0.015164968874991969
2022-09-13,-0.013124522998143817
2022-09-14,0.005077667835102995
2022-09-15,-0.015952976591884216
2022-09-16,-0.021217700523888494
2022-09-19,0.00438415009133819
2022-09-20,-0.006166036102522754
2022-09-21,-0.01176660590392875
2022-09-22,-0.002599158629421061
2022-09-23,-0.009187098647697733
2022-09-26,0.0037793544686883784
2022-09-27,0.009201343201626022
2022-09-28,-0.00389844946169815
2022-09-29,-0.008013216310467364
2022-09-30,-0.006988873232146919
2022-10-10,-0.019582118194077403
2022-10-11,-0.002452613385606761
2022-10-12,0.00901233106462418
2022-10-13,0.007160652212895524
2022-10-14,0.01028906916577954
2022-10-17,0.011402467682063655
2022-10-18,-0.009922847532343626
2022-10-19,-0.021133173809155914
2022-10-20,0.001951380022838567
2022-10-21,-0.006919568214340255
2022-10-24,-0.028428598828031282
2022-10-25,0.003140613543763715
2022-10-26,0.009455233211957292
2022-10-27,-0.017042098588897603
2022-10-28,-0.027919095292253004
2022-10-31,0.004368774266965358
2022-11-01,0.0285673626137537
2022-11-02,0.006820050098204078
2022-11-03,0.0004692652006534903
2022-11-04,0.02954718104172649
2022-11-07,0.005097452200781838
2022-11-08,-0.006062838921522706
2022-11-09,-0.017317641566008235
2022-11-10,0.027654414854043408
2022-11-11,0.008022663968288546
2022-11-14,-0.007652591060783975
2022-11-15,0.018972394815839788
2022-11-16,-0.010241397468044977
2022-11-17,0.0006672649144032761
2022-11-18,-0.014172657206442785
2022-11-21,-0.0009404909292085595
2022-11-22,-0.001557587027387064
2022-11-23,0.008330426363572618
2022-11-24,-0.010617770368182122
2022-11-25,-0.013163552451479155
2022-11-28,0.017468911926896036
2022-11-29,0.018581785625553904
2022-11-30,0.022086349338279465
2022-12-01,-0.008898079955924731
2022-12-02,0.005463689127072957
2022-12-05,0.005468470399314196
2022-12-06,0.007041449640841746
2022-12-07,-0.0008778083764432454
2022-12-08,0.0022242492725510488
2022-12-09,0.003579083541286332
2022-12-12,-0.00568989441654455
2022-12-13,-0.00019215650387160998
2022-12-14,0.0004764990588288498
2022-12-15,-0.005927217225600523
2022-12-16,0.00547891884675944
2022-12-19,-0.018099962135420644
2022-12-20,-0.010879243636874758
2022-12-21,0.005262619240333999
2022-12-22,-0.012330962231305698
2022-12-23,0.0049721162916605
2022-12-26,0.00791976501031888
2022-12-27,0.0036281127219537357
2022-12-28,-0.005336093722047797
2022-12-29,0.005111129278710935
2022-12-30,-0.002349083843877886
2023-01-03,0.0055409342638015335
2023-01-04,0.007009944598526108
2023-01-05,0.0143239052337083
2023-01-06,0.0073001990427477015
2023-01-09,0.004047664743008772
2023-01-10,0.0012882367043716147
2023-01-11,0.00046526213539865857
2023-01-12,0.002619727155412921
2023-01-13,0.011305906374902808
2023-01-16,0.014949927527281304
2023-01-17,0.0003040946246983811
2023-01-18,-0.0035082952909927245
2023-01-19,0.010002770036638742
2023-01-20,0.024186264310709582
2023-01-30,-0.015709792482225704
2023-01-31,-0.007248782448276869
2023-02-01,0.008939788527567494
2023-02-02,-0.01078727178698402
2023-02-03,-0.01398239770642462
2023-02-06,-0.0013448410530191302
2023-02-07,0.00037713090490387735
2023-02-08,-0.007876908301174268
2023-02-09,0.013899108289186834
2023-02-10,-0.006115057481894448
2023-02-13,0.012776052577295971
2023-02-14,-0.0010580676119731347
2023-02-15,-0.005171630440777175
2023-02-16,-0.009498452844199368
2023-02-17,-0.011321308718365009
2023-02-20,0.022302411089331065
2023-02-21,-0.002686714334056539
2023-02-22,-0.0030962375541304654
2023-02-23,-0.0012721939258103498
2023-02-24,-0.014760485743234075
2023-02-27,0.004373935810381369
2023-02-28,0.0026128538323244577
2023-03-01,0.012598221298909973
2023-03-02,0.0014627213223403768
2023-03-03,0.0012443473651100323
2023-03-06,-0.006659303910954706
2023-03-07,-0.01776548777318987
2023-03-08,0.001266417989337798
2023-03-09,-0.010914051098069089
2023-03-10,-0.0073033042596191144
2023-03-13,0.009397188633665676
2023-03-14,0.002991114509101722
2023-03-15,-0.013372452829925385
2023-03-16,0.0032747997686422003
2023-03-17,-0.0021394260642076945
2023-03-20,-0.003660468182692833
2023-03-21,0.01155668240472596
2023-03-22,-0.001951056502817683
2023-03-23,0.012334091521690516
2023-03-24,-0.0029375813041595533
2023-03-27,-0.0018903623162542793
2023-03-28,-0.0005241181898844038
2023-03-29,-0.0010054084712035616
2023-03-30,0.008952734008814245
2023-03-31,0.003502425364491968
2023-04-03,0.007308684129685217
2023-04-04,-0.001262125200511388
2023-04-06,0.0031264660397851696
2023-04-07,0.008569575114692363
2023-04-10,-0.0056881281205156675
2023-04-11,-0.0014870124815680175
2023-04-12,-0.005121323222561092
2023-04-13,-0.0005921516241377267
2023-04-14,0.0027216672796073205
2023-04-17,0.012038150233984801
2023-04-18,0.004852259391712854
2023-04-19,-0.008762743263212913
2023-04-20,-0.00210575151588821
2023-04-21,-0.020164285997967712
2023-04-24,-0.011459694297352385
2023-04-25,-0.008745113523343395
2023-04-26,-0.0005630015862517768
2023-04-27,0.011455025698504429
2023-04-28,0.005062334970201476
2023-05-04,0.004391036756635103
2023-05-05,-0.0007414859477621327
2023-05-08,0.009268227724715139
2023-05-09,-0.01168464217517462
2023-05-10,-0.0030248118947048264
2023-05-11,-0.004496824502919217
2023-05-12,-0.012272275550564649
2023-05-15,0.016170715669374003
2023-05-16,-0.007700641472778824
2023-05-17,-0.0015573928928247494
2023-05-18,-0.004865621277754473
2023-05-19,-0.0013227843393991412
2023-05-22,0.006910197826618392
2023-05-23,-0.016242184874855847
2023-05-24,-0.013416861567416616
2023-05-25,-0.0007757947469200221
2023-05-26,0.0035511740488440857
2023-05-29,-0.008878989109454394
2023-05-30,-0.00016432448112913
2023-05-31,-0.010078796217585007
2023-06-01,0.008718177014763961
2023-06-02,0.010188323809710242
2023-06-05,-0.005205727248022818
2023-06-06,-0.006503493970655083
2023-06-07,-0.006394918933315452
2023-06-08,0.008263127793628033
2023-06-09,0.0012862308186396554
2023-06-12,0.0028227023190321443
2023-06-13,0.009011370567120203
2023-06-14,-0.00024295613762481683
2023-06-15,0.01560958636383436
2023-06-16,0.00631230050347753
2023-06-19,-0.007818661695669138
2023-06-20,-0.0043273543628857825
2023-06-21,-0.019355021574762765
2023-06-26,-0.005675419354024158
2023-06-27,0.006538154547414132
2023-06-28,3.177285272215613e-05
2023-06-29,-0.005315984534227769
2023-06-30,0.009684004376450783
2023-07-03,0.00901590144260811
2023-07-04,0.001841985489422937
2023-07-05,-0.009797739239978842
2023-07-06,-0.006594425597475251
2023-07-07,0.0026003788761104207
2023-07-10,0.0031852692309224384
2023-07-11,0.002803937053743377
2023-07-12,-0.0023131234779639742
2023-07-13,0.012693358494598517
2023-07-14,-0.005885565890906275
2023-07-17,-0.002725174846343159
2023-07-18,-0.005828349579250602
2023-07-19,0.0024139124339552787
2023-07-20,-0.010573199948934353
2023-07-21,-0.0035720091533012477
2023-07-24,0.016641990170137344
2023-07-25,0.010740449503438887
2023-07-26,0.00154952159243682
2023-07-27,-0.006243092830165553
2023-07-28,0.033188553560268064
2023-07-31,-0.0024151945456574175
2023-08-01,-0.005858550087173731
2023-08-02,-0.005912519500049007
2023-08-03,0.01806965122998494
2023-08-04,-0.007624765790241517
2023-08-07,-0.0057271009206494305
2023-08-08,-0.003187327933675488
2023-08-09,-0.0011341808800348074
2023-08-10,0.0038170694480539336
2023-08-11,-0.03446374361441529
2023-08-14,0.004550771498834871
2023-08-15,-0.007137425161976574
2023-08-16,-0.007734752027721226
2023-08-17,0.008223330919795213
2023-08-18,-0.01545494828198124
2023-08-21,-0.006667373400738086
2023-08-22,0.0009888028964259998
2023-08-23,-0.010723808067736207
2023-08-24,-0.002162633125659452
2023-08-25,0.056172306212133094
2023-08-28,-0.04307631619549135
2023-08-29,0.016047246347059785
2023-08-30,-0.004257820902847764
2023-08-31,-0.0021160169985889876
2023-09-01,0.009016984752413748
2023-09-04,0.006973692254364616
2023-09-05,-0.008198270960982579
2023-09-06,-0.00154218639216408
2023-09-07,-0.014353771389568615
2023-09-08,-0.001885527811568588
2023-09-11,0.006348873916659947
2023-09-12,-0.0012549367642304965
2023-09-13,-0.006030839748738748
2023-09-14,0.001030202421208548
2023-09-15,-0.011187731089512098
2023-09-18,0.006620825716725287
2023-09-19,-0.002005304579300593
2023-09-20,-0.004748385463365645
2023-09-21,-0.0069417596617701305
2023-09-22,0.017813343109406743
2023-09-25,-0.007049534916781175
2023-09-26,-0.004512717128323462
2023-09-27,0.004398152326762217
2023-09-28,-0.00869869536140977
2023-10-09,0.004709305344028136
2023-10-10,-0.005817457035287132
2023-10-11,0.006308535592366882
2023-10-12,-0.005401719343967604
2023-10-13,-0.003784572338159875
2023-10-16,-0.007843693803477603
2023-10-17,-0.0011642232273907371
2023-10-18,-0.011718786469134601
2023-10-19,-0.019553768669907434
2023-10-20,-0.005157934420556121
2023-10-23,-0.005266729120258606
2023-10-24,0.01221567432879711
2023-10-25,-0.011212393735884674
2023-10-26,0.004703394965427821
2023-10-27,0.015119084443462105
2023-10-30,0.00775733866088113
2023-10-31,0.006723584342178901
2023-11-01,-0.00712482724850938
2023-11-02,-0.006015780932827175
2023-11-03,0.013991281737856687
2023-11-06,0.004286262186319778
2023-11-07,-0.0036264569676859315
2023-11-08,-0.0020869410698380886
2023-11-09,-0.0019537020842171904
2023-11-10,-0.0006000719452309289
2023-11-13,-0.003563666533858645
2023-11-14,0.009989407175453158
2023-11-15,-0.004394731199696689
2023-11-16,-0.011016469316294408
2023-11-17,0.002364353893026916
2023-11-20,0.005083435689307025
2023-11-21,-0.0051392495826013684
2023-11-22,-0.007843613739963451
2023-11-23,0.005422819904753018
2023-11-24,-0.007358692363200858
2023-11-27,-0.0067306474893013
2023-11-28,0.0023437788852760377
2023-11-29,-0.009482126660853463
2023-11-30,0.0024978503189669876
2023-12-01,-0.003771510430615299
2023-12-04,-0.008892473636292308
2023-12-05,-0.01803141471853864
2023-12-06,0.0018969386103957486
2023-12-07,-0.000721178264873279
2023-12-08,-0.004070570750519198
2023-12-11,0.00945690085205042
2023-12-12,0.0025348111681955388
2023-12-13,-0.00914298905825528
2023-12-14,-0.006331108480238545
2023-12-15,-0.010917548471172434
2023-12-18,-0.0010607381793353854
2023-12-19,0.002607723291944808
2023-12-20,-0.014613751719984691
2023-12-21,0.01334971834257992
2023-12-22,0.00026025188177269953
2023-12-25,0.0045226404216058835
2023-12-26,-0.0055205734736512024
2023-12-27,0.0025941359032648492
2023-12-28,0.02265054846008918
2023-12-29,0.004444008743900163
2024-01-02,-0.013576957368547027
2024-01-03,-0.0013993342288828314
2024-01-04,-0.00998944984248551
2024-01-05,-0.005596913135255566
2024-01-08,-0.010803811743983815
2024-01-09,-0.0015331753049091512
2024-01-10,-0.0019382209517034843
2024-01-11,0.0027629152257593326
2024-01-12,-0.004340300296131083
2024-01-15,0.0007547468919097966
2024-01-16,0.005673887594799476
2024-01-17,-0.02335203567202504
2024-01-18,0.01460819708424066
2024-01-19,0.0003769119303818069
2024-01-22,-0.016563194403256376
2024-01-23,0.01169655603691222
2024-01-24,0.008743147480104074
2024-01-25,0.015974948959929014
2024-01-26,0.0026294047173331947
2024-01-29,-0.01543922732237657
2024-01-30,-0.015943005776337005
2024-01-31,-0.009062576153647917
2024-02-01,0.005501433301843051
2024-02-02,-0.01727502702435446
2024-02-05,0.006636580548313287
2024-02-06,0.04043036122316068
2024-02-07,0.01127768705575627
2024-02-08,0.012468322242860985
2024-02-19,0.0005894155814838431
2024-02-20,-0.001422511766346335
2024-02-21,0.017694246741033703
2024-02-22,0.01187846989979402
2024-02-23,-0.0016595363031013388
2024-02-26,-0.013051367868768371
2024-02-27,0.01737593122149672
2024-02-28,-0.017694395466608448
2024-02-29,0.022444031504828654
2024-03-01,0.006630700079062635
2024-03-04,-0.0037875109584480926
2024-03-05,0.008955523068544968
2024-03-06,-0.0023707362365301687
2024-03-07,-0.0052280928779726565
2024-03-08,0.004644160252795793
2024-03-11,0.013153032619506178
2024-03-12,0.0005117488460808506
2024-03-13,-0.006296591125619644
2024-03-14,-0.004726399673440906
2024-03-15,0.006230711871264782
2024-03-18,0.0045521228013065684
2024-03-19,-0.006852622557578458
2024-03-20,0.006824359619782561
2024-03-21,-0.006066233054184855
2024-03-22,-0.00967721991392645
2024-03-25,-0.002836475082404255
2024-03-26,0.003414711245000923
2024-03-27,-0.011372007382095095
2024-03-28,0.005259709782700073
2024-03-29,0.00986626509895272
2024-04-01,0.011724100939257687
2024-04-02,-0.004045702064604639
2024-04-03,-0.007021604453145924
2024-04-08,-0.005676146205572108
2024-04-09,-0.0012500760955874712
2024-04-10,-0.012450807500969385
2024-04-11,0.005945573945516758
2024-04-12,-0.009197803870721
2024-04-15,0.017232998130101818
2024-04-16,-0.006857997857905196
2024-04-17,0.011804743270116047
2024-04-18,1.4786415717171764e-05
2024-04-19,-0.004062486525197806
2024-04-22,-0.002973911654607253
2024-04-23,-0.0033064087910033013
2024-04-24,-0.0009593596012852368
2024-04-25,0.006074420171184869
2024-04-26,0.014886332244486988
2024-04-29,0.00968488951184776
2024-04-30,0.00961243830435321
2024-05-06,0.0008079257842363852
2024-05-07,-0.001709679738371439
2024-05-08,-0.0055698716460438336
2024-05-09,0.01065242087252738
2024-05-10,-0.006197127683184589
2024-05-13,0.005999507836482287
2024-05-14,-0.004681228149175265
2024-05-15,-0.003958555963133548
2024-05-16,0.0005391298527770427
2024-05-17,0.011955329706826667
2024-05-20,6.118854886039138e-05
2024-05-21,-0.0018031458060245864
2024-05-22,-0.0007636206424714853
2024-05-23,-0.011438912821774339
2024-05-24,-0.006660190639763419
2024-05-27,0.007377632120710409
2024-05-28,-0.0066559352382099535
2024-05-29,-0.00055931294005096
2024-05-30,-0.0020051276219402725
2024-05-31,-0.006233590149906321
2024-06-03,0.001797572625640509
2024-06-04,0.007408232310504026
2024-06-05,-0.0022725433953250107
2024-06-06,-0.0020881664350184126
2024-06-07,-0.01079801320496232
2024-06-11,-0.004703248922765635
2024-06-12,0.002577354033504564
2024-06-13,-0.009417802669408948
2024-06-14,0.0018882156531361272
2024-06-17,0.0034221829642535617
2024-06-18,0.0027939535657051096
2024-06-19,-0.005133884367771846
2024-06-20,-0.008177168939461077
2024-06-21,-0.006493528037353702
2024-06-24,0.0004391935696717031
2024-06-25,-0.0067984977287983694
2024-06-26,0.004563152975039619
2024-06-27,-0.006810623908801605
2024-06-28,0.004236521315720276
2024-07-01,0.004102955020548249
2024-07-02,-0.00025834765150278827
2024-07-03,-0.0009390026764947157
2024-07-04,-0.007189986505764523
2024-07-05,-0.006550435580515157
2024-07-08,-0.007015574382777334
2024-07-09,0.008560222072251156
2024-07-10,0.00734479514150177
2024-07-11,0.0025824647508136955
2024-07-12,0.0007673218078700916
2024-07-15,0.0012247981747186554
2024-07-16,0.007890933224931285
2024-07-17,-0.0031227382220123667
2024-07-18,0.005026185676072714
2024-07-19,0.010739243646004537
2024-07-22,-0.008086279192986878
2024-07-23,-0.022064804072108424
2024-07-24,-0.008080450166750408
2024-07-25,-0.00026511105086601816
2024-07-26,0.00019328917835625958
2024-07-29,-0.006954892016173497
2024-07-30,-0.004928728587983544
2024-07-31,0.02351732156236097
2024-08-01,-0.014295963652012134
2024-08-02,-0.00937117873281934
2024-08-05,0.0015585442922674275
2024-08-06,-0.008541073984045133
2024-08-07,-0.0018459284723983949
2024-08-08,0.007712064365319682
2024-08-09,-0.00910385190796792
2024-08-12,0.0001375483947514411
2024-08-13,0.0014341286685770616
2024-08-14,-0.00940387242315488
2024-08-15,0.01229434197838497
2024-08-16,0.0006663007019735989
2024-08-19,0.005196364135889642
2024-08-20,-0.011519974450561299
2024-08-21,-1.236866419684901e-05
2024-08-22,-0.0050984806126916915
2024-08-23,0.007497949064691589
2024-08-26,-0.004513260562646226
2024-08-27,-0.0050599182190352865
2024-08-28,-0.007689784946774303
2024-08-29,6.482277142705328e-05
2024-08-30,0.01032148666551902
2024-09-02,-0.01384780099017302
2024-09-03,-0.0024045440763076353
2024-09-04,-0.0002882696384459704
2024-09-05,0.002518998081747048
2024-09-06,-0.014214169940200971
2024-09-09,-0.006639262988585637
2024-09-10,-0.0020056329574260623
2024-09-11,0.0007456109579426773
2024-09-12,-0.004826164548485834
2024-09-13,-0.004794056422324888
2024-09-18,0.006197888140370367
2024-09-19,0.0044161584779292
2024-09-20,0.0026423740494785353
2024-09-23,0.013677228406621555
2024-09-24,0.049020836412764446
2024-09-25,-0.0012878036535570736
2024-09-26,0.06430744300887592
2024-09-27,0.06322173542628895
2024-09-30,0.1569458527761094
2024-10-08,-0.06325857358970921
2024-10-09,-0.04539196433274684
2024-10-10,-0.0024761210365353836
2024-10-11,-0.013738622227211006
2024-10-14,0.006976775192067075
2024-10-15,-0.034596250300124254
2024-10-16,0.012533362892610311
2024-10-17,-0.01907880994571387
2024-10-18,0.04406705019209656
2024-10-21,-0.005867209864061529
2024-10-22,0.00804710949181886
2024-10-23,-0.0011175836609491618
2024-10-24,-0.00495537888632791
2024-10-25,0.0055415985544806645
2024-10-28,0.004275549078960994
2024-10-29,-0.016586490505812512
2024-10-30,-0.0040307267159551685
2024-10-31,-0.0015340409604109873
2024-11-01,0.003929598309359683
2024-11-04,0.010238923611232353
2024-11-05,0.028866731470571505
2024-11-06,-0.015803019340189683
2024-11-07,0.05136674461062474
2024-11-08,-0.02985291738510487
2024-11-11,0.016331518173790638
2024-11-12,-0.01784580304879846
2024-11-13,0.010255469653608795
2024-11-14,-0.018427333428459258
2024-11-15,-0.01081679218765319
2024-11-18,-0.006905847452085334
2024-11-19,0.0029130604689147077
2024-11-20,0.00336136759018979
2024-11-21,0.001203204840541705
2024-11-22,-0.027265125738424434
2024-11-25,-0.010154162467115535
2024-11-26,-0.001802485181527147
2024-11-27,0.01956165235812435
2024-11-28,-0.008801223793799218
2024-11-29,0.010287785160215002
2024-12-02,0.00946376257899284
2024-12-03,0.0003614662302722227
2024-12-04,-0.007995228120654674
2024-12-05,0.0018719470368386837
2024-12-06,0.01191861536370209
2024-12-09,0.031074711254755805
2024-12-10,-0.02589907304502881
2024-12-11,-0.0002170000290118157
2024-12-12,0.0034693681769131235
2024-12-13,-0.017546852332927854
2024-12-16,-0.005763333477240229
2024-12-17,0.00675930048627138
2024-12-18,-0.005757314859351492
2024-12-19,0.006539575332139336
2024-12-20,-0.0023677373518979916
2024-12-23,0.0017292876317098749
2024-12-24,0.013472497766295
2024-12-25,-0.0015606993828943816
2024-12-26,0.001327864456563077
2024-12-27,-0.0025880238490968432
2024-12-30,0.00482060453938149
2024-12-31,-0.016030299280219373
2025-01-02,-0.027105264730758583
2025-01-03,-0.012875627809854406
2025-01-06,-0.004005359971538169
2025-01-07,0.005422953117712792
2025-01-08,-0.00013934504917800794
2025-01-09,-0.00048702181938686806
2025-01-10,-0.019701167495410288
2025-01-13,0.006508911647258753
2025-01-14,0.021852748842910108
2025-01-15,0.0005664514446885871
2025-01-16,-0.006248528570231282
2025-01-17,0.012388247207660186
2025-01-20,0.003924616983445484
2025-01-21,-0.006859521026664428
2025-01-22,0.0013340935605057336
2025-01-23,-0.00919194968188164
2025-01-24,0.01136260059636518
2025-01-27,0.0020177443702924514
2025-02-05,-0.01432912915593565
2025-02-06,0.014367921795406469
2025-02-07,0.014059337407396733
2025-02-10,0.0018103937395383962
2025-02-11,-0.007477236396547515
2025-02-12,0.009789782122600066
2025-02-13,-0.0033411648991732434
2025-02-14,0.013737418887080022
2025-02-17,-0.0029937679525618988
2025-02-18,-0.009221381928430028
2025-02-19,0.0072781869101539165
2025-02-20,0.0008644986823862499
2025-02-21,0.008743231869118517
2025-02-24,-0.009779047266431418
2025-02-25,-0.00045606660097674556
2025-02-26,0.007432012781795505
2025-02-27,-0.002745954463996947
2025-02-28,-0.012781775929268768
2025-03-03,-0.008642288596737324
2025-03-04,0.005640283084771491
2025-03-05,0.009152607470056529
2025-03-06,0.005488070281800317
2025-03-07,0.00016857146080107022
2025-03-10,-0.013977414471055494
2025-03-11,0.014505284183845335
2025-03-12,-0.005350680716679657
2025-03-13,-0.001560978035271221
2025-03-14,0.025774030562535577
2025-03-17,-0.0022038281366235646
2025-03-18,-0.0017334701903100047
2025-03-19,0.0015565473758141213
2025-03-20,-0.011105347047019043
2025-03-21,-0.012706621576534682
2025-03-24,0.005562632299532799
2025-03-25,-0.0019528695198389734
2025-03-26,-0.004789365690710423
2025-03-27,0.004957886902490438
2025-03-28,-0.006307863411102788
2025-03-31,-0.003379969925612847
2025-04-01,-0.0021478997756718687
2025-04-02,-0.01055509446833236
2025-04-03,-0.043767295966816167
2025-04-07,-0.02100994892334751
2025-04-08,0.002256178936109743
2025-04-09,0.03966125654293462
2025-04-10,-0.005017542487633531
2025-04-11,0.011185624333903466
2025-04-14,-0.004125591751966029
2025-04-15,0.00037186420431822853
2025-04-16,-0.0007423076819703667
2025-04-17,0.0013198898070567733
2025-04-18,0.0021541245876874893
2025-04-21,0.003176658332497695
2025-04-22,0.006168414789381238
2025-04-23,-0.004198973584235044
2025-04-24,0.0012210825252498836
2025-04-25,-0.0015023665879957404
2025-04-28,-0.002742509105052582
2025-04-29,-4.5524334266300315e-05
2025-04-30,0.004911528605123339
2025-05-06,0.017710686899033323
2025-05-07,-0.010624831043754779
2025-05-08,0.007347270408662121
2025-05-09,0.004654085373539285
2025-05-12,0.012688869258887348
2025-05-13,-0.005300296322977793
2025-05-14,0.010061700631189163
2025-05-15,-0.00898852430434327
2025-05-16,-0.004129232710407438
2025-05-19,0.00013771813946727995
2025-05-20,0.004206456157324068
2025-05-21,0.003375923675125847
2025-05-22,-0.0005691355113236485
2025-05-23,-0.008844371634129433
2025-05-26,-0.004686013488195195
2025-05-27,-0.003772370844242534
2025-05-28,-0.0013180852300372914
2025-05-29,0.0032526758924913413
2025-05-30,-0.004424004926122382
2025-06-03,0.0057466125105205546
2025-06-04,0.00444807528634894
2025-06-05,0.00141128630868681
2025-06-06,-7.864670525614681e-05
2025-06-09,0.0025152163043471454
2025-06-10,-0.004341884937746898
2025-06-11,0.003835948998932359
2025-06-12,-0.0010364894311690742
2025-06-13,-0.007181000977381835
2025-06-16,0.005594091767186393
2025-06-17,-0.0009100488008702001
2025-06-18,-0.00041357042017897694
2025-06-19,-0.00782049529605433
2025-06-20,-0.0022430953330100367
2025-06-23,0.008148241282826874
2025-06-24,0.01156812951657149
2025-06-25,0.011797106587491779
2025-06-26,-0.0008530896154148593
2025-06-27,-0.0074619196640912655
2025-06-30,0.00397746109630126
2025-07-01,0.0018840380356470732
2025-07-02,0.001540984517830024
2025-07-03,0.004573834231722973
2025-07-04,0.0024762419376389566
2025-07-07,-0.0029824593295115776
2025-07-08,0.00808952178151845
2025-07-09,-0.0010218375244314126
2025-07-10,0.004518833933704336
2025-07-11,0.0024301095769196923
2025-07-14,0.000690363742188671
2025-07-15,-0.0011424234297225944
2025-07-16,-0.003564095817962576
2025-07-17,0.008690041889436673
2025-07-18,0.007400557720751211
2025-07-21,0.004316437163440545
2025-07-22,0.010229696344469463
2025-07-23,-0.0029827948024916395
2025-07-24,0.006919958243612134
2025-07-25,-0.004130007349252396
2025-07-28,0.0010861878688850357
2025-07-29,0.003933812203804843
2025-07-30,-0.0017785986566930534
2025-07-31,-0.017296810680957675
2025-08-01,-0.007859505238105857
2025-08-04,0.010512767185269611
2025-08-05,0.0049114450570466595
2025-08-06,0.004841908831816344
2025-08-07,-0.002671855825797431
2025-08-08,0.000248340740725439
2025-08-11,0.0032314720852444356
2025-08-12,0.006530132752245343
2025-08-13,0.007098246894708282
2025-08-14,-0.00419728394854979
2025-08-15,0.013412051953904935
2025-08-18,0.005575301646032038
2025-08-19,-0.007865734950763703
2025-08-20,0.018052155444806095
2025-08-21,0.0006983755282456983
2025-08-22,0.030071885907126283
2025-08-25,0.008391699788718565
2025-08-26,0.001232172812904997
2025-08-27,-0.01812238201241534
2025-08-28,0.017763288375646002
2025-08-29,0.01370691085697362
2025-09-01,0.0011300059928551764
2025-09-02,-0.0045652539854860175
2025-09-03,-0.008905905949581183
2025-09-04,-0.02143838466090997
2025-09-05,0.023263882836213057
2025-09-08,-0.004125722300249546
2025-09-09,-0.0023465525849010183
2025-09-10,0.00012148796257527295
2025-09-11,0.02382413509478498
2025-09-12,-0.0021352638923133327
2025-09-15,0.0011103033976638255
2025-09-16,-0.004986033129161682
2025-09-17,0.006363644715393857
2025-09-18,-0.010325774440781976
2025-09-19,0.0028749143215740514
2025-09-22,0.005481308160276033
2025-09-23,-0.009145519787494005
2025-09-24,0.015286481718467249
2025-09-25,0.0028333805910352172
2025-09-26,-0.00478051347346653
2025-09-29,0.016435551680380245
2025-09-30,0.0069579492095583895
2025-10-09,0.0037289956037749317
2025-10-10,-0.040310346944671394
2025-10-13,0.03188431737031738
2025-10-14,-0.01938069651018115
2025-10-15,0.009831670317109742
2025-10-16,0.004745364302010335
2025-10-17,-0.011376718837307176
2025-10-20,-0.00046502576069840096
2025-10-21,0.004368912476978126
2025-10-22,0.0005843714626116991
2025-10-23,0.009628384185229155
2025-10-24,0.016568921524899194
2025-10-27,-0.0003520037390448705
2025-10-28,0.0007042766655034338
2025-10-29,0.007433361181094611
2025-10-30,-0.007070573577295236
2025-10-31,-0.013984556197044973
2025-11-03,0.0027208385526160672
2025-11-04,-0.018763146601133096
2025-11-05,0.01751370971473576
2025-11-06,0.00683979392380607
2025-11-07,0.003072985151831409
2025-11-10,0.0038850081610470877
2025-11-11,-0.013339077644539565
2025-11-12,4.888491569143838e-05
2025-11-13,0.004205899918476197
2025-11-14,-0.00997395094801068
2025-11-17,-0.006934707974938004
2025-11-18,-0.0036540608101187644
2025-11-19,0.01127477856186121
2025-11-20,-0.022979408707806237
2025-11-21,-0.008913374965641152
2025-11-24,0.0005990401006108481
2025-11-25,0.0032097244673336967
2025-11-26,0.006639322537397518
2025-11-27,-0.0018842419514630837
2025-11-28,0.0061377628694971875
2025-12-01,0.007208800816939087
2025-12-02,-0.0037884386957941496
2025-12-03,-0.004608318809155354
2025-12-04,0.0031553729349413917
2025-12-05,0.009946182700010242
2025-12-08,0.0039709437110766466
2025-12-09,-0.005448478643806931
2025-12-10,0.0023845386670691138
2025-12-11,-0.008364370226934814
2025-12-12,-0.0019160348671095617
2025-12-15,-0.0016659769967615201
2025-12-16,-0.009389196857201298
2025-12-17,0.012046363495366696
2025-12-18,0.0016236570973937603
2025-12-19,0.005764799453252367
2025-12-22,0.0061812882156278
2025-12-23,0.0016588078143409124
2025-12-24,0.0012190281812349824
2025-12-25,0.002261671504850904
2025-12-26,0.003982055651447158
2025-12-29,-0.008790632667687759
2025-12-30,0.00848191838189627
2025-12-31,0.001102979074322219
2026-01-05,0.01235468558542796
2026-01-06,0.01646985825251046
2026-01-07,-0.007488742547713034
2026-01-08,-0.0073625966588396485
2026-01-09,0.009245323026736862
2026-01-12,0.005954042624636058
2026-01-13,-0.0063261549153063035
2026-01-14,-0.009627082735735093
2026-01-15,0.011994078694537613
2026-01-16,-0.012187203236745048
2026-01-19,0.0035411888217742327
2026-01-20,-0.0047194271978505675
2026-01-21,0.005769516994194479
2026-01-22,-0.002566518201236323
2026-01-23,-0.003004428506940937
2026-01-26,-0.0021633272753496247
2026-01-27,0.004341390618804564
2026-01-28,0.0015842428013503884
2026-01-29,-0.0021142434308055735
2026-01-30,-0.010333318441923978
2026-02-02,-0.005544923011497893
2026-02-03,-8.396514433250957e-05
2026-02-04,0.00361033106279951
2026-02-05,-0.0089550607644856
2026-02-06,0.015292491217830051
2026-02-09,0.005237626876955392
2026-02-10,-0.00054797798982964
2026-02-11,0.0009200814043441863
2026-02-12,-0.005635138157060515
2026-02-13,0.007219803014890669
2026-02-24,-0.0029024414188906222
2026-02-25,0.005900870918496448
2026-02-26,-0.00908796864109207
2026-02-27,-0.0036791818317263303
2026-03-02,0.012027799702632569
2026-03-03,-0.027045818598901317
2026-03-04,0.009274879817324999
2026-03-05,-0.0065451381966001865
2026-03-06,-0.004596003037026786
2026-03-09,0.010549766442218944
2026-03-10,0.0069365434853077
2026-03-11,0.004206102774439779
2026-03-12,-0.006734839903797862
2026-03-13,3.4739312408937906e-05
2026-03-16,0.003500710107274596
2026-03-17,-0.007857742464059458
2026-03-18,-0.008026197656458955
2026-03-19,-0.0018691341938557038
2026-03-20,-0.02253403103597018
2026-03-23,-0.008933563696422508
2026-03-24,0.010701567832514414
2026-03-25,0.004150423264666303
2026-03-26,-0.020733453396792778
2026-03-27,0.006822357396814915
2026-03-30,0.006765123544829388
2026-03-31,0.005643643457746483
2026-04-01,-0.0006265064817775334
2026-04-02,-0.004783648103898419
2026-04-03,-0.010457691840368266
2026-04-07,0.016077649565900742
2026-04-08,0.010034510793884621
2026-04-09,0.0070741699114045264
2026-04-10,0.004393152155605984
2026-04-13,0.013215328789007774
2026-04-14,0.010802665926167299
2026-04-15,-0.006813976301676239
2026-04-16,0.007362809408910431
2026-04-17,-0.00038676292982409155
2026-04-20,0.004939280640043453
2026-04-21,0.00016092992361738112
2026-04-22,0.013627340038137925
2026-04-23,-0.00919677210261316
2026-04-24,0.0009640728566893131
2026-04-27,-0.00403206634308384
2026-04-28,-0.004099387426303003
2026-04-29,0.017603117881709762
2026-04-30,0.007608860421413732
2026-05-06,0.007852844676844883
2026-05-07,-0.005041382306438691
2026-05-08,0.006396682815250854
2026-05-11,0.012798133112619459
2026-05-12,-0.00918278737184719
2026-05-13,0.021997632731371564
2026-05-14,-0.023076073159964516
2026-05-15,-0.015329700738593077
2026-05-18,-0.0036439831652463894
2026-05-19,0.002263637175057731
2026-05-20,0.01172474920298483
2026-05-21,-0.01379289907417347
2026-05-22,0.011279200081928398
2026-05-25,0.005523890049819791
2026-05-26,0.00833249797882285
2026-05-27,-0.010459435556604113
2026-05-28,0.009867739040333223
2026-05-29,-0.008023292055255649
2026-06-01,-0.007612430706992579
2026-06-02,0.012494846585056507
2026-06-03,-0.004882425930556211
2026-06-04,-0.0021137903199391905
2026-06-05,-0.03748574396233084
2026-06-08,0.008435249745257556
2026-06-09,0.0020375252150306444
2026-06-10,-0.004848062388722929
2026-06-11,0.011536314880619125
2026-06-12,0.009331737337123558
2026-06-15,0.01358168985800523
2026-06-16,-0.007186552230050158
2026-06-17,0.011593922688086122
2026-06-18,0.0067740440576185
2026-06-22,0.019937948565605268
2026-06-23,-0.02924741564795985
2026-06-24,0.010323987276261937
2026-06-25,0.0062310551216040455
2026-06-26,-0.023240860061506385
2026-06-29,0.009956796109003019
2026-06-30,0.011842298943772978
2026-07-01,-0.021622291007227568
2026-07-02,-0.011443070873989547
2026-07-03,0.012276414332403895
2026-07-06,-0.011229542182051855
2026-07-07,-0.0019499900568581419
2026-07-08,-0.006261151432358836
2026-07-09,0.023695825703494933
2026-07-10,-0.02907338473551757
2026-07-13,-0.01144591849397758
2026-07-14,0.022770797879842153
2026-07-15,-0.01801000970624289
2026-07-16,-0.01059319983393947
2026-07-17,-0.018437917893725286
2026-07-20,0.012059870036116083
2026-07-21,0.01723375726961085
2026-07-22,0.005203177253158664
2026-07-23,-0.010509103938092679
2026-07-24,-0.00627074499079916
2026-07-27,-0.006921909734547982
2026-07-28,-0.009019359104438518
2026-07-29,-0.0035023718081439448
2026-07-30,0.01266016398824843
2026-07-31,-0.013416644506218822
2026-08-03,0.0011235654564836217
2026-08-04,-0.00366847184960184
2026-08-05,0.015738731544502116
2026-08-06,0.007420177796414018
2026-08-07,0.009174764721426865
2026-08-10,-0.001993459544129439
2026-08-11,-0.006180576469821397
2026-08-12,0.012125182851894234
2026-08-13,-0.009327927721810236
2026-08-14,-0.0001497119008891934
2026-08-17,0.013226467205829984
2026-08-18,-0.015635224743985265
2026-08-19,-0.01003367986000181
2026-08-20,-0.006039519454359765
2026-08-21,0.0077448479592581165
2026-08-24,-0.017032237686073537
2026-08-25,0.0015825438520054025
2026-08-26,0.009901741362400074
2026-08-27,0.004649035971300508
2026-08-28,-0.011667043954498024
2026-08-31,0.012439231237464599
2026-09-01,-0.008058420861111748
2026-09-02,-0.002314191335004101
2026-09-03,0.0009636589988670785
2026-09-04,-0.0016221392169105675
2026-09-07,0.0017723701806160452
2026-09-08,0.0005511375078248726
2026-09-09,-0.006186725492176803
2026-09-10,-0.007887830531781437
2026-09-11,-0.008716310412473227
