trade_date,Q1,Q2,Q3,Q4,Q5,long_short
2021-01-04,0.008753316,0.020360682,-0.001960611,0.018234896,0.015969064,0.0072157485
2021-01-05,-0.006194913,0.009731733,0.011371466,0.0028287761,0.0010609934,0.0072559062
2021-01-06,0.018764865,-0.010927848,0.0036392559,0.013975264,0.019227209,0.00046234392
2021-01-07,-0.0023324478,0.003591085,0.008003903,-0.006731615,-0.010628106,-0.008295658
2021-01-08,-0.022669066,0.00092021265,-0.012852239,-0.025856175,-0.028813558,-0.006144492
2021-01-11,0.019278692,0.022810554,0.023047639,0.034434445,0.035167575,0.015888883
2021-01-12,-0.0123394905,-0.0030518046,-0.009545435,-0.009319411,-0.021646217,-0.009306726
2021-01-13,-0.0030374075,0.0025764324,-0.015602614,-0.01417726,-0.01734423,-0.014306823
2021-01-14,-0.0038181196,0.005720993,-0.004214599,-0.004447765,0.00027640877,0.0040945285
2021-01-15,0.017510982,0.02411515,0.015662417,0.021835955,0.019764632,0.0022536498
2021-01-18,-0.0042816154,-0.0065108095,-0.017546633,-0.016641561,-0.017470634,-0.013189018
2021-01-19,0.011029079,0.0028701015,0.009351953,0.019318953,0.028597074,0.017567996
2021-01-20,0.013161435,0.0119041065,0.015713463,0.015154383,0.009815119,-0.0033463156
2021-01-21,0.011128436,-0.003170453,0.010762598,0.002031619,-0.010089859,-0.021218296
2021-01-22,-0.002646378,-0.004964729,0.0032794734,-0.0058355597,0.003726655,0.006373033
2021-01-25,-0.011901175,-0.005541459,-0.015181514,-0.014964863,-0.02833578,-0.016434606
2021-01-26,-0.011930868,0.00046128174,-0.009483965,-0.00072702207,-0.011100693,0.00083017536
2021-01-27,-0.009409375,-0.012626524,-0.00976124,-0.017900666,-0.008739493,0.0006698817
2021-01-28,-0.019579364,-0.009579099,-0.0013853955,-0.015906783,-0.025752248,-0.0061728843
2021-01-29,0.005717151,0.0037016969,0.011630219,0.016721956,0.0064819786,0.0007648277
2021-02-01,0.016443007,-0.0009053287,0.002806491,0.017878518,0.012189447,-0.0042535597
2021-02-02,-0.011167117,0.00060642045,-0.004372558,-0.013443355,-0.015539193,-0.004372075
2021-02-03,-0.013697681,0.003684637,-0.005982313,-0.0024877277,-0.001252406,0.012445275
2021-02-04,-0.0135404365,-0.008846698,-0.0062107965,-0.0032333154,-0.012201619,0.0013388172
2021-02-05,0.015608853,0.007069605,0.02426379,0.009441402,0.021760471,0.0061516184
2021-02-08,0.029067427,0.014110615,0.021998277,0.019163305,0.027575145,-0.0014922824
2021-02-09,0.025497181,0.035474453,0.03359958,0.03378074,0.032224443,0.0067272615
2021-02-10,-0.04194644,-0.010019544,-0.019782906,-0.008485326,-0.010092567,0.031853873
2021-02-18,0.0032763232,0.016527148,0.0071583837,0.020644406,0.0045091948,0.0012328716
2021-02-19,-0.026660755,-0.0378046,-0.01685183,-0.017325364,-0.02742353,-0.00076277554
2021-02-22,-0.0052539115,0.0069525107,0.001483512,-0.0018985263,-0.004170405,0.0010835063
2021-02-23,-0.004643086,-0.010010142,-0.017109366,-0.013036304,-0.026634796,-0.02199171
2021-02-24,-0.017616216,-0.01944284,-0.01559806,-0.024720518,-0.0291962,-0.011579985
2021-02-25,0.0012538218,-0.00056403346,-0.011801218,0.0022693838,-0.0041514076,-0.0054052295
2021-02-26,0.024552252,0.021405598,0.015893651,0.021088867,0.014281852,-0.0102704
2021-03-01,-0.014457305,-0.015943779,-0.010032412,-0.013023307,-0.013483397,0.00097390823
2021-03-02,0.006175537,0.0042902357,0.010924063,0.015358157,0.013852483,0.0076769455
2021-03-03,-0.03825701,-0.03409709,-0.039482843,-0.03151906,-0.030346265,0.007910745
2021-03-04,0.010323037,0.010395092,0.01705921,0.0027430875,0.026829505,0.016506467
2021-03-05,-0.039055135,-0.0357044,-0.028510427,-0.04033577,-0.0557679,-0.016712766
2021-03-08,-0.018621584,-0.012652777,-0.016958455,-0.011345913,-0.006076467,0.012545117
2021-03-09,-0.008728735,-0.0035470116,-0.0041911895,-0.0072493074,-0.00034242816,0.008386307
2021-03-10,0.015770188,0.02529505,0.025865624,0.024465213,0.03139254,0.015622353
2021-03-11,-0.000872535,0.0007356424,-0.005980348,-0.0035795204,-0.011970389,-0.011097854
2021-03-12,-0.023285944,-0.01744183,-0.011460575,-0.009045479,-0.010480401,0.012805543
2021-03-15,-0.0013803715,0.006401435,0.00734844,-0.011618747,-0.004840919,-0.0034605474
2021-03-16,0.020639287,0.009630285,0.003753582,0.003890738,0.01694424,-0.0036950465
2021-03-17,-0.004704815,-0.0025132925,-0.009987968,-0.0058940654,-0.009679546,-0.004974731
2021-03-18,-0.0117334,-0.0071711726,-0.008649368,-0.011584417,0.0012297271,0.012963126
2021-03-19,0.0102133965,0.013756259,0.009652221,0.010293624,0.012671315,0.0024579186
2021-03-22,-0.020515805,-0.018396886,-0.006848548,-0.011549999,-0.023396177,-0.002880372
2021-03-23,-0.01562891,-0.014576763,-0.014276538,-0.015796019,-0.02001676,-0.00438785
2021-03-24,0.018987805,0.0074126846,0.009265552,0.011271168,0.011040818,-0.007946987
2021-03-25,0.021452678,0.014679362,0.015184931,0.024094963,0.021849917,0.00039723888
2021-03-26,-0.002893928,-0.0010804791,-0.0011797525,0.00029971937,-0.0054611764,-0.0025672484
2021-03-29,0.010764626,0.006805798,0.0078393165,0.0053881407,0.010473902,-0.00029072352
2021-03-30,-0.00094803347,0.0012733765,-0.004480478,-0.003538279,-0.0066240574,-0.005676024
2021-03-31,0.017783897,0.006076055,0.014025025,0.013047052,0.010182519,-0.0076013776
2021-04-01,0.014720838,0.01197634,0.010940876,0.00051341037,0.012295424,-0.0024254136
2021-04-02,-0.0053111245,-0.0047859177,-0.0028085522,0.00062339596,-0.0024317852,0.0028793393
2021-04-06,-0.001961332,-0.0060928743,-0.011851189,-0.0066704745,-0.0024972507,-0.00053591863
2021-04-07,0.00045489756,-0.0008030645,0.0063039376,0.0057527847,0.0016269598,0.0011720622
2021-04-08,-0.011527916,-0.0014377264,-0.009136059,-0.0053421427,-0.008428858,0.0030990588
2021-04-09,-0.024064345,-0.014604262,-0.010256909,-0.01829674,-0.021447673,0.0026166718
2021-04-12,0.0042437077,0.0010114043,-0.007456474,-0.004545456,0.0033852383,-0.0008584694
2021-04-13,0.020092111,0.008008422,-0.0005441565,0.004388124,0.012190784,-0.007901327
2021-04-14,0.0016209154,0.00035882872,-0.0010481332,0.0013480699,0.0036642984,0.0020433832
2021-04-15,0.00504502,0.00016488174,0.008763634,-0.0015511758,0.0015852883,-0.0034597316
2021-04-16,0.022274038,0.033899914,0.02346993,0.015616509,0.019715909,-0.002558129
2021-04-19,-0.008375533,-0.003127157,-0.008865292,-0.00013699786,-0.004306759,0.0040687737
2021-04-20,0.008895762,0.013979483,0.0067456667,0.008064863,0.007348176,-0.0015475862
2021-04-21,-0.0030649211,0.0039856923,-0.0038811073,-0.0038826598,0.001030943,0.004095864
2021-04-22,0.0088334475,0.0063546286,0.0058057867,0.018216725,0.010086849,0.0012534019
2021-04-23,-0.014121696,-0.010678127,-0.008692565,-0.012763329,-0.004172537,0.009949159
2021-04-26,0.0037015004,0.0010259952,0.0017098691,-0.004166081,-0.0020661887,-0.005767689
2021-04-27,0.01523599,0.00591404,0.013288945,0.012195236,0.01511319,-0.00012280047
2021-04-28,0.002915318,0.00039756318,0.007535641,0.0008102351,0.0048241024,0.0019087845
2021-04-29,0.010296087,-0.0041709174,-0.00895104,-0.0019063099,-0.00076148607,-0.011057572
2021-04-30,-0.01711791,-0.0040386585,-0.0029373604,0.010649107,-0.0027944383,0.014323472
2021-05-06,-0.023296358,-0.01419497,-0.011530565,-0.014683202,-0.0072934506,0.016002908
2021-05-07,0.0010726968,-0.005180866,0.0023036485,-0.010974617,-0.005160582,-0.0062332787
2021-05-10,0.004753227,0.0061525875,-0.0016758601,-0.005618556,0.0033111568,-0.0014420701
2021-05-11,0.0064413208,0.0063299746,-0.00011851486,0.0030936496,0.005198938,-0.0012423829
2021-05-12,0.0009036089,0.004639341,-0.0015509387,-0.009946731,-0.010880947,-0.011784556
2021-05-13,0.02244286,0.025661783,0.01740917,0.015205131,0.015321073,-0.0071217874
2021-05-14,0.018001651,-0.00036175415,0.011066166,0.0127086025,0.03065705,0.012655398
2021-05-17,-0.0004416927,0.001018705,0.002268891,-0.0038268624,-0.008637174,-0.008195481
2021-05-18,0.0064575025,-0.00032415218,-0.00086074433,0.0014812851,-0.011065905,-0.017523408
2021-05-19,0.0081280265,0.005185348,0.0040931613,0.0070707807,-0.0039138617,-0.012041888
2021-05-20,-0.011464098,-0.0045554535,-0.007761027,-0.008184648,-0.0018317428,0.009632355
2021-05-21,0.009726216,0.004162552,0.003531568,0.0038666502,0.009409885,-0.00031633116
2021-05-24,0.029842835,0.018272284,0.02486326,0.027120454,0.012992845,-0.016849991
2021-05-25,-0.0020912567,-0.0016060857,0.0023894913,-0.005397285,-0.002316292,-0.00022503524
2021-05-26,0.014476045,0.0043527717,-0.0019462589,0.011301686,0.010125844,-0.004350201
2021-05-27,0.0050576716,-0.0036972158,0.0027733324,0.01018701,0.0021441013,-0.0029135703
2021-05-28,0.01122134,0.0026883334,0.0042884736,0.017163862,0.016142389,0.004921049
2021-05-31,-0.00049625116,0.0023226712,0.0026306135,0.012766017,0.0020687606,0.0025650118
2021-06-01,-0.00848103,-0.0030994385,-0.014595905,-0.017281692,-0.016385352,-0.007904322
2021-06-02,-0.0051038177,-0.0070958487,-0.009302459,-0.0133515075,-0.009632783,-0.0045289653
2021-06-03,0.0019945272,0.009265154,0.009376369,0.0166444,0.019152533,0.017158005
2021-06-04,-0.00035056472,0.0018190449,0.00729374,-0.0022966939,-0.003994344,-0.003643779
2021-06-07,-0.006735155,-0.004633511,-0.005310885,-0.0077107945,-0.005009279,0.0017258758
2021-06-08,0.0123001775,0.0022757421,0.0037498085,0.006123305,0.0009492271,-0.01135095
2021-06-09,0.0060279416,0.0059039206,0.0096764015,0.023530051,0.025581287,0.019553345
2021-06-10,-0.0045492267,-0.010713613,-0.007663705,0.0011853541,-0.0015224125,0.0030268142
2021-06-11,-0.012549102,-0.012633473,-0.012178272,-0.01054172,-0.0023816477,0.010167454
2021-06-15,-0.01408668,-0.012738056,-0.01928545,-0.029903898,-0.034911048,-0.020824369
2021-06-16,0.011823748,0.0033125214,0.008694879,0.019127002,0.031082226,0.019258477
2021-06-17,0.0025366012,0.007312069,0.007569566,0.015764812,0.006912834,0.0043762326
2021-06-18,0.00341599,0.0041099177,0.0106538925,0.008978531,0.018146802,0.014730812
2021-06-21,0.004315778,0.0031786077,0.003941509,0.0065018637,0.0028831365,-0.0014326416
2021-06-22,0.010973448,0.0048257634,0.010714009,0.009243921,0.022674436,0.011700988
2021-06-23,-0.004386119,0.0022026573,-0.0040853303,-0.0027318231,0.00037500236,0.0047611212
2021-06-24,0.015618895,0.0143175945,0.0095364535,0.010250503,0.010267659,-0.005351236
2021-06-25,0.009670228,0.0033190248,-0.0010760359,0.0036063525,0.015879977,0.0062097497
2021-06-28,-0.0039749825,-0.010338715,-0.008161881,-0.00628094,-0.0024321412,0.0015428413
2021-06-29,0.015763076,0.010144527,0.012458289,0.009548792,0.019169552,0.0034064762
2021-06-30,-0.013057979,-0.019162921,-0.0154705485,-0.008205802,-0.016119463,-0.0030614845
2021-07-01,-0.019490432,-0.012286873,-0.012741165,-0.021912584,-0.010452611,0.009037821
2021-07-02,0.0044005807,0.010690832,0.0053890855,0.015178877,0.01892312,0.014522539
2021-07-05,-0.006591662,0.0034564945,-0.01142081,-0.019593278,-0.017004374,-0.010412713
2021-07-06,0.012842863,0.011319515,0.017433552,0.03377521,0.049916416,0.037073553
2021-07-07,-0.009214709,-0.01266536,-0.007091752,-0.0020626746,0.009221357,0.018436067
2021-07-08,0.017999126,0.008439496,0.0027582124,0.0101157185,0.022057291,0.0040581655
2021-07-09,0.014074914,0.014644149,-0.000522121,0.013171686,0.008299533,-0.005775381
2021-07-12,-0.0045562396,0.0058985916,-0.00077606953,0.0013893942,-0.008169471,-0.0036132317
2021-07-13,-0.012807755,-0.011933191,-0.0090773795,-0.013169222,-0.018449234,-0.005641479
2021-07-14,0.010275288,0.010147025,0.0034706104,0.014745729,0.025562037,0.015286749
2021-07-15,-0.011187948,-0.004811859,-0.0045298166,-0.010000526,-0.017158017,-0.0059700683
2021-07-16,-0.0030824752,-0.0034479492,-0.007196997,-0.010823046,-0.006810575,-0.0037280996
2021-07-19,0.007301163,0.0006878343,0.015107722,0.015085434,0.02800347,0.020702306
2021-07-20,0.018494062,0.009244636,0.007530745,0.014557762,0.03211695,0.013622887
2021-07-21,0.0038505667,-0.00045588054,0.00782654,0.0012362507,0.007088039,0.0032374724
2021-07-22,0.0019900142,-0.009848761,-0.0052148676,-0.01516373,-0.015279496,-0.01726951
2021-07-23,-0.019085007,-0.027003769,-0.023015538,-0.0126228705,-0.013359336,0.0057256706
2021-07-26,-0.03353434,-0.02686,-0.021021206,-0.042256303,-0.04455832,-0.01102398
2021-07-27,0.0052557923,0.011583962,0.007136815,0.009408743,0.03455009,0.029294297
2021-07-28,0.008440181,0.011608997,0.016112663,0.01960645,0.036823053,0.028382871
2021-07-29,0.0018555176,0.0016393496,-0.0030619758,0.00088252686,0.0037872898,0.0019317722
2021-07-30,0.019212399,0.013133733,0.008218917,0.015460312,0.0095324125,-0.009679986
2021-08-02,-0.013759503,0.00093515555,-0.0048713526,-0.00049287186,-0.02981667,-0.016057167
2021-08-03,0.031757034,0.009419814,0.007482234,0.015530607,0.036662646,0.0049056113
2021-08-04,0.010894174,0.0025223123,-0.005486294,-0.00025871015,0.004079154,-0.0068150195
2021-08-05,-0.0073212935,-0.013058258,-0.0021846087,-0.0013508778,-0.0012073399,0.0061139534
2021-08-06,-0.0046604434,0.007826034,0.013125607,0.0066527002,-0.005569647,-0.00090920366
2021-08-09,0.008604149,0.006561075,0.007022043,0.008802115,0.003966387,-0.0046377624
2021-08-10,0.0032208124,-0.0077935318,-0.0036357327,0.001099407,0.006717488,0.0034966758
2021-08-11,-0.009522454,-0.005243767,-0.002020085,-0.0078011774,0.00023893293,0.009761387
2021-08-12,-0.0074814935,-0.00048060928,-0.001961674,-0.0082322415,-0.0066394145,0.00084207905
2021-08-13,0.00057535415,-0.0008818893,-0.005649702,-0.013664082,-0.009925456,-0.01050081
2021-08-16,-0.012743604,-0.025182188,-0.025139254,-0.014559455,-0.016165446,-0.0034218421
2021-08-17,0.009643024,0.0008977392,0.0014473378,0.0134385815,-3.282034e-05,-0.009675845
2021-08-18,0.0024708773,-0.0037546314,-0.0028534872,0.005917768,-0.0028310332,-0.0053019105
2021-08-19,-0.003797602,-0.0065877647,0.0012868273,-0.014683482,0.0052351695,0.009032771
2021-08-20,0.015577077,0.02096331,0.013731525,0.021083893,0.023249028,0.0076719513
2021-08-23,0.00939122,0.007356602,0.009680429,0.008426631,0.0066436725,-0.0027475478
2021-08-24,0.008424414,0.0019264567,0.00064092345,0.004610088,0.009381992,0.0009575775
2021-08-25,-0.016777609,-0.012102232,-0.025700655,-0.009262726,-0.013458079,0.0033195298
2021-08-26,0.016094938,0.010419731,0.0059829885,0.0066232244,0.007569186,-0.0085257515
2021-08-27,-0.010853563,0.0036180818,0.008671273,0.01402737,-0.008148846,0.0027047172
2021-08-30,0.0012693676,0.0040203477,0.0040635644,-0.0047414256,0.0017822018,0.0005128342
2021-08-31,-0.016812218,0.0031611451,0.00010752678,0.005719551,-0.028789287,-0.011977069
2021-09-01,0.0062462003,-0.004697631,0.0045640743,0.016720958,0.028383268,0.022137068
2021-09-02,-0.00961444,-0.00034252516,-0.009971201,-0.02266645,-0.011259927,-0.0016454877
2021-09-03,0.01430043,0.019797187,0.021777172,0.022111952,0.00996508,-0.0043353504
2021-09-06,0.01844704,0.0075977864,0.009257703,0.011442743,0.018939631,0.0004925914
2021-09-07,-0.005053579,-0.0064710723,0.005058656,-0.0041927993,-0.00808178,-0.003028201
2021-09-08,0.01472559,-0.00057525665,-0.0042834324,0.0029110445,0.012211554,-0.0025140364
2021-09-09,-0.0062537147,0.0077774944,0.0056443117,0.006247836,0.016949063,0.023202777
2021-09-10,-0.00054995844,-0.008022878,-0.0104886675,-0.0107872635,0.004925453,0.0054754117
2021-09-13,-0.013222181,-0.007053884,-0.009044555,0.010199219,-0.007941622,0.005280559
2021-09-14,-0.0096603185,-0.0041014897,-0.0013523046,0.011113494,0.011009877,0.020670194
2021-09-15,-0.013393497,-0.014995844,-0.022141533,-0.032530855,-0.03304157,-0.019648073
2021-09-16,-0.0023667342,0.0017142474,-0.0031959936,-0.012298641,-0.017580027,-0.015213292
2021-09-17,0.0047338023,0.012912461,0.009560503,0.011297928,0.045972046,0.041238245
2021-09-22,-0.0036151055,-0.00471353,0.0012777011,0.0050418996,0.0024752463,0.006090352
2021-09-23,0.005884841,-0.002510334,0.005898816,0.00052511797,-0.023858871,-0.029743712
2021-09-24,-0.0011498691,-0.0039081452,-0.0036686803,-0.020784725,-0.035527345,-0.034377474
2021-09-27,-0.0007225311,-0.0038778868,-0.0033075248,-0.0090141315,0.0031952462,0.0039177774
2021-09-28,-0.011143671,-0.006903297,-0.01110077,-0.0070086275,-0.00643865,0.004705021
2021-09-29,0.008574332,0.013539999,0.01810817,0.028438618,0.035317082,0.026742749
2021-09-30,-0.00698178,-8.6516906e-05,0.0029384396,-0.008164805,-0.016473135,-0.009491355
2021-10-08,0.00653119,-0.009383636,-0.0056968355,-0.0059785806,-0.012976689,-0.01950788
2021-10-11,-0.020301037,-0.0146848215,-0.014391257,-0.016324196,-0.01829553,0.0020055063
2021-10-12,0.004518061,0.004926104,0.008617236,0.009848716,0.020445423,0.015927363
2021-10-13,0.0005636264,-0.007022059,0.00256121,0.0041526137,0.012849724,0.012286098
2021-10-14,0.016450712,0.0030109317,0.0057962453,0.014344868,0.023142468,0.0066917557
2021-10-15,0.01739239,-0.0043271924,-0.0037265806,0.0008190144,0.0012665659,-0.016125824
2021-10-18,-0.014488441,0.009479177,0.006776716,0.0074116206,0.0012119325,0.015700374
2021-10-19,0.0071533043,-0.0020873747,-0.0028187607,-0.0002170136,0.0048134113,-0.002339893
2021-10-20,0.003946309,0.00024445992,0.00083310116,-0.004767507,-0.00399924,-0.007945549
2021-10-21,-0.011351038,-0.0050698216,0.006102703,-0.0016143745,0.003642375,0.014993412
2021-10-22,0.017552273,0.0039455807,0.009630554,0.013122849,0.025335228,0.0077829547
2021-10-25,-0.008089298,-0.0055546314,-0.0012968953,-0.0016582614,-0.007455363,0.00063393544
2021-10-26,-0.009574786,-0.012139717,-0.011436241,-0.013021685,-0.0067503494,0.0028244364
2021-10-27,-0.006472842,-0.009149874,-0.011193802,-0.01020135,-0.011075168,-0.004602326
2021-10-28,0.012210118,0.011628843,0.0080663785,0.003456857,0.021426411,0.009216294
2021-10-29,0.004416609,0.011366525,0.0016105989,-0.0031625496,0.004435518,1.8908642e-05
2021-11-01,-0.006382815,-0.008818664,-0.00471156,-0.009836311,-0.0138315335,-0.0074487184
2021-11-02,0.002038294,0.0007525604,0.003779644,0.0057726875,-0.0036255268,-0.0056638205
2021-11-03,0.004360346,0.006760971,0.0042702844,0.0056946883,0.009393111,0.0050327647
2021-11-04,-0.0037653837,-0.0017015376,-0.010707578,-0.0072306353,-0.017935628,-0.014170244
2021-11-05,-0.0024140074,0.001993984,0.0034486458,0.010700495,0.01881273,0.021226738
2021-11-08,0.0010753891,0.0013807121,0.008458558,0.0091339145,-0.0057965317,-0.006871921
2021-11-09,0.00074639486,-0.0025280942,0.003404353,-0.0026068024,-0.0076796226,-0.008426017
2021-11-10,0.013799002,0.015140027,0.0108073335,0.017275538,0.0056121456,-0.008186856
2021-11-11,-0.0027616306,-0.0024616688,0.0042936737,0.0067647756,0.0082606515,0.011022282
2021-11-12,0.0027631684,-0.0035203432,-0.0075108833,-0.016303474,-0.019555584,-0.022318752
2021-11-15,0.0025032132,-0.005188592,-0.0032830723,-0.008737527,-0.013123849,-0.015627062
2021-11-16,-0.002910218,0.0019659754,0.0074461964,0.004872798,0.013147141,0.016057359
2021-11-17,-0.005802867,-0.0104701,-0.00277579,-0.0043637645,-0.003409846,0.002393021
2021-11-18,0.01277853,0.009073973,0.014004228,0.010865596,0.021966705,0.009188175
2021-11-19,0.00088269176,0.00013141862,0.020728972,0.021766486,0.021074997,0.020192305
2021-11-22,0.0011643099,0.003836037,-0.0005066692,-0.004302709,0.00084199995,-0.00032230996
2021-11-23,0.002268461,0.0030733873,-0.004920419,-0.00855255,-0.0049185036,-0.0071869646
2021-11-24,-0.005313096,-0.009263096,-0.0010882213,-0.003394502,-0.0039767516,0.0013363445
2021-11-25,-0.009573523,-0.0070937863,-0.014651521,-0.007286146,-0.012934332,-0.0033608088
2021-11-26,0.0059211617,0.006955109,0.009986408,0.01745837,0.02626563,0.02034447
2021-11-29,-0.0014522392,-0.003895947,-0.0016786408,-0.0010174727,-0.0038563476,-0.0024041084
2021-11-30,0.0023604752,-0.0003702026,0.003361644,-0.0005506522,-0.0005921346,-0.00295261
2021-12-01,0.0017553754,-0.0010450977,0.0042884396,-0.0044341297,-0.0025756985,-0.0043310737
2021-12-02,0.009822544,0.006894582,0.009446686,0.010408257,0.009474459,-0.0003480846
2021-12-03,-0.0022280128,0.0024259163,-0.008134027,-0.009267534,-0.0059830816,-0.0037550689
2021-12-06,0.00016840675,-0.004764345,-0.0045697847,-0.012006415,-0.019700777,-0.019869184
2021-12-07,0.011594433,0.009385705,0.014337262,0.008541356,0.018952595,0.0073581617
2021-12-08,0.013022616,0.009908118,0.009870472,-0.003925214,-0.005051994,-0.01807461
2021-12-09,0.0029473586,0.019489689,0.00081956974,0.0075914967,0.008796158,0.0058488
2021-12-10,-7.151463e-05,-0.009777657,-5.7077832e-05,-0.0043952083,0.00031584594,0.00038736057
2021-12-13,-0.004203412,0.0005024679,-0.0058528027,-0.0055219233,-0.012251637,-0.008048225
2021-12-14,-0.0018193921,-0.0054944498,-0.008629872,-0.003110508,0.0003692722,0.0021886644
2021-12-15,0.022211166,-0.00021143633,0.008953861,-0.0022388587,0.005731817,-0.016479349
2021-12-16,-0.01804541,-0.0149157215,-0.012272373,-0.010732642,-0.02392009,-0.0058746804
2021-12-17,-0.022134762,-0.012111874,-0.014213375,-0.02028525,-0.018470336,0.0036644265
2021-12-20,0.008587563,0.009571741,0.013893358,0.010402607,0.012837565,0.004250001
2021-12-21,0.0019373761,0.004818975,0.0017690292,0.00066576415,0.0006282787,-0.0013090974
2021-12-22,0.0060934206,0.0038565316,-0.0018036434,0.0020545572,0.008852021,0.0027586003
2021-12-23,-0.014580376,-0.0007675793,-0.005566157,-0.017701853,-0.022929616,-0.00834924
2021-12-24,0.0002387366,-0.0027394684,-0.0020505195,0.005627451,0.0022213438,0.0019826072
2021-12-27,-0.00320835,0.0030914024,0.006325051,0.0152551215,0.004007294,0.007215644
2021-12-28,-0.013010407,-0.0067888373,-0.008631777,-0.0071155527,-0.0023154572,0.01069495
2021-12-29,0.013438892,0.011008228,0.011140176,0.00630534,0.0077524697,-0.005686422
2021-12-30,0.005807989,0.0013441291,0.0051856367,0.0075505185,0.011805995,0.0059980066
2021-12-31,-0.01184216,-0.0025506918,-0.009509771,-0.018119337,-0.020677172,-0.008835012
2022-01-04,-0.018152315,-0.01243335,-0.017680421,-0.03513241,-0.019747047,-0.0015947316
2022-01-05,-0.0011729319,-0.0061093173,0.00054126454,0.0046898224,0.008350289,0.009523221
2022-01-06,-0.0060781813,-0.006355893,-0.0046329563,-0.011555143,-0.011116511,-0.00503833
2022-01-07,0.0026698962,0.0054780236,0.0066486397,0.0069680572,0.0025058503,-0.00016404595
2022-01-10,-0.0015916731,-0.010979447,-0.006927337,-0.0069404533,-0.007546235,-0.0059545618
2022-01-11,0.009435432,0.0054622865,0.010804229,0.011689989,0.0136319315,0.0041964995
2022-01-12,-0.015153033,-0.020243198,-0.01989932,-0.018601438,-0.01993456,-0.0047815265
2022-01-13,0.0051735714,-0.0021850693,0.0046420856,-0.004291608,0.0065225037,0.0013489323
2022-01-14,0.011697664,0.008442712,0.0133178225,0.0111102285,0.012727594,0.0010299301
2022-01-17,0.0018735803,0.0035741178,0.002987379,0.011311607,0.005278797,0.0034052166
2022-01-18,-0.008963987,-0.008810498,-0.0066734985,-0.0164356,-0.013940083,-0.0049760956
2022-01-19,-0.00077693484,-0.0016885542,-0.0011039692,-0.0049840016,-0.010358652,-0.009581718
2022-01-20,-0.012063662,-0.022502575,-0.012220572,-0.012422832,-0.008738954,0.003324708
2022-01-21,-0.00083076034,0.011947283,0.007214066,0.0074719987,0.017172193,0.018002953
2022-01-24,-0.020432338,-0.019420851,-0.023508314,-0.026431872,-0.02180627,-0.0013739318
2022-01-25,-0.0025023185,0.0015167845,0.0054548886,0.008731725,0.0018885994,0.0043909177
2022-01-26,-0.016186249,-0.014167177,-0.025256434,-0.0133711,-0.024047192,-0.007860944
2022-01-27,0.004035568,-0.0007029173,-0.0018611746,-0.0021455921,0.0026270985,-0.0014084694
2022-01-28,-0.0053250226,0.0069542034,0.0005275315,0.015404477,-0.009445761,-0.0041207387
2022-02-07,0.0014167842,-0.006872528,0.0002798339,0.0011651154,-0.026948472,-0.028365256
2022-02-08,0.008291602,0.013636567,0.016206387,0.008957401,0.011995303,0.0037037013
2022-02-09,-0.003254626,-0.0022645518,-0.006092013,-0.0015276211,-0.02655473,-0.023300104
2022-02-10,-0.011703473,-0.0077892425,-0.013047654,-0.0076950006,-0.02690859,-0.015205117
2022-02-11,-0.004032991,-0.014545205,-0.0044900496,-0.0021058351,0.004707409,0.0087404
2022-02-14,0.015786393,0.007827414,0.014993292,0.023316115,0.024910795,0.009124402
2022-02-15,-0.0011115669,0.004526603,-0.003827235,-0.003870065,-0.001466791,-0.00035522413
2022-02-16,-0.0027768686,-0.00050796155,0.005616222,0.0031572622,0.0070077917,0.00978466
2022-02-17,0.0075380662,0.011771396,0.0043736217,0.015208395,0.0016326595,-0.0059054065
2022-02-18,-0.0005658801,-0.0023233208,0.002207522,-0.0071133976,-0.010793346,-0.010227466
2022-02-21,-0.0017022188,-0.006356251,-0.003100796,-0.006911053,0.003460307,0.005162526
2022-02-22,0.012057784,0.00934451,0.0047797617,0.00991389,0.027591875,0.015534091
2022-02-23,-0.0035429634,-0.0077894083,-0.013365226,-0.0011394696,-0.0061799497,-0.0026369863
2022-02-24,0.0055579757,0.00024091739,0.006483717,0.003280828,0.0013497274,-0.004208248
2022-02-25,0.013137742,0.0040573995,0.010726595,0.0048295856,0.013622537,0.0004847953
2022-02-28,-0.01076774,-0.0041938922,0.0048833154,0.00088378653,-0.0012658458,0.009501894
2022-03-01,-0.0038258797,0.0011225237,-0.00060864165,0.0024570562,0.008176049,0.012001929
2022-03-02,-0.02305784,-0.015763933,-0.011065661,-0.009320308,-0.025120908,-0.0020630676
2022-03-03,-0.009003637,-0.008003666,-0.009536666,-0.0014048808,-0.008800211,0.000203426
2022-03-04,-0.029461209,-0.025678901,-0.021627788,-0.026810268,-0.026311034,0.0031501744
2022-03-07,-0.022448087,-0.016293138,-0.024067324,-0.020343823,-0.018973209,0.0034748781
2022-03-08,-0.0032532713,-0.0002580477,-0.0035494524,0.0048304354,0.01490804,0.018161312
2022-03-09,-0.00026018816,-0.013133184,-0.00486445,-0.009247236,-0.012259238,-0.01199905
2022-03-10,0.009074748,0.002310979,0.0023092078,0.011378689,0.0057946267,-0.003280121
2022-03-11,-0.030771455,-0.02749833,-0.01814469,-0.030442968,-0.027751695,0.0030197594
2022-03-14,-0.02529597,-0.04015099,-0.033220258,-0.011729434,-0.013550623,0.011745346
2022-03-15,0.035906572,0.03286241,0.039794017,0.03447626,0.049683988,0.013777416
2022-03-16,0.0035028178,-0.002373943,0.010322569,-0.0007017977,0.0030191625,-0.00048365537
2022-03-17,0.00993658,0.01579036,0.013879398,0.013989462,0.012468148,0.0025315676
2022-03-18,0.00259505,-0.0015937471,-0.0042339284,-0.00021737868,0.005783897,0.0031888469
2022-03-21,-0.0049785073,0.005886273,0.011158029,0.004091211,-5.959114e-05,0.004918916
2022-03-22,-0.0019922259,-0.0024303405,7.755577e-05,-0.0040363567,-0.0071263174,-0.0051340917
2022-03-23,-0.00073945266,-0.0047929846,0.00280634,-0.00037474008,-0.005375252,-0.0046357997
2022-03-24,-0.025243834,-0.018523004,-0.019078556,-0.022376833,-0.01951511,0.0057287235
2022-03-25,-0.004786826,0.007826882,0.00256569,0.00607106,-0.0012155548,0.0035712714
2022-03-28,-0.002295829,0.0066565983,-0.0017340971,-0.0072373697,-0.00235839,-6.256113e-05
2022-03-29,0.00732625,0.02126802,0.017170371,0.023042988,0.024891729,0.017565478
2022-03-30,-0.012753965,-0.013891296,-0.004017503,-0.016223151,-0.017770082,-0.0050161164
2022-03-31,0.00095240324,0.0035780852,0.008859831,0.0073293075,0.01673255,0.015780145
2022-04-01,-0.0082894955,-0.013210705,-0.008344734,-0.010498362,-0.011277156,-0.0029876605
2022-04-06,-0.010787493,-0.014371985,-0.015382644,-0.008983619,-0.008771421,0.0020160712
2022-04-07,-0.0077915215,-0.0046205237,-0.00061592134,-0.0053320504,-0.0042541316,0.00353739
2022-04-08,-0.022403372,-0.031942546,-0.022363976,-0.025356129,-0.03985464,-0.017451266
2022-04-11,0.012928891,0.0067096767,0.013927333,0.007829759,0.002875333,-0.010053558
2022-04-12,0.0040379264,-0.0015998243,0.0008195546,-0.0064186053,-0.00044264318,-0.0044805696
2022-04-13,0.0037329928,-0.002264158,0.009237651,-0.0045306548,-0.012075029,-0.015808022
2022-04-14,-0.004946729,-0.010210335,-0.020780675,-0.0056357784,0.0022465696,0.007193299
2022-04-15,0.010439947,-0.00073509396,0.008112754,0.01843376,0.012850128,0.0024101809
2022-04-18,-0.0057115657,-0.004420521,-0.0072385096,-0.0055651604,0.000103726285,0.005815292
2022-04-19,-0.022312956,-0.015123806,-0.031586215,-0.019187685,-0.030579753,-0.008266797
2022-04-20,-0.03207712,-0.031767957,-0.025117043,-0.019382795,-0.031068617,0.0010085013
2022-04-21,-0.006613128,0.0008902057,0.00079756556,-0.023760302,-0.017340792,-0.010727664
2022-04-22,-0.04629593,-0.051107824,-0.04219096,-0.03401213,-0.04744204,-0.0011461116
2022-04-25,-0.0274528,-0.008641734,-0.027329417,-0.032478996,-0.02817334,-0.00072054006
2022-04-26,0.03557424,0.022169296,0.025323184,0.06605313,0.06294302,0.02736878
2022-04-27,0.020046405,0.008132083,0.0036517247,0.018838799,0.007886864,-0.012159541
2022-04-28,0.029082589,0.019770924,0.032813154,0.028342422,0.02598053,-0.0031020585
2022-04-29,-0.022697262,-0.008238609,-0.00911532,-0.015416071,-0.008163478,0.014533784
2022-05-05,-0.011668293,-0.016773129,-0.008304718,-0.0060151205,-0.009889334,0.0017789584
2022-05-06,-0.0060648043,-0.010602132,-0.0071289567,-0.0106401155,0.0054173367,0.011482141
2022-05-09,0.036956526,0.025777096,0.01902836,0.018082231,0.034149416,-0.0028071105
2022-05-10,0.015308697,0.016262295,0.00902507,0.018361699,0.016787034,0.0014783368
2022-05-11,0.01352163,-0.0032629177,0.004524239,0.0069302036,0.0009146298,-0.012607001
2022-05-12,0.0073761465,0.0020950849,0.007984525,0.020683685,0.017132012,0.009755866
2022-05-13,-0.01803345,-0.010776162,-0.009765168,-0.013310931,-0.004745363,0.013288088
2022-05-16,0.025110144,0.008571496,0.0052074436,0.0067101037,0.016198903,-0.008911241
2022-05-17,-0.00925698,-0.011784172,-0.007513904,-0.01205313,-0.011429673,-0.0021726927
2022-05-18,0.03820271,0.015659025,0.013671785,0.0111790765,0.027978895,-0.010223815
2022-05-19,0.006800766,0.01718511,0.011277383,0.020888966,0.009010377,0.0022096112
2022-05-20,0.001611211,-0.004842895,-0.0013761482,-0.0047296137,-0.001124437,-0.0027356478
2022-05-23,-0.037828594,-0.02480475,-0.034363043,-0.023392031,-0.026926467,0.010902127
2022-05-24,0.0074683735,0.0026754234,0.012374132,0.012582669,0.010231732,0.0027633589
2022-05-25,0.007695079,0.009490954,0.00612661,0.011535203,0.009824764,0.0021296851
2022-05-26,0.00595243,0.0027007055,0.00161173,-0.004442642,-0.0049003535,-0.010852784
2022-05-27,-0.0032525547,-0.00054121343,0.004612052,0.010087192,0.00817688,0.011429435
2022-05-30,0.012825325,0.01347199,0.016654454,0.021470983,0.0086281495,-0.0041971756
2022-05-31,-0.0036408538,-0.0031986814,-0.0024748584,0.0018602132,0.0071361186,0.010776972
2022-06-01,0.0065555945,0.016962117,0.011172179,0.017997826,0.010113392,0.0035577975
2022-06-02,0.023546223,0.03727364,0.014967504,0.029179024,0.024753302,0.0012070797
2022-06-06,-0.0005102167,-0.004282235,0.0036448345,-0.003692134,-0.0039702,-0.0034599835
2022-06-07,0.002215791,0.005095586,0.0041301404,-0.0026319087,0.014797077,0.012581285
2022-06-08,-0.022135805,-0.016576942,-0.0035097152,-0.013343924,-0.02121141,0.0009243954
2022-06-09,0.016594645,0.005407841,0.01692158,0.023318168,0.025813116,0.009218471
2022-06-10,-0.0072467127,-0.01175192,-0.004145715,-0.006762752,-0.007200415,4.6297908e-05
2022-06-13,0.004978097,0.022086574,0.011966207,0.013430164,0.011249995,0.006271898
2022-06-14,0.011262488,0.0060215592,0.0058136703,0.0029560167,-0.0046268096,-0.015889298
2022-06-15,-0.0066123037,-0.0024174957,-0.011094824,0.0008148905,-0.012471824,-0.0058595203
2022-06-16,0.0122004235,0.0116912825,0.017404372,0.025958892,0.024582407,0.012381983
2022-06-17,0.0041199885,0.009466009,0.008676064,0.009742811,-0.011539109,-0.015659098
2022-06-20,-0.0023160514,-0.0029830202,-0.00045040276,-0.0014478734,-0.0053252075,-0.003009156
2022-06-21,-0.020829104,-0.017097909,-0.011043555,-0.007388413,-0.010424371,0.010404733
2022-06-22,0.016372008,0.019264007,0.024640705,0.026710566,0.02809325,0.011721242
2022-06-23,0.012654394,0.011313984,0.011473171,0.013641202,0.01726146,0.0046070665
2022-06-24,0.009249799,0.0027638352,0.008323819,0.000821611,0.006882091,-0.002367708
2022-06-27,0.0102311345,0.011120545,0.013927781,0.010764392,0.004189575,-0.0060415594
2022-06-28,-0.023744553,-0.0073094787,-0.0004099887,-0.015458741,-0.02130831,0.002436243
2022-06-29,0.01014054,0.0036081132,0.009559615,0.024063097,0.009418042,-0.0007224977
2022-06-30,-0.007955375,-0.0028293016,-0.0026843336,-0.0017444079,-0.012003653,-0.0040482776
2022-07-01,0.007891658,0.0060645705,0.009573996,0.015569636,0.024408538,0.01651688
2022-07-04,-0.009838506,-0.010281186,-0.0034820985,-0.004976039,-0.0015963241,0.0082421815
2022-07-05,0.00018400524,-0.015221828,-0.0057691927,-0.020659855,-0.008973125,-0.0091571305
2022-07-06,0.00835138,0.01634309,0.013947079,0.009810983,0.022240143,0.013888763
2022-07-07,-0.017135158,-0.015863102,-0.014588279,-0.014121554,-0.009202132,0.007933026
2022-07-08,-0.01495328,-0.005885447,-0.014767188,-0.0027806866,-0.017916562,-0.0029632822
2022-07-11,-0.01107032,-0.00939729,-0.010706852,-0.016901163,-0.014182889,-0.0031125685
2022-07-12,-0.005073479,-0.0017185835,0.0058449423,0.0065825875,0.008926977,0.014000457
2022-07-13,0.0026338145,0.0035962195,0.013247968,0.0040500276,0.014800561,0.012166746
2022-07-14,-0.004761318,-0.01862079,-0.007259254,-0.011796841,-0.015831437,-0.011070119
2022-07-15,0.015029427,0.012000539,0.007585601,0.016104825,0.006559343,-0.008470084
2022-07-18,-0.0075381217,-0.003947475,0.0051002353,0.00097028946,-0.0002799605,0.007258161
2022-07-19,0.0031011798,0.0019667204,0.0040633385,0.002516821,-0.0012640494,-0.004365229
2022-07-20,-0.001886003,0.0016702304,-0.0011495267,-0.009948241,-0.008631526,-0.006745523
2022-07-21,-0.010661444,-0.0029633832,-0.008563746,-0.0025381339,-7.935497e-05,0.0105820885
2022-07-22,-0.028001133,-0.010057104,-0.0064288415,-0.0011978208,-0.007499859,0.020501275
2022-07-25,0.013241179,0.003566206,0.010557435,0.0040731304,0.012681972,-0.00055920705
2022-07-26,0.010694828,0.011489563,0.007937403,0.009509311,0.0037763102,-0.006918518
2022-07-27,0.004820386,-0.00021916142,-0.0041040657,-0.0024754505,0.000612057,-0.004208329
2022-07-28,-0.014572486,-0.016813891,-0.016032696,-0.01524627,-0.013275325,0.001297161
2022-07-29,0.016821492,0.008877245,-0.00014799892,0.0012287862,-0.005474559,-0.022296052
2022-08-01,-0.009731988,-0.016075963,-0.014098444,-0.018917656,-0.01811126,-0.008379272
2022-08-02,-0.017338283,0.0056852833,-0.0033018547,-0.006357301,0.0023081903,0.019646473
2022-08-03,0.003434852,-0.008324044,0.01261053,0.007825292,0.007048877,0.003614025
2022-08-04,0.012511363,0.02962335,0.028218066,0.0012343584,0.0057929563,-0.006718407
2022-08-05,0.0032084724,-0.0053010904,0.002468434,-0.002229338,0.009430187,0.0062217144
2022-08-08,0.0099297445,0.00674621,0.0019931104,-0.0013681166,0.005587759,-0.0043419856
2022-08-09,-0.0003479577,-0.0042489013,0.0034231774,-0.0072786743,-0.0030209702,-0.0026730124
2022-08-10,0.00868947,0.018644836,0.0139053725,0.013854684,0.0099790655,0.0012895958
2022-08-11,-0.013607467,-0.015577667,-0.0024186182,-0.0005551694,0.007317359,0.020924825
2022-08-12,0.022856073,0.004923239,0.0028824494,0.003933544,-0.0034615928,-0.026317667
2022-08-15,0.004908692,-0.001443263,0.0028074188,0.0007966179,-0.0027417839,-0.007650476
2022-08-16,0.004584737,0.008365584,0.0072516417,-0.00037375677,0.004434861,-0.00014987634
2022-08-17,0.002909427,0.0028811751,-0.0005621911,-0.00698121,-0.0022726776,-0.0051821047
2022-08-18,-0.029031418,-0.018652465,0.00030993033,-0.010330403,0.0006268907,0.029658308
2022-08-19,0.014362231,0.0072175898,0.0024998507,0.00847332,0.008368481,-0.00599375
2022-08-22,0.010130446,0.0004835701,-0.0036184627,-0.0011871004,0.010701023,0.00057057664
2022-08-23,-0.03726935,-0.0342601,-0.009558949,-0.020724243,-0.02126839,0.01600096
2022-08-24,-0.008109813,-0.000517594,0.003521227,0.001676217,0.010050178,0.01815999
2022-08-25,-0.018886145,-0.017003797,-0.0003443496,-0.008701635,-0.025394198,-0.0065080523
2022-08-26,0.0054632016,0.0018428919,0.0039001496,0.014072867,0.016745254,0.011282053
2022-08-29,-0.0057834405,-0.007250277,-0.0067302072,-0.00822642,-0.018691551,-0.01290811
2022-08-30,-0.0033823615,0.004145124,-0.01799612,-0.022484634,-0.020369288,-0.016986925
2022-08-31,-0.0013712205,-0.00744906,-0.0044278824,-0.007255485,0.0025465267,0.003917747
2022-09-01,-0.0063748215,-0.0057879044,-0.0029751568,-0.0067729945,0.004738857,0.011113679
2022-09-02,0.0047445158,-0.00020848664,0.00423062,0.007352201,0.01866929,0.013924775
2022-09-05,0.004505506,0.006707839,0.007014693,0.013879952,0.014570973,0.010065467
2022-09-06,0.007849574,0.008425229,0.004077877,0.012544692,0.005614247,-0.002235327
2022-09-07,-0.0060339575,-0.010038985,0.0001260514,-0.0024887435,-0.00588375,0.00015020743
2022-09-08,0.008754696,0.0009905722,0.0042538694,0.012598212,0.012122844,0.0033681486
2022-09-09,-0.011203408,-0.0047220397,-0.016401619,-0.015961638,-0.016950542,-0.005747134
2022-09-13,-0.0039425576,0.0012759933,0.0007090854,0.0021827456,0.00930224,0.0132447975
2022-09-14,-0.019222455,-0.019517634,-0.034581754,-0.02774856,-0.028511964,-0.009289509
2022-09-15,-0.019752769,-0.015573718,-0.020065984,-0.018610332,-0.021147799,-0.00139503
2022-09-16,-0.0034655388,-0.00035019984,0.00067646895,-0.00018378826,0.0007594689,0.0042250077
2022-09-19,0.0072205076,-0.006730232,0.0007550735,-0.0015981782,-0.0015235471,-0.0087440545
2022-09-20,-0.013619517,-0.008726371,-0.002065542,-0.0064556454,-0.006806067,0.00681345
2022-09-21,0.0076539246,0.000661131,0.004816108,3.3597047e-05,0.0013686403,-0.006285284
2022-09-22,-0.01378335,-0.023990287,-0.0023565153,-0.01632775,-0.012754698,0.0010286514
2022-09-23,-0.014350173,-0.012437931,0.0004683353,0.004196017,0.009442312,0.023792485
2022-09-26,0.0035307554,0.009941102,0.013491318,0.007782701,0.006450471,0.0029197156
2022-09-27,-0.008667518,-0.0113766575,-0.007875202,-0.013466188,-0.021587996,-0.012920477
2022-09-28,-0.008847468,-0.0041533518,-0.0011662813,-0.0019687188,-0.0058098743,0.0030375933
2022-09-29,-0.009035385,-0.009096566,-0.014001571,-0.017634956,-0.0038267958,0.005208589
2022-09-30,-0.016860459,-0.019405192,-0.018299276,-0.012601311,-0.03033835,-0.013477892
2022-10-10,-0.0016223479,-0.0017191662,0.0096447,0.0012738659,0.0072661666,0.008888515
2022-10-11,0.012781855,0.015083558,0.017147822,0.013823508,0.0315347,0.018752847
2022-10-12,0.00038089516,0.018067716,0.016000211,0.00768771,0.013834799,0.013453904
2022-10-13,0.007871436,0.0069701583,0.017536424,0.024106419,0.012254939,0.0043835035
2022-10-14,0.0034187932,0.0051786187,0.0106512625,0.011064402,0.011403811,0.007985018
2022-10-17,-0.0035671021,-0.005095864,-0.0040063933,-0.00709887,-0.0038878573,-0.00032075518
2022-10-18,-0.014009599,-0.014548687,-0.015365633,-0.015987951,-0.010533369,0.0034762295
2022-10-19,0.009632916,-0.0020697655,0.008341155,-0.0033473824,-0.0027619835,-0.0123948995
2022-10-20,-0.00504145,0.0026983838,-0.0054476573,-0.0052598785,0.00062824413,0.005669694
2022-10-21,-0.013615735,-0.024706885,-0.020311933,-0.020178618,-0.02538362,-0.011767885
2022-10-24,0.0092251245,-0.0038264461,0.00259948,-0.003503218,0.0016088116,-0.007616313
2022-10-25,0.019071171,0.016358078,0.02043596,0.013301231,0.01663961,-0.0024315603
2022-10-26,-0.008502873,-0.016514601,-0.010190025,-0.018099459,-0.004287132,0.0042157406
2022-10-27,-0.022296775,-0.027593503,-0.023901854,-0.038239233,-0.02558433,-0.0032875556
2022-10-28,0.0010942817,-0.01641029,-0.0040115598,0.013554024,0.022962123,0.021867841
2022-10-31,0.014392212,0.02310489,0.032061245,0.025936391,0.018632308,0.0042400956
2022-11-01,0.0043002255,0.0035805218,0.008653803,0.008108777,0.013214553,0.008914327
2022-11-02,0.0126190875,0.0059272284,0.0003634103,0.003398447,0.010014169,-0.0026049186
2022-11-03,0.014402499,0.02744168,0.030066522,0.040692676,0.02602454,0.011622041
2022-11-04,-0.0016541557,0.0026845278,0.004736728,0.00028030114,-0.0055999677,-0.003945812
2022-11-07,-0.0012479228,-0.0018779811,-0.004755735,-0.010591368,-0.0055240914,-0.0042761685
2022-11-08,-0.008015087,-0.0107012475,-0.0178997,-0.013436637,-0.015790828,-0.0077757407
2022-11-09,0.013499034,0.018418198,0.01624674,0.025611373,0.011946581,-0.0015524523
2022-11-10,0.029302528,0.010353255,-0.0013589098,-0.014013903,-0.014070998,-0.043373525
2022-11-11,-0.0113300355,-0.010612014,-0.024869714,-0.0018484249,-0.0043161325,0.007013903
2022-11-14,0.016174605,0.01525454,0.016261216,0.025963536,0.035782445,0.01960784
2022-11-15,-0.015211873,-0.009317751,-0.011665911,-0.008139976,-0.017827697,-0.0026158243
2022-11-16,0.0016019456,-0.009186626,-0.0015471681,0.0011604083,0.005590307,0.0039883615
2022-11-17,-0.009046001,-0.005953464,-0.0146108875,-0.008491008,-0.011893979,-0.002847978
2022-11-18,-0.003077522,-0.0011488225,0.0019120702,0.0029624526,0.0033147042,0.006392226
2022-11-21,-0.0007188773,-0.007131566,-0.010604348,-0.008189873,-0.007251945,-0.0065330677
2022-11-22,0.0154895475,0.007978713,-0.000477896,-0.0011034247,0.003056165,-0.012433383
2022-11-23,-0.0047185,-0.0058604246,-0.00059778674,-0.002393207,-0.007506084,-0.002787584
2022-11-24,-0.013447231,-0.00847535,-0.027032532,0.0019746243,-0.010618903,0.002828328
2022-11-25,0.007142882,0.00051309954,0.0060045402,0.01989853,0.0056402693,-0.0015026126
2022-11-28,0.0065212464,0.012748568,0.019118415,0.019564407,0.013803415,0.0072821686
2022-11-29,0.006212484,0.014592705,0.013437626,0.015396378,0.0125206495,0.0063081654
2022-11-30,0.0013502636,-0.005202532,-0.0005382903,-0.0072982805,-0.010068959,-0.011419222
2022-12-01,0.0026865182,0.005387443,0.0033530984,0.004012438,0.00010546937,-0.0025810488
2022-12-02,0.006306083,-0.004730743,0.00018464448,-0.0058116573,0.012242866,0.005936783
2022-12-05,5.2829855e-06,0.0103512695,0.005194208,0.008699247,0.009759151,0.009753868
2022-12-06,-0.012579241,-0.0026871809,-0.0068111676,0.003177774,-0.0014849674,0.011094273
2022-12-07,-0.0019366135,-0.0015596985,-0.0027569751,-0.0001735445,0.005730127,0.0076667406
2022-12-08,-0.0016172203,0.003069621,0.0018319448,0.0036209715,0.0018239174,0.0034411377
2022-12-09,-0.0041290275,-0.006841119,-0.008684476,-0.007991495,-0.0038740672,0.00025496027
2022-12-12,-0.00045663083,-0.0059963707,-0.005852751,-0.0031034146,-0.00018838793,0.0002682429
2022-12-13,-0.0033976536,-0.0012573244,-0.005615271,-0.0059439857,-0.005186204,-0.0017885503
2022-12-14,-0.0074179387,0.010367194,0.0048145754,-0.005671763,0.005797523,0.013215462
2022-12-15,-0.00892704,-0.0014000307,-0.008973984,-0.004721379,0.0033835617,0.012310602
2022-12-16,-0.022464767,-0.017014954,-0.01813739,-0.01681064,-0.021205384,0.0012593828
2022-12-19,-0.004345964,-0.0056458446,-0.009689793,-0.013944715,-0.004237222,0.000108742155
2022-12-20,-0.0024943799,-0.008662961,-0.0052974904,0.0020508177,1.8931576e-05,0.0025133113
2022-12-21,-0.01811896,-0.009813318,-0.01911592,-0.009803012,-0.0135477,0.004571261
2022-12-22,-0.0006360585,0.006213652,0.0032644048,0.0006048285,-0.0015874311,-0.00095137255
2022-12-23,0.010331082,0.010793115,0.010220462,0.024332818,0.017835388,0.007504306
2022-12-26,0.0071510635,0.005992427,0.0033083176,0.0004998287,0.0047567477,-0.0023943158
2022-12-27,-0.0077658584,-0.0029825587,-0.0058717956,-0.001727788,-0.0057348604,0.002030998
2022-12-28,0.0027430975,-0.0021325692,0.008048244,0.0069623855,0.0070083654,0.004265268
2022-12-29,0.002268682,0.0015470544,-0.0074183824,-0.0034586736,-0.008147445,-0.010416127
2022-12-30,0.00885701,0.0029212122,0.0117379585,0.010595878,0.017062066,0.008205056
2023-01-03,-0.0016224938,0.0034936706,-0.001959837,-0.0039916644,-0.0025149267,-0.0008924329
2023-01-04,0.012128676,0.016971989,0.01183767,0.009705872,0.016571546,0.0044428697
2023-01-05,0.011485996,0.015352687,0.0004442507,0.005618125,0.007679599,-0.0038063969
2023-01-06,0.00075815583,0.0030516908,0.005108447,-0.00073803397,-0.0019108737,-0.0026690294
2023-01-09,-0.002872707,0.010842089,0.0030287972,0.0053997585,2.624462e-05,0.0028989518
2023-01-10,0.005840585,-0.010007092,-0.0041844,-0.0012656172,-0.0058236346,-0.011664219
2023-01-11,0.0034139173,0.0050225058,0.0007813989,0.00090446556,0.00085400895,-0.0025599082
2023-01-12,0.002800743,0.011043849,0.0099013075,0.0067399954,0.0021424657,-0.0006582774
2023-01-13,0.009295339,0.014663359,0.019674828,0.01573421,0.011545303,0.0022499645
2023-01-16,-0.0025058147,0.0074518034,0.002789881,0.007136109,0.003585112,0.006090927
2023-01-17,-0.0010867906,0.001531156,-0.00060961413,-0.0077713034,-0.005827436,-0.0047406456
2023-01-18,0.0073286835,0.018822499,0.013884678,0.008764722,0.014131262,0.0068025785
2023-01-19,0.02081542,0.0149212405,0.018373268,0.016431851,0.023668732,0.0028533116
2023-01-20,-0.013094991,-0.004432729,-0.011184909,-0.0078013586,-0.007168558,0.0059264335
2023-01-30,-0.000972319,0.0014441615,-0.0050724605,-0.0010561002,-0.0066878307,-0.0057155117
2023-01-31,0.006285661,0.011299054,0.010008663,0.01184092,0.015402613,0.009116952
2023-02-01,-0.006856845,-0.0060111205,-0.005078578,-0.009445624,-0.0054527503,0.001404095
2023-02-02,-0.015060687,-0.009231492,-0.00934347,-0.007219352,-0.004174738,0.010885949
2023-02-03,-0.003719988,-0.004619061,-0.00405396,-0.00876783,-0.004348655,-0.0006286672
2023-02-06,0.004759604,0.0038251807,0.0018589722,0.0026900347,0.0011635439,-0.0035960602
2023-02-07,-0.0043453295,-0.004932668,-0.0066797654,-0.00956233,-0.008176535,-0.003831206
2023-02-08,0.0028040947,0.009789634,0.021524085,0.017401552,0.02091033,0.018106235
2023-02-09,-0.0053458055,-0.0023368127,-0.007588877,-0.0056017423,-0.011504239,-0.006158434
2023-02-10,0.0040554935,0.011225895,0.0088925045,0.011661357,0.007925557,0.0038700635
2023-02-13,-0.0027019528,-0.00063290284,-0.0007091505,-0.0018988904,-0.00049789285,0.00220406
2023-02-14,-0.00805434,-0.0057373373,-0.0070917993,-0.009942683,0.010675594,0.018729934
2023-02-15,-0.01686298,-0.009042804,-0.012502454,-0.01715845,-0.014602392,0.0022605872
2023-02-16,-0.0056805382,-0.008157606,-0.013428254,-0.0113548655,-0.017993268,-0.012312729
2023-02-17,0.016755989,0.017350495,0.025978342,0.014084937,0.019335525,0.0025795363
2023-02-20,0.005283281,-0.0028040586,-0.0015406198,0.00046121402,7.397804e-05,-0.005209303
2023-02-21,0.0043141553,-0.0024987753,-0.0025718263,-0.0004584571,2.4953857e-05,-0.0042892015
2023-02-22,-0.0007059089,0.002651239,-0.0032283368,0.003528225,-0.0018510091,-0.0011451002
2023-02-23,-0.0101051675,-0.010454276,-0.013819164,-0.01065509,-0.005749395,0.0043557724
2023-02-24,-0.0005600859,-0.002961096,-0.004056267,0.0024515574,-2.3634406e-05,0.00053645147
2023-02-27,0.003279391,0.006967055,0.0046054674,0.0086116325,0.0037512062,0.00047181523
2023-02-28,0.0036242139,0.0076829144,0.019466603,0.007801934,0.011413622,0.007789408
2023-03-01,-0.005513357,-0.0011774432,-0.014968237,-0.0029097311,0.0029840304,0.008497387
2023-03-02,0.003697244,-0.0027292215,0.0058429325,0.0020183297,0.0040780506,0.00038080662
2023-03-03,-0.0001478144,0.003108833,-1.264949e-05,-0.010156983,-0.0019784165,-0.0018306021
2023-03-06,-0.009260869,-0.019770933,-0.02102074,-0.020517888,-0.015282949,-0.006022081
2023-03-07,-0.0017098784,-0.00028558634,0.002713239,0.0009778808,0.0077351094,0.009444987
2023-03-08,-0.0047137127,-0.00745304,-0.0023349891,-0.011281382,-0.0074800584,-0.0027663456
2023-03-09,-0.010210441,-0.011224483,-0.0078061395,-0.0093558235,-0.006674737,0.0035357042
2023-03-10,-0.00026465877,0.0022178108,0.008674255,0.0063661486,0.008897269,0.009161928
2023-03-13,-0.006169156,-0.0055465708,0.0040299087,0.0018943386,0.0012149094,0.0073840655
2023-03-14,-0.0028272648,-0.010352164,-0.0042101387,-0.0064704414,0.00066043204,0.0034876969
2023-03-15,-0.017201537,-0.005040525,-0.008480273,-0.0026802307,0.00033875942,0.017540297
2023-03-16,-0.0025032351,-0.0013748038,0.0039128424,0.008707336,0.0038446311,0.0063478663
2023-03-17,0.000285486,0.0016348506,5.520481e-05,-0.0006291874,-0.004075526,-0.004361012
2023-03-20,0.010179864,0.010522597,0.011014977,0.003879091,0.011807797,0.0016279323
2023-03-21,-0.003181308,-0.0010865483,-0.0009872178,0.004181918,0.0011512181,0.004332526
2023-03-22,0.0034400783,0.010682311,0.005346344,0.016543495,0.022683613,0.019243535
2023-03-23,0.0019377013,-0.0008421724,-0.005950633,-0.0012321521,-0.002864586,-0.004802287
2023-03-24,-0.000143738,0.0026959905,0.0037699025,-0.001986295,-0.005512275,-0.005368537
2023-03-27,-0.010943679,-0.0012601323,-0.012596022,-0.009109924,-0.005266868,0.005676811
2023-03-28,-0.0024692835,1.4732359e-05,-0.0018558471,-0.0014633327,0.008239172,0.010708456
2023-03-29,0.011798062,0.0078059896,0.012186904,0.0039453213,0.005068693,-0.0067293695
2023-03-30,0.002978537,0.0033033416,0.0012889057,0.0027505397,0.019649595,0.016671058
2023-03-31,0.0009108505,0.006390166,0.0102439765,0.010025157,0.02622165,0.0253108
2023-04-03,-0.0019982504,-0.0026315881,-0.006208377,-0.0015493889,-0.0013186233,0.00067962706
2023-04-04,0.00592827,0.0013509679,0.0029194616,0.0044323145,0.012078724,0.006150454
2023-04-06,0.009410085,0.0041393964,0.009762887,0.0072773895,0.014286368,0.004876283
2023-04-07,-0.01679465,-0.010199664,-0.0062919226,0.0004638352,-0.005031392,0.011763258
2023-04-10,-0.000106268286,0.0059349956,-0.002484316,-0.0018403919,0.00043996738,0.00054623565
2023-04-11,-0.0057963883,-0.006107764,-0.0019910845,-0.0022812756,0.012012051,0.01780844
2023-04-12,-0.0016551558,-0.0007717625,0.000597441,-0.0006794637,-0.017741088,-0.016085932
2023-04-13,0.009148501,0.0035740715,0.0032410645,0.0090076765,0.010445707,0.0012972057
2023-04-14,0.009786635,0.011324192,0.013695656,0.0029561594,0.0012033824,-0.008583252
2023-04-17,0.007139173,-0.00044492522,0.0015099092,-0.0026747957,-0.0033717495,-0.010510922
2023-04-18,-0.010600928,-0.008116337,-0.009440367,-0.007394829,-0.005221096,0.0053798323
2023-04-19,-0.009175007,-0.0056862505,-0.0048772492,-0.008120119,0.017838705,0.027013712
2023-04-20,-0.03306696,-0.0190584,-0.017997414,-0.01701444,-0.018487401,0.014579557
2023-04-21,-0.0132201165,-0.012168727,-0.0059294607,-0.013199793,-0.014441932,-0.0012218151
2023-04-24,-0.020378208,-0.005255506,-0.016349506,-0.017884329,-0.019929111,0.00044909678
2023-04-25,0.0087949475,0.006022944,0.00040203767,0.0155525515,0.0024395622,-0.0063553853
2023-04-26,-0.0019334881,0.010656372,0.008491016,0.011899585,0.00036134326,0.0022948314
2023-04-27,0.00027860655,0.0041527906,0.0022243522,0.0070209303,0.019872377,0.01959377
2023-04-28,0.0020546352,-0.008380241,-0.0038398765,0.009881707,-0.0019522335,-0.0040068687
2023-05-04,-0.005830798,-0.013006681,-0.0038281218,3.9463106e-05,-0.009621293,-0.0037904955
2023-05-05,0.013771084,0.009603519,0.009201598,0.010963972,0.0069708093,-0.006800275
2023-05-08,-0.015441812,-0.0113824885,-0.012662075,-0.0075222007,-0.015716193,-0.0002743816
2023-05-09,0.0041977996,0.005493636,-0.0022107428,-0.009335454,-0.0018504721,-0.0060482714
2023-05-10,0.0028952565,0.0015742995,-0.0023545348,-0.0009593889,-0.002179357,-0.0050746137
2023-05-11,-0.010754935,-0.013168964,-0.013019597,-0.013436884,-0.011882126,-0.0011271909
2023-05-12,0.017458495,0.019550357,0.0160041,0.019087274,0.0107223,-0.0067361947
2023-05-15,0.0011997109,-0.007542793,-0.008694281,-0.00453404,-0.012445321,-0.013645032
2023-05-16,-0.0003956342,0.006130105,0.0067709237,0.0012728788,0.0018087473,0.0022043814
2023-05-17,-0.010946705,-0.011032327,0.0010905613,-0.0068445387,0.0008350207,0.011781726
2023-05-18,-0.0021426433,-0.0039184503,0.006264654,0.004636608,-0.0022302368,-8.759345e-05
2023-05-19,0.0019434656,0.00064537785,-0.004213145,0.001632716,0.005659243,0.0037157775
2023-05-22,-0.01317792,-0.019504309,-0.01125732,-0.009463873,-0.015807493,-0.0026295725
2023-05-23,-0.0066272262,-0.009481045,-0.007884449,-0.007660947,-0.007850043,-0.0012228163
2023-05-24,0.0017353526,-0.006090327,-0.000935725,-0.0010965124,0.006252392,0.0045170397
2023-05-25,-0.0038736765,-0.0012028908,0.0022824432,0.010306992,0.006242791,0.010116467
2023-05-26,-0.007361781,-0.008884116,-0.009116627,-0.009513828,-0.005700947,0.0016608341
2023-05-29,-0.00043437182,-0.0044905604,0.0012128034,0.012756358,0.0017591511,0.0021935229
2023-05-30,-0.00745231,-0.009479639,0.0005872978,-0.0074165785,0.00073015166,0.008182461
2023-05-31,-0.00040798023,0.00866897,0.01284636,0.0040842337,0.006260344,0.006668324
2023-06-01,0.0055178823,0.005773056,0.008477739,0.01414974,0.0113269305,0.005809048
2023-06-02,-0.011323011,-0.0035467867,-0.0038081706,-0.009484986,-0.0028992333,0.008423777
2023-06-05,-0.012623198,-0.006633688,-0.006181138,-0.010884237,-0.021085013,-0.008461814
2023-06-06,-0.00657815,-0.0108993305,-0.006902154,-0.004392492,-0.0036521677,0.0029259825
2023-06-07,0.008042012,0.011441494,0.0075952285,0.0061412677,-0.0014876279,-0.00952964
2023-06-08,0.0024639266,-0.0072193956,0.0064356797,0.0010502351,0.009742193,0.0072782664
2023-06-09,0.00014440727,0.0025528097,0.002189528,0.004889659,0.009719985,0.009575577
2023-06-12,-0.00067190925,0.0049673575,0.0062021436,0.0064942804,0.01411291,0.014784819
2023-06-13,0.0001006606,0.00035340898,-0.002240161,-0.004702126,0.0017621986,0.001661538
2023-06-14,0.013791623,0.012512942,0.02255611,0.01489632,0.010427143,-0.0033644792
2023-06-15,0.00623357,0.009349116,0.015442504,0.007021279,0.01156342,0.00532985
2023-06-16,-0.0037766432,0.0026882626,-0.008484395,-0.008814316,-0.004022684,-0.00024604076
2023-06-19,-0.0034077489,-0.0011104195,0.0016790266,-0.0032772426,0.0019529687,0.0053607174
2023-06-20,-0.014050133,-0.027152926,-0.022932006,-0.011173182,-0.034829337,-0.020779204
2023-06-21,-0.0076453434,-0.006249331,-0.0039599375,-0.008468467,-0.0064318543,0.0012134891
2023-06-26,0.012008242,0.0067428593,0.0075952252,0.012970221,0.005840483,-0.006167759
2023-06-27,0.007731076,-0.00210397,-0.00069929205,-0.0010452757,-0.010187084,-0.01791816
2023-06-28,-0.005558298,0.0013534925,-0.002677584,0.014491519,0.0050116265,0.0105699245
2023-06-29,0.0016361303,0.010143139,0.016259642,0.0124676,0.013430428,0.011794297
2023-06-30,0.010718698,0.006822829,0.0010897926,0.0040733237,0.0029524053,-0.0077662924
2023-07-03,0.0017536492,0.0016317517,-0.0029892803,0.0067991656,0.0026940438,0.0009403946
2023-07-04,-0.009241424,-0.005799268,-0.005950754,-0.007804122,-0.0056531522,0.0035882713
2023-07-05,-0.00922493,-0.0077110007,-0.0059379945,-0.0011353609,-0.0039208666,0.005304063
2023-07-06,0.008446373,0.00021138845,-0.0027172545,-0.0013135901,-0.000112610986,-0.008558984
2023-07-07,0.0031111538,0.0012388312,0.0018716519,0.0020409946,0.00881332,0.005702166
2023-07-10,0.0036800276,0.00347798,0.001358506,0.002029335,0.0119398255,0.0082597975
2023-07-11,-0.004743518,-0.0016297452,-0.007498143,-0.0027474477,-0.00708538,-0.0023418623
2023-07-12,0.007406863,0.013519537,0.010259194,0.013113158,0.009047242,0.001640379
2023-07-13,-0.0070961015,-0.0028957054,-0.0048103193,0.0028318008,-0.006758685,0.0003374163
2023-07-14,-0.0035532953,-0.0057968833,-0.0046976237,-0.0049173543,-0.0067574573,-0.003204162
2023-07-17,0.000728593,-0.002055978,-0.0036978847,-0.002028057,-0.00056625495,-0.0012948479
2023-07-18,-0.0009372106,0.0010496399,-0.0021819004,0.003805483,-0.00263467,-0.0016974593
2023-07-19,-0.0075483583,-0.0071416763,-0.012362543,-0.017046707,-0.018735727,-0.011187369
2023-07-20,0.0026701493,-5.610919e-05,-0.002393498,-0.003300875,-0.005329264,-0.007999413
2023-07-21,0.008446008,0.0057062707,0.00083588116,0.0090375235,0.007188023,-0.0012579849
2023-07-24,0.013284124,0.011815994,0.017286487,0.009189424,0.009814681,-0.0034694439
2023-07-25,0.0032367818,-0.0029606712,0.0012974847,-0.001711716,-0.0011222565,-0.0043590385
2023-07-26,-0.003982961,-0.006772924,-0.008370887,-0.007737807,-0.009297859,-0.0053148977
2023-07-27,0.020126529,0.02372448,0.018944249,0.024172518,0.023576755,0.003450226
2023-07-28,0.0044584787,0.0043367455,0.0044771284,0.002438602,0.0052120984,0.0007536197
2023-07-31,-0.0038575178,-0.0036719032,-0.0055944216,-0.002469722,-4.3755397e-05,0.0038137625
2023-08-01,-0.007912585,-0.006017612,-0.004353873,-0.005384931,-0.0040061236,0.003906461
2023-08-02,0.010716138,0.013917836,0.010897188,0.008624606,0.022763252,0.012047114
2023-08-03,-0.003758365,-0.007780096,-0.0023219925,0.005071502,-0.00991153,-0.0061531644
2023-08-04,-0.0071439883,-0.004743153,-0.008528491,-0.0047140177,-0.0066844327,0.00045955554
2023-08-07,-0.006930551,-0.0027495162,-0.0069193034,-0.00287064,-0.0019737754,0.0049567753
2023-08-08,0.0009176257,0.00014667955,-0.00434372,-0.005650247,0.0002943325,-0.00062329316
2023-08-09,0.0016452146,0.004927385,0.0031204522,0.0012660853,0.0064802854,0.004835071
2023-08-10,-0.026799649,-0.026257448,-0.022940388,-0.024924282,-0.029091667,-0.0022920184
2023-08-11,-0.00027392374,-0.0014852934,0.0012892737,-0.0019180032,0.0012354158,0.0015093395
2023-08-14,-0.013474008,-0.0056701032,-0.0052773715,-0.010534993,-0.0063774977,0.0070965104
2023-08-15,-0.004342634,-0.010389813,-0.0063666445,-0.015909933,-0.004410456,-6.7821704e-05
2023-08-16,0.009527491,0.011886778,0.0044160606,0.0060189953,0.011103642,0.0015761508
2023-08-17,-0.017515568,-0.013666762,-0.011565238,-0.012803721,-0.0179993,-0.00048373267
2023-08-18,-0.012801922,-0.009029723,-0.011024118,-0.00653564,-0.00992789,0.0028740317
2023-08-21,0.004908218,-0.0008037274,0.0023960492,0.00039485225,-0.0025867892,-0.0074950075
2023-08-22,-0.013661479,-0.011662229,-0.009103784,-0.016795581,-0.014697769,-0.0010362901
2023-08-23,0.0024954006,0.0043517905,-0.00992794,0.0006287416,-0.001406614,-0.0039020146
2023-08-24,0.041171215,0.06394732,0.03851694,0.03379935,0.059263807,0.018092591
2023-08-25,-0.033145417,-0.052248035,-0.035715315,-0.040418807,-0.037953716,-0.0048082992
2023-08-28,0.01685428,0.019094234,0.025410665,0.01880819,0.03452889,0.017674608
2023-08-29,-0.002744428,-0.0027210729,-0.0031416183,0.0002542134,-0.0029132636,-0.00016883551
2023-08-30,-0.0025666975,-0.0032333133,-0.008632711,0.0048195734,-0.0013424081,0.0012242894
2023-08-31,0.0006124884,0.0070883324,0.007473975,0.0049683363,0.009240102,0.008627614
2023-09-01,0.0051160115,0.011772306,0.004903193,0.0084657725,0.007084233,0.0019682217
2023-09-04,-0.006731176,-0.003747936,-0.004447202,-0.0104619125,-0.005791219,0.00093995687
2023-09-05,-0.002802183,-0.004683914,-0.0027745352,0.00089647487,0.008970359,0.011772542
2023-09-06,-0.019159023,-0.018340468,-0.013535062,-0.016841387,-0.019061944,9.70792e-05
2023-09-07,0.00141825,-0.007654711,0.00082153635,0.0031831781,0.0013604413,-5.7808706e-05
2023-09-08,0.008912153,0.005869322,0.013553726,0.0043060025,0.008143658,-0.0007684948
2023-09-11,-0.0017722347,-0.0027310965,-0.00041794614,-0.0026001537,-0.0045863567,-0.002814122
2023-09-12,-0.007911185,-0.007117799,-0.010630519,-0.012288637,-0.0050693955,0.0028417893
2023-09-13,-0.0044023674,-0.002027096,0.0132207945,-0.0012991708,0.0061035464,0.010505914
2023-09-14,-0.008105322,-0.0032051117,-0.008104598,-0.01700723,-0.004602974,0.003502348
2023-09-15,0.003054673,0.0061166296,0.0068726274,0.004335177,-0.00198371,-0.0050383834
2023-09-18,-0.0019666692,0.008667383,-0.0020967654,-0.00985761,-0.0059772176,-0.0040105483
2023-09-19,-0.0061791665,-0.0059452513,-0.00032245993,-0.009658641,-0.021050371,-0.014871204
2023-09-20,-0.0066456837,0.004311955,-0.008441962,-0.00564947,-0.005769551,0.00087613286
2023-09-21,0.018612575,0.017233502,0.018432034,0.0045186374,0.018511157,-0.0001014173
2023-09-22,-0.0059375744,-0.0068177315,-0.0016506158,-0.007885979,-0.007089828,-0.0011522537
2023-09-25,-0.004416692,-0.006526041,-0.005304338,-0.004224187,-0.0054076877,-0.0009909957
2023-09-26,0.0104185715,0.011297818,0.0073867366,0.003745147,0.007871425,-0.0025471468
2023-09-27,0.005817611,-0.0030118595,-0.00879707,-0.003417391,-0.005921926,-0.011739537
2023-09-28,0.00088688236,-0.0009451184,-0.0077346144,0.004881533,0.0033717647,0.0024848823
2023-10-09,-0.010600355,-0.0028132587,-0.0022458355,-0.0011692074,-0.004098341,0.0065020146
2023-10-10,0.006202408,-0.00071747747,0.004210953,0.011499435,0.0022300119,-0.0039723963
2023-10-11,-0.004832595,0.00022219427,0.0029490306,0.0010236619,0.009954469,0.014787065
2023-10-12,-0.0048277415,-0.007128408,-0.0047388324,0.0014078153,-0.012501589,-0.0076738475
2023-10-13,-0.018706003,-0.011718914,-0.009337842,-0.0048206127,-0.013034172,0.005671831
2023-10-16,-0.0013339221,0.0020560808,0.00273383,0.001033166,-0.004879038,-0.0035451157
2023-10-17,-0.013844975,-0.014362328,-0.012632474,-0.003924937,-0.012297851,0.0015471242
2023-10-18,-0.0065231584,-0.01449157,-0.018743679,-0.012864238,-0.010584764,-0.004061606
2023-10-19,-0.009601211,-0.005624482,-0.006977613,-0.0067798174,-0.0015485573,0.008052654
2023-10-20,-0.016589731,-0.014870981,-0.016408125,-0.015072116,-0.009363651,0.0072260797
2023-10-23,0.017088471,0.015366911,0.010328348,0.01384117,0.022514274,0.0054258034
2023-10-24,-0.0132544,-0.01044335,-0.0032796958,-0.0061640725,-0.014708607,-0.0014542071
2023-10-25,0.0060334075,0.003965423,-0.0038032413,0.016895585,-0.00085409626,-0.006887504
2023-10-26,0.023806095,0.021412648,0.024181476,0.011036357,-0.00028233882,-0.024088435
2023-10-27,0.030095287,0.018504037,0.007326461,-0.002952861,0.0059613637,-0.024133923
2023-10-30,-0.002107104,-0.004780298,-0.0016727028,0.0023910303,7.304433e-05,0.0021801484
2023-10-31,-0.0074289152,-0.004817262,-0.0040059546,-0.003442685,-0.0044100853,0.00301883
2023-11-01,-0.0065474147,-0.008880084,-0.010945096,-0.00039892533,-0.009087756,-0.0025403416
2023-11-02,0.02295835,0.0074353064,0.013772864,0.011244946,0.022261366,-0.0006969832
2023-11-03,0.015644591,0.015526789,-0.000389645,0.0047538234,0.0071058655,-0.008538726
2023-11-06,0.004334469,-0.0009895841,-0.0016303442,0.004558512,0.0013989264,-0.0029355425
2023-11-07,0.004114519,-0.0014213207,-0.002009506,-0.007261701,-0.0018967863,-0.0060113054
2023-11-08,-0.0064159594,0.0026246049,0.0045854077,-0.0014102352,-0.0072245696,-0.0008086101
2023-11-09,0.0013340458,-0.00029414333,1.7517246e-05,-0.00035747065,0.0034481892,0.0021141435
2023-11-10,0.0030926475,0.0054828515,-0.0014127361,-0.0015732113,-0.0044657816,-0.007558429
2023-11-13,0.010528254,0.00935728,0.0047408193,0.0047116303,0.013861046,0.0033327918
2023-11-14,-0.0055790776,-0.0061234133,0.0027181553,0.00018261634,-0.004647147,0.0009319307
2023-11-15,-0.010108261,-0.011194085,-0.00217357,-0.010459763,-0.016853077,-0.006744816
2023-11-16,0.0008558098,-0.00048135448,-0.0010160911,0.008336757,0.0075406013,0.0066847913
2023-11-17,0.004060813,0.007256861,0.0015986324,0.005737561,0.00506436,0.0010035466
2023-11-20,-0.0071149645,0.000880401,-0.0074851215,-0.0074872924,-0.0146628115,-0.007547847
2023-11-21,-0.009219988,-0.0124127,-0.0016059087,-0.009849846,-0.012769945,-0.0035499567
2023-11-22,0.000988203,0.004800654,0.0037531056,0.0076000043,0.009002324,0.008014121
2023-11-23,-0.008082326,-0.0047106855,-0.008578102,-0.00882661,-0.0123658255,-0.0042835
2023-11-24,-0.0031469935,-0.0027165595,-0.002509702,-0.007264546,-0.0010741301,0.0020728633
2023-11-27,0.004793816,0.0015524792,0.0038956753,0.0047729337,0.01042154,0.005627724
2023-11-28,-0.009374342,-0.008627657,-0.0038588569,-0.0026857876,-0.013077384,-0.003703042
2023-11-29,0.0012738612,-0.00030350577,-0.0011509726,-0.0038283179,-0.0026563294,-0.0039301906
2023-11-30,0.009407816,0.0009302002,-0.0019152106,-0.003479234,0.005501655,-0.0039061615
2023-12-01,-0.0070220223,-0.010310599,-0.010040512,-0.00702052,-0.004835453,0.0021865694
2023-12-04,-0.019589236,-0.014874355,-0.01859553,-0.017226819,-0.018548066,0.0010411702
2023-12-05,0.0022021402,-0.00080212206,0.006532445,0.0057769855,0.0020559854,-0.00014615478
2023-12-06,-0.0012957422,0.0017563145,-0.00084860955,0.0049960506,0.0028938819,0.004189624
2023-12-07,0.0012962207,-0.0017571745,-0.0097230505,-0.0025736126,-0.008778954,-0.010075174
2023-12-08,0.014995894,0.012782996,0.009694692,0.009879494,0.027860632,0.012864738
2023-12-11,-0.012593445,0.0029843936,-0.0028783923,0.0009831332,0.002558541,0.015151987
2023-12-12,-0.0038787453,-0.0095565785,-0.01154689,-0.008144069,-0.006819978,-0.0029412326
2023-12-13,-0.0087252455,-0.0046881046,-0.0029823733,-0.008981688,-0.00559416,0.0031310855
2023-12-14,-0.009804417,-0.008174492,-0.005998719,-0.007880184,-0.012706709,-0.0029022917
2023-12-15,-0.010520443,-0.012843146,-0.004540053,-0.003226161,-0.008404471,0.0021159723
2023-12-18,0.00782306,-0.00061474997,0.001445695,-0.0005271019,0.00435753,-0.0034655305
2023-12-19,-0.013956381,-0.013211412,-0.008845862,-0.012520865,-0.014878464,-0.0009220829
2023-12-20,0.015307008,0.010103638,0.010191164,0.0153841,0.0040771905,-0.011229818
2023-12-21,-0.0019812007,-0.00059808744,0.0011655455,-0.001616001,0.00020056916,0.0021817698
2023-12-22,-0.001965805,0.0003458361,0.0010308861,0.00733604,0.0029496707,0.004915476
2023-12-25,-0.01002487,-0.0059933113,-0.0074080713,-0.00839224,-0.014484167,-0.0044592973
2023-12-26,0.0018168174,-0.00023600063,0.0028415665,0.0043646437,0.005604691,0.0037878733
2023-12-27,0.036083188,0.022527983,0.020657094,0.022479141,0.01901652,-0.017066669
2023-12-28,0.006086607,0.007161459,0.0028514434,0.006867026,0.006217292,0.00013068505
2023-12-29,-0.017942501,-0.01021486,-0.0072770114,-0.0086956015,-0.0037606307,0.014181871
2024-01-02,-0.00683543,-0.0022400143,-0.0031605486,-0.0021439157,-0.0061663305,0.0006690994
2024-01-03,-0.011079271,-0.0076111956,-0.010034366,-0.0053865258,-0.011578663,-0.0004993919
2024-01-04,-0.011258554,-0.013066781,-0.010955813,-0.010355163,-0.012516901,-0.0012583472
2024-01-05,-0.017669585,-0.012650811,-0.008804989,-0.012089037,-0.013528173,0.0041414117
2024-01-08,0.00067851436,-0.0052054534,-0.00411965,0.0007007091,-0.0009637415,-0.0016422558
2024-01-09,-0.0071615013,0.00063210557,-0.00079697475,-0.0011609523,-0.00093923835,0.006222263
2024-01-10,0.014643348,0.008392174,0.007164404,0.010529806,0.0052333386,-0.009410009
2024-01-11,-0.007085152,-0.011873496,-0.0041876906,-0.0016595456,-0.0039644623,0.0031206897
2024-01-12,-0.004693699,-0.0020343931,-0.0029722888,0.0018662584,-0.0003741503,0.0043195486
2024-01-15,0.0028425136,0.0058637224,0.0010156818,-0.0017613851,0.0026934296,-0.00014908402
2024-01-16,-0.025447238,-0.027613588,-0.023504574,-0.021752622,-0.026158445,-0.00071120635
2024-01-17,0.00963421,0.01138981,0.014024038,0.0070642354,0.011852174,0.0022179643
2024-01-18,-0.0040367222,-0.00544577,-0.0061596343,-0.001735535,-0.010291399,-0.006254677
2024-01-19,-0.03223212,-0.03659496,-0.01665054,-0.038725685,-0.032858714,-0.0006265938
2024-01-22,0.015306862,0.011974385,0.0115904715,0.018280858,0.016691115,0.0013842527
2024-01-23,0.009012186,0.00081526744,0.011772258,0.013924649,0.0012815094,-0.007730677
2024-01-24,0.020495024,0.021895956,0.018699517,0.026687805,0.028145552,0.007650528
2024-01-25,-0.0061017787,-0.015649486,-0.0029712373,-0.0009617361,0.0011666287,0.0072684074
2024-01-26,-0.024224041,-0.031754892,-0.022654999,-0.030341305,-0.015780412,0.008443629
2024-01-29,-0.019532993,-0.014659853,-0.018927826,-0.018719839,-0.028182263,-0.008649269
2024-01-30,-0.016638985,-0.017058065,-0.015837656,-0.014641975,-0.029220829,-0.012581844
2024-01-31,0.0053110686,0.0024634618,0.0031297086,-0.0021286327,0.007436787,0.0021257182
2024-02-01,-0.025073085,-0.024132133,-0.022722932,-0.024466608,-0.04090221,-0.015829124
2024-02-02,-0.020147003,-0.0047009476,0.0048287245,-0.008502072,-0.029489541,-0.009342538
2024-02-05,0.06857334,0.054828137,0.049434815,0.05359732,0.069662936,0.0010895953
2024-02-06,0.02687309,0.027704248,0.023412006,0.028857725,0.03091017,0.0040370803
2024-02-07,0.026207611,0.008452118,0.013203557,0.015787778,0.01872879,-0.00747882
2024-02-08,-0.0060245297,0.0038974183,-0.0013148529,0.0043943697,0.004774809,0.010799339
2024-02-19,0.00029454267,-0.003759868,-0.0028689753,0.006400645,0.003628279,0.0033337364
2024-02-20,0.01213063,0.014294252,0.011253573,0.009818771,0.010272557,-0.0018580733
2024-02-21,0.015682245,0.009625349,0.0080555035,0.0092190495,0.021979433,0.006297188
2024-02-22,0.010367966,0.0015961837,0.008340622,5.7150028e-05,-0.0026747314,-0.013042698
2024-02-23,-0.00048128748,-0.004325299,-0.010833792,-0.00943593,-0.018594988,-0.0181137
2024-02-26,0.03504492,0.028558537,0.016516864,0.023000266,0.010083793,-0.024961127
2024-02-27,-0.05143754,-0.031489715,-0.020327883,-0.016614795,-0.008015949,0.043421593
2024-02-28,0.052177947,0.033167806,0.028640904,0.0242697,0.017429288,-0.03474866
2024-02-29,0.010797681,0.010144084,0.008526571,0.0050884644,0.005419065,-0.0053786165
2024-03-01,-0.0019656708,-0.0033039628,-0.0005855672,-0.0028537528,0.0048132245,0.0067788954
2024-03-04,-0.0035779672,0.0039487667,0.0025426035,-0.0022376818,-0.00052604394,0.0030519231
2024-03-05,-0.0015983449,0.0024466247,0.0024309312,0.008283725,0.0020961342,0.0036944791
2024-03-06,-0.0030109268,-0.01730855,-0.01087942,-0.0050750505,-0.015401557,-0.01239063
2024-03-07,0.0015900114,0.008278714,0.0047794525,0.010551944,0.014375143,0.012785131
2024-03-08,-0.0014091209,0.010772301,0.03417129,0.026981954,0.029704228,0.031113349
2024-03-11,0.0023242836,0.000322723,-0.003118243,-0.0063345875,0.0010310449,-0.0012932387
2024-03-12,-0.008346906,-0.0011758335,-0.0049697175,-0.0021365774,-0.0033168062,0.0050301
2024-03-13,-0.0031616287,-0.0002272607,-0.0067444732,-0.012740545,-0.0091484785,-0.00598685
2024-03-14,0.005099484,0.0040585175,0.011817094,0.0106299,0.012098163,0.006998679
2024-03-15,0.008883495,0.010023735,0.010800706,0.011494266,0.010518693,0.0016351985
2024-03-18,-0.008058181,-0.002893658,-0.011479426,-0.007590208,-0.009914564,-0.0018563829
2024-03-19,0.002366562,0.004401873,0.008513963,0.0044467263,0.005622018,0.0032554562
2024-03-20,0.00037229588,-0.0032875496,-0.004856853,-0.0033792278,-0.012948954,-0.01332125
2024-03-21,-0.011151602,-0.013609997,-0.014931403,-0.014852422,-0.012230328,-0.0010787267
2024-03-22,0.0012484773,-0.0024680845,-0.015808059,-0.015545473,-0.014744839,-0.015993316
2024-03-25,0.0042334218,-0.004415568,0.0005972715,0.0019641775,-0.005564097,-0.009797519
2024-03-26,-0.015185959,-0.01401205,-0.01706197,-0.029108804,-0.025110636,-0.009924677
2024-03-27,0.004173676,0.007799555,0.01213225,0.018726343,0.016968574,0.012794899
2024-03-28,0.0038520885,0.011688365,0.00769577,0.014414122,0.012101133,0.008249044
2024-03-29,0.017371206,0.02427311,0.014456864,0.015460346,0.015629077,-0.0017421283
2024-04-01,-0.0021831256,-0.0051755994,-0.009181442,-0.004422076,-0.0025157828,-0.00033265725
2024-04-02,-0.0023508298,-0.0072338935,-0.006144506,-0.004933874,-0.0045656716,-0.0022148418
2024-04-03,-0.008972868,-0.012912743,-0.00811985,-0.0066390894,-0.014963035,-0.005990166
2024-04-08,-0.0007306298,0.002623891,0.0035645235,0.00019781513,0.011563474,0.012294104
2024-04-09,-0.020541096,-0.016492499,-0.01618014,-0.008634185,-0.01180969,0.008731406
2024-04-10,0.011013986,-0.00046254502,0.0077082613,0.008670012,0.0033391602,-0.0076748254
2024-04-11,-0.013146902,-0.0058269966,-0.012758521,-0.01362884,-0.0058857407,0.0072611617
2024-04-12,0.010636365,0.012466841,0.0075684804,0.0096986,0.0083059445,-0.0023304205
2024-04-15,-0.013137557,-0.0076681576,-0.022014871,-0.011572013,-0.023574237,-0.01043668
2024-04-16,0.01982735,0.015823176,0.016930498,0.023035862,0.020852866,0.0010255165
2024-04-17,-0.007382381,0.0021099187,-0.0017898922,0.0007010172,-0.0031041228,0.004278258
2024-04-18,-0.01024,-0.010469707,-0.010102331,-0.009101441,-0.0024516357,0.007788364
2024-04-19,-0.0022506423,0.0032143802,0.0011893392,-0.009542912,-0.009745545,-0.0074949022
2024-04-22,-0.0016797294,-0.00022698351,-0.003420802,-0.009949172,-0.017644335,-0.015964605
2024-04-23,0.00821783,0.0028119916,0.007522418,0.0023827814,0.002679064,-0.0055387663
2024-04-24,0.005228222,0.004766264,0.006075599,-0.0001453051,0.0045885085,-0.00063971337
2024-04-25,0.025277922,0.025719022,0.012249859,0.028181238,0.014105572,-0.01117235
2024-04-26,0.026507728,0.007480774,0.027411625,0.01220178,0.014164873,-0.012342854
2024-04-29,-0.0011269059,0.009613767,0.004000987,0.006190851,0.0070846663,0.008211572
2024-04-30,0.008369042,0.0005448153,0.0013414159,0.0026898654,0.00036163122,-0.00800741
2024-05-06,-0.0052098553,0.0025499102,-0.0016400664,0.001617513,-0.0004085481,0.0048013073
2024-05-07,-0.009774689,-0.010573915,-0.0037228493,-0.0066759745,-0.011147973,-0.0013732845
2024-05-08,0.021221895,0.00954454,0.019264618,0.016160773,0.017583359,-0.0036385357
2024-05-09,-0.01803561,-0.018149512,-0.0032783507,0.0013413073,-0.0102813095,0.0077543
2024-05-10,0.00019546464,-0.000476229,0.0051655616,0.003202157,-0.0013002413,-0.0014957059
2024-05-13,-0.0044387477,-0.0025516215,-0.003785242,0.0006045012,-0.0034116867,0.0010270609
2024-05-14,-0.007493026,-0.006599566,-0.0036355588,-0.0064200605,-0.005553144,0.0019398821
2024-05-15,-0.0016360537,-0.0031844154,0.0036829012,0.0011763804,-0.004356749,-0.0027206952
2024-05-16,0.02004766,0.01199099,0.013429955,0.007656114,0.010601817,-0.009445844
2024-05-17,-0.001074071,-0.00060835923,0.003884857,0.0032417178,0.006496012,0.0075700833
2024-05-20,-0.010467784,-0.00422951,-0.0020005973,0.00086762535,-0.002926178,0.0075416053
2024-05-21,0.0061984314,0.00031296277,-0.00030278496,0.0035925168,-0.003182939,-0.009381371
2024-05-22,-0.018622665,-0.016193323,-0.013319057,-0.010891605,-0.012717218,0.0059054466
2024-05-23,-0.0059631,-0.011413084,-0.008240219,-0.0050286036,-0.011615487,-0.0056523867
2024-05-24,0.007830537,0.009176683,0.0069133625,0.009375735,0.007208154,-0.00062238285
2024-05-27,-0.0069591054,-0.008042687,-0.0025094198,-0.008861605,-0.0025974656,0.0043616397
2024-05-28,-0.0003106693,0.0008547397,-0.00041659642,0.00085613906,0.003050055,0.003360724
2024-05-29,-0.0020588515,-0.0008135264,0.0007512407,0.0025755991,0.00012755743,0.002186409
2024-05-30,-0.00029274242,-0.0014427996,-0.004627503,-0.005140667,-0.004969186,-0.0046764435
2024-05-31,0.0027689498,0.0028143944,-0.00074826786,-0.006173052,-0.0037220737,-0.0064910236
2024-06-03,0.00902045,0.0086908,0.018601986,0.007843906,0.005754808,-0.0032656416
2024-06-04,0.00087732985,-0.0019178288,-0.0061632865,-0.010645847,-0.007723697,-0.008601027
2024-06-05,-0.0135912765,-0.0045205317,-0.008504014,-0.0049148365,-0.0046678595,0.008923417
2024-06-06,-0.010451258,-0.0077715237,-0.003058034,-0.008095257,-0.012179851,-0.0017285924
2024-06-07,-0.0030350825,-0.0043294462,-0.000976474,0.0008546631,0.012944294,0.015979376
2024-06-11,0.0015837402,0.0025403127,0.004149947,0.0023876769,0.009493982,0.007910242
2024-06-12,-0.008105419,-0.014646502,-0.00487829,-0.00087090465,-0.0048168832,0.0032885354
2024-06-13,0.007228949,0.004751912,0.0012749601,-0.0019369109,0.0012922386,-0.0059367106
2024-06-14,0.0059171747,0.00042298198,0.0018643225,0.0055854353,-0.0025586472,-0.008475821
2024-06-17,0.005060888,0.0066274703,0.0027121445,0.009442032,0.0014635923,-0.0035972956
2024-06-18,-0.0179073,-0.008492656,-0.0087948665,-0.008819284,-0.0051994883,0.012707811
2024-06-19,-0.0022778776,-0.010856769,-0.0060697086,-0.015850043,-0.008795186,-0.0065173083
2024-06-20,-0.0061728903,-0.005699993,-0.0032201833,-0.0006450843,-0.0040757013,0.002097189
2024-06-21,-0.018197984,-0.006248772,-0.012483004,-0.010538413,-0.019744495,-0.0015465114
2024-06-24,-0.0036991697,-0.010594743,-0.011617655,-0.012232298,-0.019404624,-0.015705453
2024-06-25,0.014223944,0.008252068,0.010529783,0.013383383,0.017544566,0.0033206213
2024-06-26,-0.010223437,-0.011058337,-0.012341542,-0.0100228805,-0.015348279,-0.005124842
2024-06-27,-0.004604655,0.005363877,0.009422515,0.0055503207,0.00330265,0.007907305
2024-06-28,0.0028735138,0.009597018,0.010014992,-0.0016968676,0.00475208,0.0018785661
2024-07-01,-0.0038059996,-0.0049573663,-0.004379088,-0.003377478,-0.011654692,-0.007848692
2024-07-02,-0.0073396,-0.0016977758,-0.0044287057,-0.004122298,-0.00025999773,0.007079602
2024-07-03,-0.015891237,-0.0104300305,-0.011285212,-0.013150963,-0.007964981,0.007926256
2024-07-04,0.0058135274,-0.002727746,-0.005928864,-0.0020702302,0.007061712,0.0012481846
2024-07-05,-0.01172036,-0.011770711,-0.011064019,-0.014216307,-0.0065569365,0.0051634237
2024-07-08,0.019210855,0.01791294,0.010250086,0.008467374,0.012428526,-0.0067823287
2024-07-09,0.014699678,0.008942022,9.649532e-05,0.011330636,0.00036016997,-0.014339508
2024-07-10,0.0035950823,0.00886329,0.005946299,0.006451232,0.011635568,0.008040486
2024-07-11,-0.00086452375,1.595504e-05,-0.0075134737,0.0022033441,0.00084267417,0.0017071979
2024-07-12,-0.0028095113,-0.0009629916,0.0011625261,-0.0100849625,0.0018963899,0.0047059013
2024-07-15,0.007965647,0.006900027,0.0074057085,0.012364408,0.016983757,0.00901811
2024-07-16,0.002621923,0.001484397,-0.012971317,-0.014380008,-0.013790643,-0.016412565
2024-07-17,0.0083719175,0.008502611,0.001013477,0.005919297,0.00231443,-0.006057488
2024-07-18,0.013992878,0.009255406,0.0068144463,0.010091083,0.0077423425,-0.006250535
2024-07-19,-0.007143719,-0.006505579,-0.006628163,-0.0065276343,-0.0015636033,0.005580116
2024-07-22,-0.025996089,-0.019749356,-0.028751878,-0.025418669,-0.024190696,0.001805393
2024-07-23,-0.011736857,-0.008157195,-0.012228341,-0.010235539,-0.01340973,-0.0016728733
2024-07-24,-0.00042306824,0.0012042174,0.00070800754,-0.0014668113,0.0066419775,0.0070650456
2024-07-25,0.003397341,0.006051957,0.0042779534,0.016870143,0.007967009,0.0045696683
2024-07-26,-0.007924244,-0.011897996,-0.008473599,-0.0068972274,-0.005790884,0.0021333597
2024-07-29,-0.0055886707,-0.000938382,-0.0017514174,-0.0028442168,0.0073070894,0.01289576
2024-07-30,0.03231357,0.024402572,0.034253146,0.031224644,0.03223501,-7.855892e-05
2024-07-31,-0.00902707,-0.010761037,-0.018634291,-0.009647411,-0.010614613,-0.0015875427
2024-08-01,-0.003345074,-0.0095435595,-0.0070007765,-0.016706958,-0.0125756655,-0.009230591
2024-08-02,-0.008319951,-0.005946452,-0.012451118,-0.016488563,-0.007236292,0.0010836585
2024-08-05,-0.002792912,-0.000275088,0.002766754,0.002001802,-0.001253775,0.0015391371
2024-08-06,-0.00022080261,0.0045842035,-0.0064850487,-0.0029814176,-0.0051842197,-0.004963417
2024-08-07,0.0074356594,0.006719242,-0.0021171425,0.0067667435,0.004401238,-0.0030344212
2024-08-08,-0.0057370802,-0.011876905,-0.0070581078,-0.0072171204,-0.014531763,-0.008794683
2024-08-09,-0.00048963045,-0.0009319184,-0.0032852201,-0.005852172,0.00035768477,0.0008473152
2024-08-12,0.00251337,-0.00030763447,0.004891678,0.0025949522,0.004991353,0.002477983
2024-08-13,-0.011243824,-0.011329506,-0.0071779643,-0.010709023,-0.00547875,0.005765074
2024-08-14,0.01143193,0.010037335,0.009085647,0.008464768,0.012264255,0.0008323258
2024-08-15,0.0019270336,-0.003482781,-0.004928711,-0.0010181135,-0.0056560235,-0.007583057
2024-08-16,-0.001366962,0.004402255,0.002523506,0.0033922757,0.0012120708,0.002579033
2024-08-19,-0.017444242,-0.009682804,-0.018518738,-0.014075201,-0.017543929,-9.9686906e-05
2024-08-20,-0.0031133385,-0.0006797941,-0.002797193,0.0013356138,0.0008736757,0.0039870143
2024-08-21,-0.0063825436,-0.005953469,-0.011479058,-0.0073079458,-0.014903114,-0.008520571
2024-08-22,0.0039865295,0.00013826409,0.0010296889,0.010591726,-0.0015982011,-0.0055847308
2024-08-23,0.0016331472,0.00064444443,-0.0005590038,-0.0027730672,-0.0020506263,-0.0036837736
2024-08-26,-0.0041761445,-0.008897796,-0.013329438,-0.0046005487,-0.010893152,-0.0067170076
2024-08-27,-0.0010775218,-0.0059053972,-0.0028916234,-0.004943959,-0.00030491152,0.0007726103
2024-08-28,0.001886731,0.004239673,0.010504444,0.010086482,0.01251279,0.010626059
2024-08-29,0.014735546,0.016839327,0.017863253,0.020522213,0.0086680725,-0.0060674734
2024-08-30,-0.011767389,-0.02088907,-0.020573698,-0.013185402,-0.021899076,-0.010131687
2024-09-02,-0.0027072486,0.0026097072,0.005810243,0.0020855584,0.003057953,0.0057652015
2024-09-03,-0.00019217338,0.0016880314,0.0005327242,-0.004674424,0.0038675484,0.0040597217
2024-09-04,0.0017225672,0.009918101,0.00081703527,0.0027261265,-0.0029439665,-0.004666534
2024-09-05,-0.014772607,-0.019891912,-0.016192893,-0.015598413,-0.013895741,0.0008768663
2024-09-06,-0.010259716,-0.0034894028,-9.064097e-07,-0.0018966098,-0.004812779,0.005446937
2024-09-09,-0.0017269083,-0.0021153623,-0.0036436734,-0.0038043987,-0.0043309038,-0.0026039956
2024-09-10,-0.0019646522,0.007081538,0.012861896,0.004989664,0.006028737,0.007993389
2024-09-11,-0.0051999255,-0.0024645603,-0.0035302364,-0.0025514863,-0.0050690584,0.00013086712
2024-09-12,-0.00618725,-0.004851512,-0.012506124,-0.0063246414,-0.008441941,-0.002254691
2024-09-13,0.004795613,0.00402575,0.0062364815,0.0024907722,0.004301393,-0.0004942198
2024-09-18,0.0057231346,0.007591995,0.009050536,0.00605693,0.00791583,0.0021926956
2024-09-19,-0.0029636677,-0.001427801,-0.0006174329,-0.002402462,-0.00028976542,0.0026739023
2024-09-20,0.011475991,0.0039918823,0.008857096,0.0071857083,0.011145156,-0.00033083558
2024-09-23,0.049894623,0.04873667,0.04661292,0.04041117,0.04021257,-0.009682052
2024-09-24,-0.00082918216,0.007910554,0.00045940414,0.0014348354,-0.0058055874,-0.0049764053
2024-09-25,0.048865393,0.06270845,0.049081266,0.059434444,0.081881,0.03301561
2024-09-26,0.067737564,0.10512367,0.12547448,0.11114053,0.08064928,0.012911715
2024-09-27,0.1907289,0.20211823,0.19026491,0.15062681,0.21933445,0.02860555
2024-09-30,-0.088171646,0.003822011,-0.061454844,-0.024765573,-0.049402643,0.038769003
2024-10-08,-0.085666075,-0.08450129,-0.038937192,-0.062243786,-0.0639979,0.021668173
2024-10-09,-0.03707691,-0.03064177,-0.0021297485,-0.006509412,0.022470746,0.059547655
2024-10-10,-0.02403894,-0.038346656,-0.024401832,-0.027866848,-0.028868545,-0.004829604
2024-10-11,0.030430883,0.016645193,0.009294194,0.013597463,0.014039569,-0.016391315
2024-10-14,-0.041741952,-0.035655078,-0.029844793,-0.027878676,-0.026514173,0.01522778
2024-10-15,0.0126290005,0.008872578,0.0045191445,0.013140507,0.01264493,1.5929341e-05
2024-10-16,-0.021703508,-0.014950793,-0.012243675,-0.010911654,-0.017041517,0.0046619903
2024-10-17,0.077690296,0.045872252,0.06067027,0.0460079,0.049926598,-0.027763698
2024-10-18,-0.00016585075,-0.0044304966,-0.00615527,0.00550024,0.0071893167,0.0073551675
2024-10-21,0.009842083,0.008510505,0.009806373,0.0010529419,0.010957513,0.0011154301
2024-10-22,-0.008389526,0.0024297815,0.0019466241,-0.0033416552,-0.0025609704,0.0058285557
2024-10-23,-0.0058582276,-0.009521089,-0.0006751264,-0.009481928,0.001786845,0.0076450724
2024-10-24,0.028863423,0.008559243,0.0042358404,0.011736566,0.024776561,-0.0040868614
2024-10-25,0.0041718325,0.005807116,0.009279463,0.008711875,0.0009072211,-0.0032646114
2024-10-28,-0.02309348,-0.017052505,-0.016104473,-0.014843075,-0.022698082,0.0003953986
2024-10-29,0.0076729995,-0.004135339,-0.0021805433,-0.0015206086,-0.004187747,-0.011860747
2024-10-30,0.009079479,0.00013018632,-0.0022000344,0.0012778466,0.0036436054,-0.0054358733
2024-10-31,0.007144844,-0.01121852,-0.0175809,-0.012627586,-0.0019472858,-0.00909213
2024-11-01,0.0036007885,0.006867377,0.01436932,0.025196787,0.028362354,0.024761565
2024-11-04,0.043737013,0.033894736,0.02151056,0.019957412,0.048928656,0.005191643
2024-11-05,-0.018806243,-0.012198504,-0.007061581,-0.009650368,-0.0071089366,0.011697307
2024-11-06,0.060345896,0.052005436,0.03545233,0.03711901,0.035782,-0.024563897
2024-11-07,-0.032286905,-0.01932832,-0.021166597,-0.012344251,-0.020913668,0.011373237
2024-11-08,0.02121841,0.0016630016,0.013872131,0.0353679,0.033489976,0.012271566
2024-11-11,-0.022557484,-0.016450834,-0.013402782,-0.012691071,-0.015691342,0.006866142
2024-11-12,0.0020377757,0.010999466,0.0024964048,0.009240106,0.011175998,0.009138222
2024-11-13,-0.01871698,-0.014942886,-0.03152195,-0.030525934,-0.033225793,-0.014508814
2024-11-14,-0.00413532,-0.018156864,-0.022589609,-0.023024887,-0.028744068,-0.024608748
2024-11-15,-0.0046970625,-0.0058941375,-0.016746618,-0.018722147,-0.012528039,-0.007830976
2024-11-18,0.001151023,0.011705303,0.014397663,0.013460418,0.01819155,0.017040526
2024-11-19,0.008104999,0.0048098005,0.001766197,0.009396364,0.009261462,0.0011564633
2024-11-20,-0.001720051,0.0014557545,-0.00020424527,0.0006881684,0.00022687411,0.0019469252
2024-11-21,-0.03221445,-0.031170554,-0.032470513,-0.02722265,-0.035091463,-0.002877012
2024-11-22,-0.006505452,-0.009066081,-0.003561796,-0.0077008936,-0.0064760773,2.9374845e-05
2024-11-25,-0.008854407,-0.0025009084,-0.0070496,-0.0044793673,-0.0051998543,0.0036545526
2024-11-26,0.027966363,0.02792411,0.016220266,0.013872477,0.021911731,-0.0060546324
2024-11-27,-0.009901228,-0.011925861,-0.010867301,-0.01061743,-0.0045066434,0.005394585
2024-11-28,0.022297751,0.021685116,0.01779987,0.011815289,0.0077286237,-0.014569128
2024-11-29,0.015899623,0.005200767,0.016830891,0.009246474,0.012088941,-0.0038106814
2024-12-02,-0.0024504373,-0.0020646183,-0.0035920597,0.0035059093,0.0017173298,0.0041677672
2024-12-03,-0.014905376,-0.015616365,-0.012035591,-0.0059789484,-0.003942078,0.010963298
2024-12-04,0.0073613804,0.005646028,0.005018466,-0.0009300798,0.0022528756,-0.0051085046
2024-12-05,0.012255947,0.013950914,0.012938483,0.014636583,0.012510907,0.0002549598
2024-12-06,0.038491648,0.03868692,0.03387195,0.02481967,0.027774014,-0.010717634
2024-12-09,-0.039684948,-0.029238582,-0.036169842,-0.022477163,-0.024135897,0.015549051
2024-12-10,0.0024469916,0.0009599413,0.009090972,0.0028225975,0.0041893804,0.0017423888
2024-12-11,0.0026737535,0.0043537263,0.0034272678,0.0026627728,0.0047415383,0.0020677848
2024-12-12,-0.018526074,-0.016729193,-0.015408398,-0.016796447,-0.022654254,-0.0041281804
2024-12-13,-0.013966252,-0.015170202,-0.014325308,-0.006109506,-0.0048192055,0.009147046
2024-12-16,0.0024222068,-0.0022055237,-0.002160064,0.0008304154,-0.0052333274,-0.007655534
2024-12-17,-0.0025081264,-0.004646861,-0.0038735224,-0.0035611158,-0.001003966,0.0015041605
2024-12-18,0.015830478,0.011629721,0.0047915773,0.00021780404,0.0055419733,-0.010288505
2024-12-19,0.0019660902,0.0005643631,0.0067960666,0.00054213614,-0.0039129574,-0.0058790473
2024-12-20,-0.013523358,-0.011434229,-0.005917861,-0.008672086,0.0027540661,0.016277425
2024-12-23,0.01031534,0.010738168,0.009978579,0.013251573,0.013263015,0.002947675
2024-12-24,-0.009684108,-0.0053954693,-0.007027582,-0.0039266977,-0.0007934767,0.008890632
2024-12-25,0.009739775,0.013547311,0.0023907665,-0.00019639035,-0.0026993817,-0.012439157
2024-12-26,-0.0019654585,-0.010695127,0.0020339624,0.0012260831,-7.905842e-05,0.0018864
2024-12-27,0.00042558854,0.00017216333,0.004347736,0.002804738,0.0002908383,-0.00013475024
2024-12-30,-0.0116930865,-0.018041054,-0.016136339,-0.03219739,-0.033326812,-0.021633726
2024-12-31,-0.02505768,-0.028266449,-0.030526586,-0.029551525,-0.031226894,-0.006169213
2025-01-02,-0.018294362,-0.010747349,-0.0075637484,-0.025314828,-0.022246988,-0.003952626
2025-01-03,0.0013339136,-0.0034458437,0.001151045,-0.0046760826,-0.006190826,-0.00752474
2025-01-06,0.004865316,0.0046576494,0.0064544887,0.008642661,0.012463175,0.0075978586
2025-01-07,-0.0058120564,-0.0009577677,-0.0004540375,-0.0037936699,-0.007079862,-0.0012678057
2025-01-08,-0.0039374474,0.0031624394,0.0013381287,0.004973561,0.004977788,0.008915235
2025-01-09,-0.022296648,-0.01722568,-0.02013104,-0.017295202,-0.027074577,-0.004777929
2025-01-10,0.0018092603,0.004449675,0.009238099,0.012283448,0.015076775,0.013267515
2025-01-13,0.020991916,0.023970934,0.032913722,0.03140244,0.03693076,0.015938843
2025-01-14,-0.0005108488,0.0002530156,-0.0068325894,-0.0018413936,-0.0013749951,-0.0008641463
2025-01-15,0.001784099,-0.0037111056,-0.003985261,-0.0055056857,-0.009804536,-0.011588635
2025-01-16,0.0074839764,0.014005791,0.016606117,0.011367402,0.020253323,0.012769347
2025-01-17,-0.0044705495,0.0022251813,0.009336979,0.013103768,0.0030261502,0.0074966997
2025-01-20,-0.004024613,-0.0065835705,-0.0075596566,-0.0039084125,-0.006146947,-0.0021223337
2025-01-21,-0.0040107165,0.004457947,0.004913774,0.0025045436,0.0048651192,0.008875836
2025-01-22,-0.008243912,-0.009886417,-0.010764995,-0.010434699,-0.009158439,-0.0009145271
2025-01-23,0.010357874,0.014646027,0.021672137,0.013367085,0.015281553,0.004923679
2025-01-24,0.0002888576,-0.0062144785,-0.0058871894,-0.0032028467,-0.009102245,-0.009391103
2025-01-27,-0.014345174,-0.0063980576,-0.008037846,-0.006076612,-0.007023346,0.0073218276
2025-02-05,0.009867949,0.023890385,0.019387988,0.0305196,0.026224887,0.016356938
2025-02-06,0.013391716,0.014289438,0.016337635,0.016315382,0.016465535,0.003073819
2025-02-07,0.008375327,0.004124592,0.0044309045,0.004053344,0.0058217067,-0.0025536204
2025-02-10,-0.011888883,-0.0087573165,-0.004896288,-0.0069235135,-0.013772234,-0.0018833512
2025-02-11,0.013639752,0.0103776585,0.008556837,0.009339997,0.020697711,0.007057959
2025-02-12,-0.0071470705,-0.0047434443,-0.0029468848,-0.005706713,-0.015853692,-0.008706622
2025-02-13,0.007302068,0.0065634847,0.0068116086,0.015247043,0.019485107,0.0121830385
2025-02-14,-0.0018951499,-0.0012865742,-0.00044528872,-0.0022105086,0.0030070622,0.004902212
2025-02-17,-0.007403991,-0.010374973,-0.016935665,-0.01901364,-0.02055528,-0.013151289
2025-02-18,-0.0009007691,0.010863861,0.0125679,0.020193566,0.027303252,0.028204022
2025-02-19,-0.0023843674,0.003078167,0.0041584847,0.0063924035,0.003964332,0.0063486993
2025-02-20,0.008260715,0.0031517823,0.0069088303,0.020882394,0.027804434,0.019543719
2025-02-21,-0.0059613786,0.00084123877,-0.0063762595,-0.015570482,-0.01793891,-0.011977531
2025-02-24,-0.00544103,-0.0026668748,-0.0046495525,0.004197536,0.013831856,0.019272886
2025-02-25,0.009070884,0.016796933,0.0071900776,0.012236932,0.012297405,0.0032265205
2025-02-26,-0.0012728467,0.0028064807,-0.006940099,-0.00729054,-0.015603486,-0.0143306395
2025-02-27,-0.009530209,-0.012188513,-0.02192993,-0.02885994,-0.031691756,-0.022161547
2025-02-28,-0.0052015954,0.004858055,-2.9743183e-05,-0.0036389346,-0.013883207,-0.008681612
2025-03-03,0.0014369995,0.00016881176,0.0066274684,0.011503891,0.023030393,0.021593394
2025-03-04,0.0028454957,0.0056995447,-0.0007585801,0.006432001,0.01262082,0.009775324
2025-03-05,0.0044035893,0.007576777,0.010729451,0.01374015,0.013916398,0.009512809
2025-03-06,0.0050114375,-0.0019534796,0.0013653974,-0.0067673214,-0.008984919,-0.013996356
2025-03-07,-0.0050556296,-0.010307503,-0.005786591,-0.01193895,-0.014466168,-0.009410539
2025-03-10,0.008102932,0.009258984,0.007784852,0.017459132,0.014962345,0.0068594133
2025-03-11,-0.0039906655,0.000121667836,-0.0034892885,-0.0044270097,-0.007845741,-0.0038550752
2025-03-12,0.0023669007,0.0072900997,-0.008626633,-0.016213749,-0.012959869,-0.015326769
2025-03-13,0.018827775,0.0120748235,0.02370966,0.023147784,0.026309982,0.0074822064
2025-03-14,0.00079600216,-0.0020265905,0.0013436443,-0.0024927184,-0.0007248162,-0.0015208183
2025-03-17,-0.00070060696,-0.0007815684,-0.0011712324,0.00052838004,-0.00069326814,7.338822e-06
2025-03-18,0.003940964,-0.0021911378,-0.0025466804,-0.0019362634,-0.0040828893,-0.008023853
2025-03-19,-0.007857155,-0.009551905,-0.0068575637,-0.0075707925,-0.0090066,-0.0011494448
2025-03-20,-0.007966963,-0.010472126,-0.016665932,-0.021749098,-0.016347907,-0.008380945
2025-03-21,0.002694875,0.004004668,-0.00066591764,0.004006349,-0.001958608,-0.0046534827
2025-03-24,0.0034029633,0.0051927255,-0.006066771,-0.0075616906,-0.0052674003,-0.008670364
2025-03-25,-0.0027198207,-0.0019601681,-0.0074754106,-0.000563961,-0.000913056,0.0018067646
2025-03-26,0.0028051054,-0.0033209748,0.0035449974,0.0033833396,0.0060007633,0.0031956579
2025-03-27,-0.0063723675,-0.008377707,-0.010686249,-0.0117866155,-0.0118895,-0.005517132
2025-03-28,-0.0044520423,-0.009805215,-0.0018548733,-0.0021056607,-0.0055730385,-0.0011209962
2025-03-31,0.0049625174,0.002919131,-0.003453929,-0.0015582513,-0.0016044219,-0.0065669394
2025-04-01,-0.005584767,-0.0047362065,-0.0043970277,-0.0056105843,-0.008409107,-0.00282434
2025-04-02,-0.02213075,-0.04185038,-0.04844209,-0.053557254,-0.05175881,-0.02962806
2025-04-03,-0.06483261,-0.045672152,-0.042510487,-0.03734438,-0.048085943,0.01674667
2025-04-07,-0.019861607,-0.010905517,0.026658734,-0.0065319166,0.0013357273,0.021197334
2025-04-08,0.050422583,0.017032787,0.031292006,0.03779635,0.06676384,0.016341258
2025-04-09,-0.01043809,0.0024144438,0.008482258,-0.0016370517,-0.0031176747,0.007320415
2025-04-10,0.04675525,0.0013194139,0.0111414725,0.0030989547,0.03160396,-0.015151292
2025-04-11,0.0012185752,0.00017788517,0.0051440997,-0.001274263,-0.0091350535,-0.010353629
2025-04-14,-0.0014605934,-0.0010801142,-0.004560228,-0.0061192745,-0.0057869405,-0.0043263473
2025-04-15,-0.0074229,0.00040072863,-0.0033063497,-0.0058314013,-0.01031707,-0.0028941706
2025-04-16,0.0022237848,0.00023806987,0.0018278102,0.0057874955,0.0021491735,-7.461128e-05
2025-04-17,-0.0010809348,-0.00096355466,0.0032518748,0.003446242,-0.0004676929,0.00061324186
2025-04-18,0.0010304417,0.015599062,0.01235253,0.009406462,0.013732282,0.012701841
2025-04-21,0.0044278693,0.0010373782,-0.0008775492,0.005308238,0.0060714367,0.0016435673
2025-04-22,-0.0003940717,-0.002193266,0.00054893125,-0.0015611298,-0.000111266454,0.00028280527
2025-04-23,-0.0006725495,0.00047874684,-0.007827371,-0.0028738321,-0.0042097187,-0.0035371692
2025-04-24,-0.003315498,-0.0024527856,0.0037493163,0.0018394385,0.0012525169,0.0045680148
2025-04-25,-0.004933945,-0.0024785008,-0.006977979,-0.0062251636,-0.0065745907,-0.0016406458
2025-04-28,0.00067003386,-0.000450038,-1.7290222e-06,0.005379053,0.004017374,0.00334734
2025-04-29,0.0065186247,0.0049299398,0.0017552089,0.014881491,0.010372408,0.003853783
2025-04-30,0.020435542,0.02134809,0.020050347,0.022078399,0.026779989,0.006344447
2025-05-06,-0.0014342763,-0.011719837,-0.0058886455,-0.006689315,-0.01695304,-0.015518764
2025-05-07,0.012071493,0.006681241,0.005472794,0.0052021164,0.0093716895,-0.0026998036
2025-05-08,-0.0003993846,0.0006426895,0.00037795503,-0.0013367743,-0.0078031775,-0.007403793
2025-05-09,0.016978655,0.005156487,0.016950289,0.019674981,0.018066086,0.0010874309
2025-05-12,-0.006551025,0.00017023351,-0.0005784065,-0.008823646,-0.012546969,-0.0059959437
2025-05-13,0.0062535615,0.003992106,0.004638352,0.004921847,0.004064816,-0.0021887454
2025-05-14,-0.010188203,-0.0065922337,-0.0024941778,-0.011499554,-0.015094861,-0.004906658
2025-05-15,-0.005266904,-0.01452418,-0.0027156135,-5.0884264e-05,0.00078763854,0.0060545425
2025-05-16,0.006845341,-0.0006573633,0.005094953,-0.0013140218,0.0009854245,-0.0058599166
2025-05-19,0.0023199597,0.0032331448,0.0047866018,0.0061398083,0.0059242365,0.0036042768
2025-05-20,0.00094512425,0.0044160113,0.006912083,0.003883151,-0.00268061,-0.0036257342
2025-05-21,-0.003361529,-0.0047623618,-0.0062930887,-0.0049498747,-0.005755613,-0.0023940841
2025-05-22,-0.010559145,-0.008796188,-0.0074316524,-0.00853699,-0.009400778,0.0011583669
2025-05-23,0.0007324398,-0.0032847696,0.0006391834,-0.004794241,-0.0022961518,-0.0030285916
2025-05-26,-0.0022038359,-0.006929829,0.0004468896,-0.0026287353,-0.0059867203,-0.0037828845
2025-05-27,-0.003015118,-0.0035477635,0.0020762307,-0.0027829614,-0.003515198,-0.00050007994
2025-05-28,0.011244129,0.0077893874,0.003996244,0.01184921,0.0074471245,-0.003797005
2025-05-29,-0.006582869,-0.0019057298,-0.0035898779,-0.008360441,-0.011101961,-0.004519092
2025-05-30,0.002382473,0.0067681056,0.0048407745,0.007671126,0.0038121352,0.0014296621
2025-06-03,0.007365403,0.004563174,0.0032064551,0.009199879,0.0039254,-0.0034400034
2025-06-04,0.0084682815,0.008537803,-0.0011327175,0.0025425844,0.009366519,0.00089823734
2025-06-05,-0.00030606575,-0.0011460967,0.0029865946,-0.000569654,0.0012556332,0.001561699
2025-06-06,0.0074913106,0.00391444,0.0012694895,0.007849281,0.0031606075,-0.004330703
2025-06-09,-0.010479142,-0.005929691,-0.005305391,-0.0011144636,-0.012921233,-0.0024420908
2025-06-10,0.00534982,0.0067048855,0.007099341,0.006441187,0.0024934018,-0.0028564183
2025-06-11,0.0004049948,-0.0018941384,-0.00047723163,-0.0006505262,0.0014780792,0.0010730844
2025-06-12,-0.0071894918,-0.008590324,-0.0059449254,-0.0034381864,-0.008426368,-0.0012368765
2025-06-13,0.008777277,0.0040122382,0.0065065986,0.0042683026,0.0034493029,-0.0053279735
2025-06-16,-0.0006635761,-0.004583928,-0.0017218504,-0.0020169606,-0.002942604,-0.0022790278
2025-06-17,0.00074872014,0.0015438326,-0.004641499,0.001051471,0.0010375218,0.00028880162
2025-06-18,-0.011435167,-0.011750555,-0.0022509992,-0.009056157,-0.007943486,0.003491681
2025-06-19,-0.008074891,-0.0076659424,-0.0045831446,3.785477e-06,-0.00523014,0.0028447509
2025-06-20,0.010018286,0.00907772,0.0012144423,0.0073169004,0.0085182525,-0.0015000338
2025-06-23,0.01873355,0.022072548,0.017821543,0.010757759,0.015150364,-0.0035831863
2025-06-24,0.019020034,0.018228743,0.013801628,0.0065458436,0.014984652,-0.0040353816
2025-06-25,-0.0048215534,-0.0019095767,-0.0019809287,-0.0018046247,0.0011329694,0.0059545226
2025-06-26,0.0031041321,-0.00054181647,-0.005125378,0.0030781212,3.6672147e-05,-0.00306746
2025-06-27,0.010642694,0.010581177,0.004818984,0.006326532,0.008688692,-0.0019540023
2025-06-30,-0.0028414929,-0.0043957424,0.0014146818,0.0030162008,0.00031899082,0.0031604837
2025-07-01,-0.0011497563,-0.008266076,0.005098087,0.0029247208,-0.004380499,-0.0032307426
2025-07-02,0.0076794922,0.003225987,-0.0013813917,0.0063037747,0.008205868,0.00052637607
2025-07-03,-0.007638702,-0.0023289965,-0.003106292,0.0071714823,0.000140614,0.007779316
2025-07-04,-0.00042591424,-0.0040820963,-0.0018655227,-0.0006118597,-0.001921087,-0.0014951727
2025-07-07,0.018118417,0.011437916,0.0082650725,0.0063711205,0.019779395,0.0016609784
2025-07-08,-0.00462452,-0.0009029626,0.0021047513,-0.0062359385,-0.0014716398,0.0031528801
2025-07-09,0.00865366,0.0051250714,0.008146465,0.0022758343,0.006436976,-0.0022166842
2025-07-10,0.008366819,0.0043240925,0.0037086522,0.006148974,0.0018048609,-0.0065619578
2025-07-11,-0.0012574713,9.5151016e-05,0.002925784,-0.0022939295,0.0016932306,0.0029507019
2025-07-14,-0.003157518,-0.0013570513,0.00046350027,0.0032532383,0.00021598012,0.0033734983
2025-07-15,-0.00057840033,0.0007320645,-0.00032941933,-0.0014849444,-0.0006088833,-3.0482945e-05
2025-07-16,0.0086938115,0.009086445,0.012884288,0.005744945,0.021168275,0.012474463
2025-07-17,0.004618832,0.0070724413,0.019291807,0.0044007087,-0.0017909275,-0.0064097596
2025-07-18,0.005120964,0.004189795,0.00668735,0.018588299,0.0063071176,0.0011861539
2025-07-21,0.012516679,0.015470209,0.009616116,0.013674415,0.009746035,-0.0027706446
2025-07-22,0.001020845,-0.0050453315,-0.020070044,-0.0036997434,-0.006366252,-0.007387097
2025-07-23,0.0057995366,0.008410527,0.019040901,0.017335044,0.01688609,0.011086554
2025-07-24,0.004058521,-0.0010534254,-0.011247762,0.0014129903,-0.003357852,-0.007416373
2025-07-25,1.6434687e-05,-0.00084326277,6.986747e-05,0.007425578,0.0034973186,0.003480884
2025-07-28,0.004244445,0.0033788867,0.00924829,0.0083277505,0.013753239,0.009508794
2025-07-29,-0.0058272965,-0.009432001,-0.004675456,-0.0100185685,-0.012017552,-0.0061902553
2025-07-30,-0.010836642,-0.012581799,-0.011243333,-0.01840438,-0.01660496,-0.0057683177
2025-07-31,-0.0026462162,-0.0058908784,-0.007441306,-0.0074552097,-0.005691902,-0.0030456856
2025-08-01,0.008522685,0.01173027,0.008902242,0.013540279,0.011383274,0.002860589
2025-08-04,0.006934197,0.0037766807,0.0018823079,0.0038889777,0.0027322532,-0.004201944
2025-08-05,0.0051646116,0.008706354,0.012137003,0.006039003,0.013054576,0.007889964
2025-08-06,-0.00094214187,-0.0034504544,-0.005968451,-0.00291013,-0.0061137932,-0.0051716515
2025-08-07,0.003878083,-0.0005868682,0.007688502,-0.0017496825,-0.0054879263,-0.009366009
2025-08-08,0.004845794,0.009162842,0.009989264,0.008742827,0.015849726,0.011003932
2025-08-11,0.004130916,-0.00062612724,0.004912245,0.0126719335,0.008412402,0.004281486
2025-08-12,0.010850157,0.009155295,0.014580301,0.021926505,0.013599218,0.0027490612
2025-08-13,-0.008821066,-0.008042552,-0.008279543,-0.012725903,-0.011508361,-0.002687296
2025-08-14,0.015123363,0.019403685,0.022534609,0.015502506,0.03070681,0.015583447
2025-08-15,0.013542283,0.006535067,0.009965658,0.018908635,-0.0016634456,-0.015205729
2025-08-18,-0.0055787177,-0.0063970326,-0.003520287,-0.0073606665,-0.0062507484,-0.0006720307
2025-08-19,0.013494106,0.0113387685,0.01684381,0.010891865,0.019463368,0.0059692618
2025-08-20,0.0012655393,0.0030821813,-0.0016539794,-0.004119441,-0.0051397663,-0.0064053056
2025-08-21,0.011850788,0.016289996,0.02699404,0.035431027,0.063158266,0.051307477
2025-08-22,0.00876059,0.010468185,0.019613784,0.012023001,0.010119671,0.0013590809
2025-08-25,0.004306674,-0.0009714094,-0.0041315635,-0.004359308,-0.0003765987,-0.004683273
2025-08-26,-0.00903791,-0.021489676,-0.018415108,-0.01928084,-0.012623955,-0.0035860445
2025-08-27,0.011755072,0.014040796,0.017310232,0.036268547,0.033001013,0.021245942
2025-08-28,0.0073233373,0.010690171,0.002809352,0.01224996,0.020566462,0.013243124
2025-08-29,0.014223384,-0.0011577513,0.003835305,0.004548813,0.007695328,-0.0065280558
2025-09-01,-0.026054345,-0.008220361,-0.008599945,-0.00402719,-0.015121986,0.010932359
2025-09-02,-0.010244977,-0.017606946,-0.006238615,-0.012525752,-0.0036477644,0.0065972125
2025-09-03,-0.0054330835,-0.018082859,-0.015854906,-0.038007293,-0.04137173,-0.035938647
2025-09-04,0.0142807085,0.0349396,0.034271955,0.051807478,0.049801104,0.035520397
2025-09-05,0.0037646198,0.00031986178,-0.0070664166,-0.0027689529,-0.0046803597,-0.00844498
2025-09-08,-0.00039189917,-0.009918329,-0.00095175125,-0.0130963,-0.009706556,-0.009314656
2025-09-09,0.0007737607,-0.007394285,-0.0031357543,0.008991335,0.0027113033,0.0019375426
2025-09-10,0.019341482,0.022199685,0.022838749,0.034685284,0.05109823,0.03175675
2025-09-11,0.010570854,-0.0023902904,-0.0036007995,0.00090534304,-0.0069014747,-0.017472329
2025-09-12,-0.002327823,-0.0029371292,0.006886106,0.00023296278,0.0077498835,0.010077707
2025-09-15,0.0038116015,0.0071956944,-0.008117335,0.0034565611,9.864517e-05,-0.0037129563
2025-09-16,0.011616576,0.0066324323,0.01371622,0.0062418445,0.0150121935,0.003395617
2025-09-17,-0.005893586,-0.014047582,-0.014308338,-0.011264406,-0.013368107,-0.007474521
2025-09-18,0.00333863,-0.0009353027,0.0035966106,0.0010872032,-0.0027088942,-0.0060475245
2025-09-19,-0.005314484,-0.0013644691,0.006659479,0.010056302,0.01820886,0.023523344
2025-09-22,-0.013554659,-0.0070915367,-0.0037159054,-0.014611921,-0.0066548036,0.006899855
2025-09-23,0.022271914,0.010826133,0.01334769,0.02883995,0.033021525,0.01074961
2025-09-24,-0.00065173325,0.00020247512,-0.0012909826,0.0049900757,0.011344355,0.011996088
2025-09-25,-0.017759867,-0.006881511,-0.002458549,-0.0066955094,-0.013184328,0.0045755394
2025-09-26,0.01076365,0.010339287,0.021070791,0.01902944,0.02788993,0.01712628
2025-09-29,0.029023094,0.008763069,0.005491675,0.0008795238,0.008506745,-0.020516349
2025-09-30,0.0019523901,0.008473482,0.004808679,0.01052299,0.008148763,0.006196373
2025-10-09,-0.06652979,-0.012993791,-0.042496547,-0.046376485,-0.05862358,0.00790621
2025-10-10,0.011732337,0.012138941,0.049211077,0.046306513,0.03694053,0.025208194
2025-10-13,-0.016714869,-0.0060300673,-0.010893438,-0.036873944,-0.047592126,-0.030877257
2025-10-14,0.0068829507,0.011598514,0.012823097,0.016113047,0.012976971,0.006094021
2025-10-15,0.0053802705,0.00086128595,-0.0046182876,-0.002622738,0.0032525817,-0.0021276888
2025-10-16,-0.00837701,-0.011333896,-0.020646226,-0.016185913,-0.024511402,-0.016134392
2025-10-17,0.0054857437,0.0037452034,0.0017968372,0.00023594324,0.00022406556,-0.0052616782
2025-10-20,0.013992717,0.0078652315,0.009024444,0.0126585355,0.0066659977,-0.007326719
2025-10-21,-0.0035709639,-0.0038385633,-0.0041080876,-0.0023203776,-0.0051279077,-0.0015569439
2025-10-22,0.010666986,0.004798659,0.0071603917,0.008105548,0.01632656,0.0056595737
2025-10-23,0.044912733,0.021654766,0.0064864447,0.011231932,0.019067157,-0.025845576
2025-10-24,-0.005268831,0.0044700545,0.0051828586,0.0051166667,0.004708735,0.009977566
2025-10-27,0.003931195,0.002297304,-0.0014314515,-0.0044096177,-0.0045032674,-0.008434462
2025-10-28,0.019235643,0.015868349,0.0043849954,0.009542805,0.021542922,0.002307279
2025-10-29,-0.0132385045,-0.015619133,-0.008548503,-0.0104155615,-0.0067102625,0.006528242
2025-10-30,-0.0183623,-0.008727162,-0.0010889213,-0.0128717795,-0.010315317,0.008046984
2025-10-31,0.00064386474,0.0004943726,-2.6439695e-05,0.0040227324,0.006315364,0.0056714993
2025-11-03,-0.033322614,-0.013770134,-0.02327255,-0.016500259,-0.017125886,0.016196728
2025-11-04,0.023363095,0.012388677,0.016302146,0.011978557,0.025452362,0.0020892676
2025-11-05,0.009741396,0.008152083,0.002641517,0.01177486,0.014459991,0.004718595
2025-11-06,0.010304174,0.0037252607,0.0010782242,0.0015016899,0.0012422941,-0.00906188
2025-11-07,-0.0040752077,0.0067448094,0.0030883662,0.00024618214,-0.0013506095,0.0027245982
2025-11-10,-0.012703971,-0.0038147538,-0.014617271,-0.021553345,-0.02133243,-0.008628459
2025-11-11,0.0053796656,-0.0035988046,0.00016482698,-0.005055167,-0.004729312,-0.010108978
2025-11-12,0.0071589705,0.016522648,0.00637216,0.011504987,0.009962781,0.0028038109
2025-11-13,-0.0068082223,-0.011071448,-0.010163063,-0.010028232,-0.01730848,-0.010500257
2025-11-14,-0.007880432,-0.0060910117,-0.0016397085,0.00071169087,-0.004790079,0.0030903528
2025-11-17,-0.010348731,-0.008272464,-0.0042410945,-0.01180842,-0.008393446,0.0019552847
2025-11-18,0.0071326774,-0.00085984194,0.005508942,0.010559587,0.010970865,0.003838188
2025-11-19,-0.0074606175,-0.017847477,-0.017455135,-0.031617314,-0.035872426,-0.02841181
2025-11-20,-0.010220005,-0.013783956,-0.023815189,-0.023846896,-0.024583835,-0.01436383
2025-11-21,0.0007691004,0.009240875,0.0062358193,0.009466756,0.0014331136,0.0006640132
2025-11-24,0.0024060134,0.0045295013,0.006417319,0.0051930016,0.0040678596,0.0016618462
2025-11-25,-0.000956263,-0.001618956,0.004590182,0.022493048,0.014833516,0.015789779
2025-11-26,-0.0035658877,-0.00140414,0.0011933777,-0.009322768,-0.002438997,0.0011268908
2025-11-27,0.0026761384,0.0057369308,0.007396619,0.014235611,0.015622969,0.01294683
2025-11-28,0.009223812,0.0037496416,0.0054684365,0.011731287,0.0065581,-0.002665712
2025-12-01,-0.004303504,-0.00359431,-0.0060267136,-0.009233047,-0.007404253,-0.003100749
2025-12-02,0.00035501277,-0.0045318683,0.0029449444,-0.0066393535,-0.008448135,-0.008803148
2025-12-03,-0.0019319792,-0.012357691,0.0016582436,0.007824149,0.009377699,0.011309679
2025-12-04,0.0042074993,0.013874535,0.02064142,0.0113687655,0.012901777,0.008694278
2025-12-05,-0.0033394254,0.003208553,0.011697583,0.0076163253,0.020905845,0.02424527
2025-12-08,-0.0079625975,-0.012782896,-0.007881552,0.0033328333,-0.0015570229,0.0064055747
2025-12-09,0.0026762497,0.006955133,0.0028173933,0.006821265,0.0036701495,0.0009938998
2025-12-10,-0.011708528,-0.007989298,-0.0131118735,-0.011669239,-0.008990902,0.0027176253
2025-12-11,0.0061510014,-7.441407e-05,0.0013348823,0.0069521917,-0.00025599397,-0.0064069955
2025-12-12,-9.821247e-05,-0.0026735773,-0.00018203293,-0.015907511,-0.010638323,-0.01054011
2025-12-15,-0.0064346674,-0.010018788,-0.015110853,-0.017127687,-0.018116374,-0.011681706
2025-12-16,0.006267594,0.013879345,0.011842143,0.015310177,0.02215979,0.015892196
2025-12-17,0.0031493767,0.0024899775,-0.0016258613,0.0011471307,-0.0033693647,-0.006518741
2025-12-18,0.0050998633,0.014481676,0.007117053,0.00550574,0.007458017,0.002358154
2025-12-19,0.00014601946,0.0022836225,0.008422636,0.010777248,0.018402418,0.018256398
2025-12-22,0.00077475474,-0.0030089004,-0.0044833124,0.0053508193,0.006072431,0.005297676
2025-12-23,0.0028333052,0.004765408,0.0083000865,0.00717512,0.008745652,0.0059123468
2025-12-24,0.0030234747,0.0052921763,6.275481e-05,0.0099062035,0.0022392964,-0.00078417826
2025-12-25,0.003516045,0.004384204,0.005162016,0.0062487787,0.0062112613,0.0026952163
2025-12-26,-0.0055948934,-0.0066017574,-0.0030417931,-0.015115145,-0.009204771,-0.003609878
2025-12-29,0.014639626,0.0021846497,0.0061944625,0.0043443725,0.011861386,-0.0027782405
2025-12-30,-0.003540053,-0.0018377887,0.0020800233,-0.0037575993,0.0037753102,0.0073153633
2025-12-31,0.018168595,0.009387966,0.02299268,0.018595586,0.021062996,0.0028944016
2026-01-05,0.013054765,0.014588594,0.02174838,0.01585456,0.025669612,0.012614847
2026-01-06,-0.009182538,-0.0057637123,-0.0052815164,0.0063947784,-0.0038550224,0.0053275153
2026-01-07,0.002751724,-0.00595741,-0.0003061972,0.0050592176,-0.004055578,-0.006807302
2026-01-08,0.011264938,0.009348967,0.015337764,0.015522229,0.019175816,0.007910878
2026-01-09,0.011394188,0.0066552246,0.011585207,0.016840683,0.0148234265,0.0034292387
2026-01-12,-0.02029058,-0.007494665,-0.008185547,-0.010354564,-0.012697677,0.0075929025
2026-01-13,-0.004422537,-0.008363182,-0.0031132838,0.0020957147,-0.0007353489,0.003687188
2026-01-14,0.0024949296,0.0061319233,0.013381684,0.009515415,0.019353298,0.01685837
2026-01-15,-0.008568574,-0.007969683,-0.0063610496,-0.0058804695,-0.011433299,-0.002864725
2026-01-16,0.0015100046,-0.00072511623,0.007462032,0.0036135544,0.009397541,0.007887537
2026-01-19,-0.0072550573,-2.0016567e-05,-0.008341491,-0.019649174,-0.015390573,-0.008135516
2026-01-20,0.013171257,0.004513643,0.005415588,0.017642193,0.023727976,0.010556718
2026-01-21,-0.00085009285,0.00013753795,0.0032265217,0.0025858108,0.0027467404,0.0035968332
2026-01-22,0.0034525539,-0.0041340007,0.012467201,0.016521541,0.019140333,0.015687779
2026-01-23,-0.014281113,0.00057059317,0.0042120335,-0.016086105,-0.017440023,-0.0031589102
2026-01-26,0.0064357757,-0.010228527,-0.0004557597,0.003487154,0.015959231,0.009523455
2026-01-27,0.0043078572,-0.0027011158,-0.00196344,0.00095174805,0.0029307022,-0.0013771551
2026-01-28,-0.0052121403,0.010671162,0.000386709,-0.011688723,-0.025576707,-0.020364568
2026-01-29,-0.02471412,-0.017417973,-0.009605236,0.00017469807,-0.0123414025,0.012372717
2026-01-30,-0.0046146247,-0.011523908,-0.014764572,-0.019181825,-0.014768841,-0.010154216
2026-02-02,-0.0003268847,0.009334529,0.013044698,0.009188485,0.019624941,0.019951826
2026-02-03,0.0047006183,0.00982294,0.0048845303,-0.005301292,-0.001709015,-0.0064096334
2026-02-04,-0.006749442,-0.008146976,-0.014018908,-0.021653749,-0.022296969,-0.015547527
2026-02-05,0.011977626,0.009170335,0.007618106,0.02253545,0.028902782,0.016925156
2026-02-06,0.0057648825,0.004711585,0.013184527,0.011059386,0.010492223,0.004727341
2026-02-09,0.0016625264,0.00020136611,0.0013014373,-0.0033580456,-0.0019191247,-0.003581651
2026-02-10,-3.6793837e-05,0.0008362676,0.005287812,0.00018812137,-0.0045203436,-0.00448355
2026-02-11,-0.005715725,-0.00079007074,0.00020346518,0.0063327807,0.0050465334,0.010762258
2026-02-12,0.00068021414,-0.0014136658,-0.003113808,0.0030748388,0.0051211547,0.0044409405
2026-02-13,0.001275343,0.005339563,0.002256928,0.001541205,0.004848393,0.0035730503
2026-02-24,0.007829481,0.008454869,0.009890436,0.015215637,0.006629381,-0.0012000999
2026-02-25,-0.005207015,-0.0050306134,0.0018322043,-0.00977949,-0.0085532535,-0.0033462383
2026-02-26,0.008713429,0.0058254446,-0.0007989197,-0.0037947174,0.0072793537,-0.0014340752
2026-02-27,-0.0047171116,0.005784918,-6.087817e-05,0.0066471617,0.014555222,0.019272335
2026-03-02,-0.026742203,-0.027081817,-0.040582225,-0.042253554,-0.03271002,-0.0059678163
2026-03-03,0.0025017085,0.0024717236,0.017901719,0.008505545,0.015444202,0.012942494
2026-03-04,-0.0049929377,-0.005820283,-0.0075194268,-0.0017177858,-0.006436152,-0.0014432142
2026-03-05,-0.0043990132,0.013782833,-0.0037414627,0.0076990807,-0.0053043272,-0.000905314
2026-03-06,0.003444962,-0.00054775417,0.0031617214,0.012575364,0.010590055,0.007145093
2026-03-09,0.00940881,0.010739475,0.011138773,0.010927471,0.01172506,0.0023162495
2026-03-10,-0.0031876692,0.001549717,0.0043514427,0.004836088,0.0142774945,0.017465163
2026-03-11,-0.010758413,-0.005561625,-0.004777165,-0.0034747068,-0.0006510066,0.010107406
2026-03-12,-0.0042761737,-0.0041854847,-0.0052540125,-0.0066561433,-0.0062361048,-0.001959931
2026-03-13,0.004268571,-0.0010413865,0.010386166,0.00025744294,-0.010527995,-0.014796566
2026-03-16,-0.007833052,-0.01110678,-0.007073013,-0.019948263,-0.018945945,-0.011112893
2026-03-17,0.0034183874,-0.010822339,-0.0041267285,-0.0034277998,-0.003084473,-0.00650286
2026-03-18,-0.00785456,-0.011074587,-0.015722767,-0.0019545073,-0.009720195,-0.0018656347
2026-03-19,-0.012477506,-0.017274285,-0.020973658,-0.020433769,-0.0052781086,0.0071993973
2026-03-20,-0.020302705,-0.02577826,0.0034974297,-0.017042268,-0.0137450555,0.00655765
2026-03-23,0.013886239,0.010671031,-0.008478319,0.006578532,0.00835779,-0.005528449
2026-03-24,0.007795947,0.012352082,0.014272577,0.012371116,0.013142068,0.005346121
2026-03-25,-0.015820298,-0.024965078,-0.018560387,-0.023936892,-0.019369103,-0.0035488047
2026-03-26,0.010551641,0.010499643,0.005445946,0.006192284,0.007879207,-0.0026724339
2026-03-27,0.0061004553,0.008004446,0.0056601292,0.0068306904,0.00342092,-0.0026795352
2026-03-30,-0.0055628517,-0.009864232,-0.0011834117,0.0040224306,-0.008484198,-0.002921346
2026-03-31,0.0043198075,0.0012894527,0.001174595,-0.0027232715,0.0011041734,-0.0032156343
2026-04-01,-0.012690318,-0.004026166,-0.013423648,-0.013468951,-0.010543228,0.0021470897
2026-04-02,-0.011203949,-0.011482806,-0.00753865,-0.012212491,-0.012987114,-0.0017831642
2026-04-03,0.017836273,0.016389284,0.00822508,0.02084429,0.023135887,0.0052996147
2026-04-07,0.017497865,0.021475533,0.015656035,0.022344913,0.016853891,-0.00064397417
2026-04-08,-0.00080689363,-0.0021755504,0.002614874,0.006209263,0.013087464,0.013894357
2026-04-09,0.0038443995,-0.00034843566,0.0028558406,0.015563448,0.014891686,0.011047287
2026-04-10,0.006741108,0.011467941,0.020465221,0.014537776,0.018394597,0.0116534885
2026-04-13,0.013382419,0.0106095355,0.008622623,0.012659206,0.016639378,0.003256959
2026-04-14,-0.016854307,-0.0106657995,-0.00190509,-0.002971397,-0.0062643476,0.010589959
2026-04-15,0.013923536,0.015140703,0.003517733,0.01418085,0.008635845,-0.005287691
2026-04-16,0.01002776,0.0005221118,0.0014342478,-0.0038815073,-0.00022109639,-0.010248856
2026-04-17,0.0072759273,0.0076194033,0.0030197108,0.007972474,0.003403848,-0.0038720793
2026-04-20,-0.0020651834,-0.008016215,-4.6042376e-05,0.003483636,-0.0010266418,0.0010385416
2026-04-21,0.050620586,0.016781507,0.0042827013,0.0036774734,0.011702534,-0.038918052
2026-04-22,-0.040746182,-0.011628545,-0.0024078777,0.00060130446,-0.014860724,0.025885459
2026-04-23,-0.00060088997,-0.0014842391,-0.009758957,0.0048682904,0.0020545956,0.0026554856
2026-04-24,-0.0009187746,-0.0021923548,-0.00073537225,0.0033454038,0.003438361,0.0043571354
2026-04-27,-0.006233495,0.01126278,-0.01187689,-0.005570106,-0.015322368,-0.009088872
2026-04-28,0.017812716,0.009056256,0.018087441,0.023602955,0.026130106,0.00831739
2026-04-29,0.0098588765,0.004854103,-0.00079784053,0.007989662,0.031576242,0.021717366
2026-04-30,0.0152638685,0.009848086,0.012277859,0.024208913,0.022164071,0.0069002025
2026-05-06,-0.0011515323,-0.006703794,0.0006277165,0.00083780714,-0.0047503468,-0.0035988144
2026-05-07,0.008476489,-0.0029901997,0.0068387277,0.005839117,0.0043772333,-0.004099256
2026-05-08,0.016611947,0.010740796,0.012829829,0.019145261,0.017882675,0.0012707282
2026-05-11,-0.008415895,-0.0045617693,-0.009260062,-0.011663806,-0.014102431,-0.0056865364
2026-05-12,0.02407799,0.004416323,0.027488641,0.023269359,0.02742288,0.0033448916
2026-05-13,-0.031442434,-0.014579921,-0.026590811,-0.029213186,-0.026769299,0.0046731345
2026-05-14,-0.017529657,-0.011385523,-0.0126726115,-0.010916544,-0.017622419,-9.276159e-05
2026-05-15,-0.0030801564,-0.0077649546,0.0021682414,0.0009968731,0.009664498,0.012744655
2026-05-18,-0.0018175072,0.002452525,0.007375559,0.011105759,0.0041130036,0.005930511
2026-05-19,0.018671598,0.0041001276,-0.0036751037,0.002938924,0.02598413,0.0073125325
2026-05-20,-0.016559687,-0.015503297,-0.021875322,-0.01870799,-0.032221094,-0.015661407
2026-05-21,0.0072289654,-0.00023454576,0.01723446,0.025226275,0.026241321,0.019012356
2026-05-22,-0.009453706,0.00284308,0.013782492,0.00406609,0.0247102,0.034163907
2026-05-25,0.00491457,0.005082574,-0.0016012334,0.000666621,0.004624928,-0.00028964225
2026-05-26,-0.0124756945,-0.015033599,-0.01356152,-0.012801828,-0.010998476,0.0014772182
2026-05-27,-0.0038575907,-0.003910827,0.008573659,0.016320372,0.025657197,0.029514788
2026-05-28,-0.010320097,-0.00071304233,-0.00686896,-0.013506628,-0.037463143,-0.027143046
2026-05-29,0.0014557963,-0.0019837231,0.0064931116,-0.011275968,-0.029242732,-0.030698529
2026-06-01,-0.00779932,-0.0023765257,-0.00037634466,0.011552512,0.029301295,0.037100613
2026-06-02,0.0012400041,-0.008177218,-1.1144031e-05,0.00011888216,0.0019583413,0.00071833725
2026-06-03,-0.00928822,-0.007971368,-0.0030871779,0.0012162384,0.009282095,0.018570315
2026-06-04,-0.027102614,-0.01215078,-0.017724745,-0.037274256,-0.06269274,-0.035590127
2026-06-05,-0.0053048823,-0.0045726853,-0.004253355,-0.0073833214,0.02336306,0.028667942
2026-06-08,0.0020857626,-0.005301642,0.004723446,0.008732885,0.0063808444,0.004295082
2026-06-09,-0.002690014,-0.006410002,-0.0019444063,-0.012440626,-0.014923872,-0.012233859
2026-06-10,0.03421236,0.00081469474,-0.0010600443,0.010346313,0.009036716,-0.025175642
2026-06-11,0.001957554,0.017516524,0.021507334,0.009008402,0.006298508,0.004340954
2026-06-12,0.021678168,-0.0015249776,0.025600191,0.02223676,0.016906327,-0.0047718417
2026-06-15,0.003352252,-0.0054855486,-0.0021073916,-0.0016487935,-0.004696349,-0.008048601
2026-06-16,0.014706739,0.003005098,0.003748428,0.0076342775,0.010800994,-0.0039057452
2026-06-17,0.030007094,-5.608867e-05,-0.0027399762,0.014415717,-0.007938837,-0.03794593
2026-06-18,0.013354247,0.018890986,0.016293343,0.017081324,0.02798539,0.014631143
2026-06-22,-0.03950004,-0.022007657,-0.02147154,-0.023954323,-0.027332922,0.012167117
2026-06-23,0.044645388,0.0077031413,0.0034833222,0.0018816591,0.00077643816,-0.043868948
2026-06-24,0.014031049,0.0023461273,0.002987089,0.0011271972,0.0028721665,-0.011158883
2026-06-25,-0.025228266,-0.028687028,-0.0154023,-0.025122536,-0.02133756,0.0038907062
2026-06-26,0.029624054,0.014348005,0.007649481,0.0050523737,0.0043639764,-0.025260078
2026-06-29,0.032164786,0.0028226243,0.005151201,0.015587913,0.019604536,-0.01256025
2026-06-30,-0.02501514,0.008839798,-0.005717756,-0.0017274483,-0.017195048,0.007820092
2026-07-01,-0.029340615,-0.01275394,-0.012213587,-0.02438312,-0.018399185,0.010941431
2026-07-02,0.006403769,0.012961653,0.008245377,0.0120345885,0.014830417,0.008426648
2026-07-03,0.003309249,-0.012057285,-0.008634178,-0.012993595,-0.026997138,-0.030306388
2026-07-06,-0.021388223,-0.010307586,-0.012540204,-0.0088521335,0.0067247674,0.02811299
2026-07-07,-0.014645742,-0.010751264,-0.013874262,-0.010560324,-0.002393336,0.012252406
2026-07-08,0.0010428869,0.013152927,0.023966849,0.025868388,0.04369301,0.042650122
2026-07-09,-0.027245905,-0.015226056,-0.015083652,-0.024211055,-0.030999426,-0.0037535205
2026-07-10,-0.011261968,-0.013335502,-0.032697544,-0.028080514,-0.028243907,-0.016981939
2026-07-13,0.0059287027,0.015376943,0.030903783,0.022688974,0.030109432,0.024180729
2026-07-14,-0.03116364,0.002754041,-0.010630198,-0.019968202,-0.012794031,0.01836961
2026-07-15,-0.0052852235,-0.0019385109,-0.018068079,-0.025786838,-0.023549644,-0.01826442
2026-07-16,-0.029142115,-0.022634761,-0.031057535,-0.03609551,-0.03541695,-0.0062748343
2026-07-17,-0.009554936,0.020895155,-0.0015415589,0.0057082474,-0.012272232,-0.0027172966
2026-07-20,0.041316494,-0.0021590705,0.0142842615,0.048907716,0.033763908,-0.0075525865
2026-07-21,-0.003613233,-0.00056219567,0.0037320594,0.0010139984,-0.0010311241,0.002582109
2026-07-22,-0.030664017,0.004412938,0.0006579987,0.007054278,-0.0020446032,0.028619414
2026-07-23,-0.010445038,-0.0076952325,-0.022838188,-0.013186328,-0.018706165,-0.008261127
2026-07-24,-0.0018993537,0.011612855,0.010182055,0.009121492,0.012048054,0.013947407
2026-07-27,-0.03158966,-0.016186267,-0.011437551,-0.019288678,-0.007162983,0.024426678
2026-07-28,-0.002337865,0.0035715383,0.0065683266,0.009630023,0.000820114,0.003157979
2026-07-29,0.022270128,0.007090248,0.0025459684,0.0053158617,0.0022385637,-0.020031564
2026-07-30,-0.024237188,-0.00052189734,0.0024931922,-0.00257532,-0.015917866,0.008319322
2026-07-31,0.0074733845,-0.0032764564,-0.00038006715,0.006498293,-0.005140052,-0.012613436
2026-08-03,-0.0014659249,-0.0068463143,0.0045876727,0.011284016,0.021724995,0.02319092
2026-08-04,0.023768622,0.018929886,0.013144234,0.020993486,0.022509035,-0.0012595877
2026-08-05,0.010248114,7.890805e-06,0.0009375096,0.01173792,0.0046423483,-0.005605766
2026-08-06,0.023299538,0.02455031,0.00881681,0.019745972,0.004175556,-0.019123983
2026-08-07,-0.010610231,-0.0036883529,9.068176e-05,-0.0036074668,0.012820879,0.023431111
2026-08-10,0.002308085,-0.0017988558,-0.0032203868,-0.0034970604,-0.009242084,-0.011550169
2026-08-11,0.024866356,0.0178432,0.008583197,0.0014133039,0.007195605,-0.01767075
2026-08-12,-0.015664464,-0.009571888,-0.010937158,-0.0031066602,-0.00790063,0.0077638337
2026-08-13,0.007904686,-0.0053353496,-0.0054915072,0.00043619453,0.005559242,-0.0023454442
2026-08-14,0.025995292,0.0123884,0.015909864,0.019263824,0.014050459,-0.011944833
2026-08-17,-0.027526041,-0.0050574094,-0.0060661314,-0.008236268,-0.0096280845,0.017897956
2026-08-18,-0.03749215,-0.019476103,-0.0072587794,-0.019754473,-0.018740112,0.018752037
2026-08-19,-0.00684751,-0.0039886483,-0.0001239879,-0.0028562564,-0.009963473,-0.0031159632
2026-08-20,0.00868351,0.008122801,0.009451378,0.001515799,0.0022901557,-0.0063933544
2026-08-21,-0.039282553,-0.008262633,-0.0053301877,-0.023808924,-0.01783543,0.021447122
2026-08-24,0.010459025,0.0013304895,0.0036967944,0.0063655316,0.0056254314,-0.004833594
2026-08-25,0.00916611,0.011842085,0.00924308,0.005061852,0.013670077,0.0045039663
2026-08-26,0.008519281,0.0074418643,0.00534709,0.010143042,0.023294166,0.014774885
2026-08-27,-0.00010498018,-0.0109798005,-0.0059008063,-0.017094888,-0.02166628,-0.0215613
2026-08-28,0.0068188356,-0.004420313,0.00355947,0.011552801,0.026670737,0.0198519
2026-08-31,-0.01610302,-0.0066451845,0.0018450012,-0.003808462,-0.026280643,-0.0101776235
2026-09-01,-0.0057311347,-0.0059517873,-0.010521366,-0.006995567,-0.0033503543,0.0023807804
2026-09-02,0.004095762,0.0044995896,0.0031666446,0.0069307303,-0.002074374,-0.006170136
2026-09-03,-0.011712938,-0.0037219946,-0.0024130074,-0.0062982277,-0.0062044268,0.005508511
2026-09-04,0.0062150266,0.009512599,-0.00027957483,0.0029713497,0.007558694,0.0013436675
2026-09-07,0.0025211398,-0.0018778685,-0.0026949123,0.0013523556,0.001977166,-0.0005439739
2026-09-08,-0.0042612716,-0.004727047,-0.0041843904,-0.002267863,-0.006587666,-0.0023263944
2026-09-09,-0.014739543,-0.010486979,-0.007344936,-0.011838254,-0.0050249193,0.009714624
2026-09-10,-0.009900083,-0.01611865,-0.008984277,-0.015091743,-0.012699235,-0.0027991524
