trade_date,gross_ret,net_ret,turnover,rebalanced,holdings
2021-01-04,0.016768552362918854,0.015768552362918853,1.0,1,"512710.SH,512000.SH,512880.SH,515650.SH,512810.SH"
2021-01-05,0.004815539810806513,0.004815539810806513,0.0,0,"512710.SH,512000.SH,512880.SH,515650.SH,512810.SH"
2021-01-06,0.021302206441760063,0.021302206441760063,0.0,0,"512710.SH,512000.SH,512880.SH,515650.SH,512810.SH"
2021-01-07,-0.011993360705673695,-0.011993360705673695,0.0,0,"512710.SH,512000.SH,512880.SH,515650.SH,512810.SH"
2021-01-08,-0.03812507539987564,-0.03812507539987564,0.0,0,"512710.SH,512000.SH,512880.SH,515650.SH,512810.SH"
2021-01-11,0.05714231729507446,0.05714231729507446,0.0,0,"512710.SH,512000.SH,512880.SH,515650.SH,512810.SH"
2021-01-12,-0.023574991151690483,-0.023574991151690483,0.0,0,"512710.SH,512000.SH,512880.SH,515650.SH,512810.SH"
2021-01-13,-0.037490516901016235,-0.037490516901016235,0.0,0,"512710.SH,512000.SH,512880.SH,515650.SH,512810.SH"
2021-01-14,-0.0046059186570346355,-0.0046059186570346355,0.0,0,"512710.SH,512000.SH,512880.SH,515650.SH,512810.SH"
2021-01-15,0.012175706215202808,0.012175706215202808,0.0,0,"512710.SH,512000.SH,512880.SH,515650.SH,512810.SH"
2021-01-18,-0.011747502721846104,-0.011747502721846104,0.0,0,"512710.SH,512000.SH,512880.SH,515650.SH,512810.SH"
2021-01-19,0.007569523062556982,0.007569523062556982,0.0,0,"512710.SH,512000.SH,512880.SH,515650.SH,512810.SH"
2021-01-20,0.015300634317100048,0.015300634317100048,0.0,0,"512710.SH,512000.SH,512880.SH,515650.SH,512810.SH"
2021-01-21,0.00087387376697734,0.00087387376697734,0.0,0,"512710.SH,512000.SH,512880.SH,515650.SH,512810.SH"
2021-01-22,-0.004332444164901972,-0.004332444164901972,0.0,0,"512710.SH,512000.SH,512880.SH,515650.SH,512810.SH"
2021-01-25,-0.046032994985580444,-0.046032994985580444,0.0,0,"512710.SH,512000.SH,512880.SH,515650.SH,512810.SH"
2021-01-26,-0.005140461027622223,-0.005140461027622223,0.0,0,"512710.SH,512000.SH,512880.SH,515650.SH,512810.SH"
2021-01-27,0.004516282118856907,0.004516282118856907,0.0,0,"512710.SH,512000.SH,512880.SH,515650.SH,512810.SH"
2021-01-28,-0.016948018223047256,-0.016948018223047256,0.0,0,"512710.SH,512000.SH,512880.SH,515650.SH,512810.SH"
2021-01-29,-0.0025420994497835636,-0.0025420994497835636,0.0,0,"512710.SH,512000.SH,512880.SH,515650.SH,512810.SH"
2021-02-01,0.01377115398645401,0.01217115398645401,1.6,1,"512660.SH,512290.SH,510660.SH,159939.SZ,512810.SH"
2021-02-02,-0.02287253923714161,-0.02287253923714161,0.0,0,"512660.SH,512290.SH,510660.SH,159939.SZ,512810.SH"
2021-02-03,-0.0061801765114068985,-0.0061801765114068985,0.0,0,"512660.SH,512290.SH,510660.SH,159939.SZ,512810.SH"
2021-02-04,-0.005331964697688818,-0.005331964697688818,0.0,0,"512660.SH,512290.SH,510660.SH,159939.SZ,512810.SH"
2021-02-05,0.007414347026497126,0.007414347026497126,0.0,0,"512660.SH,512290.SH,510660.SH,159939.SZ,512810.SH"
2021-02-08,0.03633760288357735,0.03633760288357735,0.0,0,"512660.SH,512290.SH,510660.SH,159939.SZ,512810.SH"
2021-02-09,0.01874905452132225,0.01874905452132225,0.0,0,"512660.SH,512290.SH,510660.SH,159939.SZ,512810.SH"
2021-02-10,-0.02468140795826912,-0.02468140795826912,0.0,0,"512660.SH,512290.SH,510660.SH,159939.SZ,512810.SH"
2021-02-18,0.0042839376255869865,0.0042839376255869865,0.0,0,"512660.SH,512290.SH,510660.SH,159939.SZ,512810.SH"
2021-02-19,-0.03609398379921913,-0.03609398379921913,0.0,0,"512660.SH,512290.SH,510660.SH,159939.SZ,512810.SH"
2021-02-22,0.016370516270399094,0.016370516270399094,0.0,0,"512660.SH,512290.SH,510660.SH,159939.SZ,512810.SH"
2021-02-23,-0.014837997034192085,-0.014837997034192085,0.0,0,"512660.SH,512290.SH,510660.SH,159939.SZ,512810.SH"
2021-02-24,-0.007076819892972708,-0.007076819892972708,0.0,0,"512660.SH,512290.SH,510660.SH,159939.SZ,512810.SH"
2021-02-25,-0.0066220806911587715,-0.0066220806911587715,0.0,0,"512660.SH,512290.SH,510660.SH,159939.SZ,512810.SH"
2021-02-26,0.018156515434384346,0.018156515434384346,0.0,0,"512660.SH,512290.SH,510660.SH,159939.SZ,512810.SH"
2021-03-01,-0.0120737599208951,-0.0140737599208951,2.0,1,"159930.SZ,159945.SZ,512800.SH,159929.SZ,512000.SH"
2021-03-02,0.023750009015202522,0.023750009015202522,0.0,0,"159930.SZ,159945.SZ,512800.SH,159929.SZ,512000.SH"
2021-03-03,-0.014809364452958107,-0.014809364452958107,0.0,0,"159930.SZ,159945.SZ,512800.SH,159929.SZ,512000.SH"
2021-03-04,0.013738846406340599,0.013738846406340599,0.0,0,"159930.SZ,159945.SZ,512800.SH,159929.SZ,512000.SH"
2021-03-05,-0.02267250418663025,-0.02267250418663025,0.0,0,"159930.SZ,159945.SZ,512800.SH,159929.SZ,512000.SH"
2021-03-08,-0.021957894787192345,-0.021957894787192345,0.0,0,"159930.SZ,159945.SZ,512800.SH,159929.SZ,512000.SH"
2021-03-09,-0.0007795946439728141,-0.0007795946439728141,0.0,0,"159930.SZ,159945.SZ,512800.SH,159929.SZ,512000.SH"
2021-03-10,0.019784491509199142,0.019784491509199142,0.0,0,"159930.SZ,159945.SZ,512800.SH,159929.SZ,512000.SH"
2021-03-11,0.001128248288296163,0.001128248288296163,0.0,0,"159930.SZ,159945.SZ,512800.SH,159929.SZ,512000.SH"
2021-03-12,0.0017055950593203306,0.0017055950593203306,0.0,0,"159930.SZ,159945.SZ,512800.SH,159929.SZ,512000.SH"
2021-03-15,-0.0054075089283287525,-0.0054075089283287525,0.0,0,"159930.SZ,159945.SZ,512800.SH,159929.SZ,512000.SH"
2021-03-16,0.001943771494552493,0.001943771494552493,0.0,0,"159930.SZ,159945.SZ,512800.SH,159929.SZ,512000.SH"
2021-03-17,-0.008535563014447689,-0.008535563014447689,0.0,0,"159930.SZ,159945.SZ,512800.SH,159929.SZ,512000.SH"
2021-03-18,-0.0057212673127651215,-0.0057212673127651215,0.0,0,"159930.SZ,159945.SZ,512800.SH,159929.SZ,512000.SH"
2021-03-19,0.0090140076354146,0.0090140076354146,0.0,0,"159930.SZ,159945.SZ,512800.SH,159929.SZ,512000.SH"
2021-03-22,-0.013190468773245811,-0.013190468773245811,0.0,0,"159930.SZ,159945.SZ,512800.SH,159929.SZ,512000.SH"
2021-03-23,-0.007958253845572472,-0.007958253845572472,0.0,0,"159930.SZ,159945.SZ,512800.SH,159929.SZ,512000.SH"
2021-03-24,0.004060961771756411,0.004060961771756411,0.0,0,"159930.SZ,159945.SZ,512800.SH,159929.SZ,512000.SH"
2021-03-25,0.016503354534506798,0.016503354534506798,0.0,0,"159930.SZ,159945.SZ,512800.SH,159929.SZ,512000.SH"
2021-03-26,0.0072273993864655495,0.0072273993864655495,0.0,0,"159930.SZ,159945.SZ,512800.SH,159929.SZ,512000.SH"
2021-03-29,0.0002443704870529473,0.0002443704870529473,0.0,0,"159930.SZ,159945.SZ,512800.SH,159929.SZ,512000.SH"
2021-03-30,-0.003325824160128832,-0.003325824160128832,0.0,0,"159930.SZ,159945.SZ,512800.SH,159929.SZ,512000.SH"
2021-03-31,0.0073724486865103245,0.0073724486865103245,0.0,0,"159930.SZ,159945.SZ,512800.SH,159929.SZ,512000.SH"
2021-04-01,0.018896641209721565,0.016896641209721563,2.0,1,"512480.SH,512710.SH,159909.SZ,512660.SH,159944.SZ"
2021-04-02,-0.0029024824034422636,-0.0029024824034422636,0.0,0,"512480.SH,512710.SH,159909.SZ,512660.SH,159944.SZ"
2021-04-06,-0.003741911146789789,-0.003741911146789789,0.0,0,"512480.SH,512710.SH,159909.SZ,512660.SH,159944.SZ"
2021-04-07,0.006173710338771343,0.006173710338771343,0.0,0,"512480.SH,512710.SH,159909.SZ,512660.SH,159944.SZ"
2021-04-08,-0.005918683484196663,-0.005918683484196663,0.0,0,"512480.SH,512710.SH,159909.SZ,512660.SH,159944.SZ"
2021-04-09,-0.028565064072608948,-0.028565064072608948,0.0,0,"512480.SH,512710.SH,159909.SZ,512660.SH,159944.SZ"
2021-04-12,0.0025217230431735516,0.0025217230431735516,0.0,0,"512480.SH,512710.SH,159909.SZ,512660.SH,159944.SZ"
2021-04-13,0.01013747788965702,0.01013747788965702,0.0,0,"512480.SH,512710.SH,159909.SZ,512660.SH,159944.SZ"
2021-04-14,-0.0012459447607398033,-0.0012459447607398033,0.0,0,"512480.SH,512710.SH,159909.SZ,512660.SH,159944.SZ"
2021-04-15,0.0010011132108047605,0.0010011132108047605,0.0,0,"512480.SH,512710.SH,159909.SZ,512660.SH,159944.SZ"
2021-04-16,0.02202366292476654,0.02202366292476654,0.0,0,"512480.SH,512710.SH,159909.SZ,512660.SH,159944.SZ"
2021-04-19,-0.00724458834156394,-0.00724458834156394,0.0,0,"512480.SH,512710.SH,159909.SZ,512660.SH,159944.SZ"
2021-04-20,0.006143864709883928,0.006143864709883928,0.0,0,"512480.SH,512710.SH,159909.SZ,512660.SH,159944.SZ"
2021-04-21,0.001967142103239894,0.001967142103239894,0.0,0,"512480.SH,512710.SH,159909.SZ,512660.SH,159944.SZ"
2021-04-22,0.005956185515969992,0.005956185515969992,0.0,0,"512480.SH,512710.SH,159909.SZ,512660.SH,159944.SZ"
2021-04-23,-0.00527541246265173,-0.00527541246265173,0.0,0,"512480.SH,512710.SH,159909.SZ,512660.SH,159944.SZ"
2021-04-26,-0.0047295186668634415,-0.0047295186668634415,0.0,0,"512480.SH,512710.SH,159909.SZ,512660.SH,159944.SZ"
2021-04-27,0.009042033925652504,0.009042033925652504,0.0,0,"512480.SH,512710.SH,159909.SZ,512660.SH,159944.SZ"
2021-04-28,0.000524414237588644,0.000524414237588644,0.0,0,"512480.SH,512710.SH,159909.SZ,512660.SH,159944.SZ"
2021-04-29,-0.01464782189577818,-0.01464782189577818,0.0,0,"512480.SH,512710.SH,159909.SZ,512660.SH,159944.SZ"
2021-04-30,0.005032729357481003,0.005032729357481003,0.0,0,"512480.SH,512710.SH,159909.SZ,512660.SH,159944.SZ"
2021-05-06,-0.010443301871418953,-0.011643301871418953,1.2,1,"510630.SH,159909.SZ,512400.SH,512000.SH,512710.SH"
2021-05-07,-0.006622346583753824,-0.006622346583753824,0.0,0,"510630.SH,159909.SZ,512400.SH,512000.SH,512710.SH"
2021-05-10,0.010340074077248573,0.010340074077248573,0.0,0,"510630.SH,159909.SZ,512400.SH,512000.SH,512710.SH"
2021-05-11,-0.001162434578873217,-0.001162434578873217,0.0,0,"510630.SH,159909.SZ,512400.SH,512000.SH,512710.SH"
2021-05-12,-0.004175703041255474,-0.004175703041255474,0.0,0,"510630.SH,159909.SZ,512400.SH,512000.SH,512710.SH"
2021-05-13,0.0282224602997303,0.0282224602997303,0.0,0,"510630.SH,159909.SZ,512400.SH,512000.SH,512710.SH"
2021-05-14,0.015534172765910625,0.015534172765910625,0.0,0,"510630.SH,159909.SZ,512400.SH,512000.SH,512710.SH"
2021-05-17,0.0034510307013988495,0.0034510307013988495,0.0,0,"510630.SH,159909.SZ,512400.SH,512000.SH,512710.SH"
2021-05-18,-0.0011619168799370527,-0.0011619168799370527,0.0,0,"510630.SH,159909.SZ,512400.SH,512000.SH,512710.SH"
2021-05-19,0.008241639472544193,0.008241639472544193,0.0,0,"510630.SH,159909.SZ,512400.SH,512000.SH,512710.SH"
2021-05-20,-0.008987109176814556,-0.008987109176814556,0.0,0,"510630.SH,159909.SZ,512400.SH,512000.SH,512710.SH"
2021-05-21,0.011551545932888985,0.011551545932888985,0.0,0,"510630.SH,159909.SZ,512400.SH,512000.SH,512710.SH"
2021-05-24,0.03033306635916233,0.03033306635916233,0.0,0,"510630.SH,159909.SZ,512400.SH,512000.SH,512710.SH"
2021-05-25,0.0010560723021626472,0.0010560723021626472,0.0,0,"510630.SH,159909.SZ,512400.SH,512000.SH,512710.SH"
2021-05-26,-0.002879526000469923,-0.002879526000469923,0.0,0,"510630.SH,159909.SZ,512400.SH,512000.SH,512710.SH"
2021-05-27,0.009570287540555,0.009570287540555,0.0,0,"510630.SH,159909.SZ,512400.SH,512000.SH,512710.SH"
2021-05-28,0.008167740888893604,0.008167740888893604,0.0,0,"510630.SH,159909.SZ,512400.SH,512000.SH,512710.SH"
2021-05-31,-0.003366775345057249,-0.003366775345057249,0.0,0,"510630.SH,159909.SZ,512400.SH,512000.SH,512710.SH"
2021-06-01,-0.01911952905356884,-0.02071952905356884,1.6,1,"510150.SH,512690.SH,512660.SH,512880.SH,512000.SH"
2021-06-02,-0.005192273296415806,-0.005192273296415806,0.0,0,"510150.SH,512690.SH,512660.SH,512880.SH,512000.SH"
2021-06-03,0.01833519898355007,0.01833519898355007,0.0,0,"510150.SH,512690.SH,512660.SH,512880.SH,512000.SH"
2021-06-04,0.0067373537458479404,0.0067373537458479404,0.0,0,"510150.SH,512690.SH,512660.SH,512880.SH,512000.SH"
2021-06-07,-0.013515261933207512,-0.013515261933207512,0.0,0,"510150.SH,512690.SH,512660.SH,512880.SH,512000.SH"
2021-06-08,-0.001053740386851132,-0.001053740386851132,0.0,0,"510150.SH,512690.SH,512660.SH,512880.SH,512000.SH"
2021-06-09,0.008454459719359875,0.008454459719359875,0.0,0,"510150.SH,512690.SH,512660.SH,512880.SH,512000.SH"
2021-06-10,-0.021295864135026932,-0.021295864135026932,0.0,0,"510150.SH,512690.SH,512660.SH,512880.SH,512000.SH"
2021-06-11,-0.00815834105014801,-0.00815834105014801,0.0,0,"510150.SH,512690.SH,512660.SH,512880.SH,512000.SH"
2021-06-15,-0.01139900553971529,-0.01139900553971529,0.0,0,"510150.SH,512690.SH,512660.SH,512880.SH,512000.SH"
2021-06-16,0.009672950021922588,0.009672950021922588,0.0,0,"510150.SH,512690.SH,512660.SH,512880.SH,512000.SH"
2021-06-17,0.007608451880514622,0.007608451880514622,0.0,0,"510150.SH,512690.SH,512660.SH,512880.SH,512000.SH"
2021-06-18,0.00904688611626625,0.00904688611626625,0.0,0,"510150.SH,512690.SH,512660.SH,512880.SH,512000.SH"
2021-06-21,-0.0014181728474795818,-0.0014181728474795818,0.0,0,"510150.SH,512690.SH,512660.SH,512880.SH,512000.SH"
2021-06-22,-0.004415856208652258,-0.004415856208652258,0.0,0,"510150.SH,512690.SH,512660.SH,512880.SH,512000.SH"
2021-06-23,-0.0031025430653244257,-0.0031025430653244257,0.0,0,"510150.SH,512690.SH,512660.SH,512880.SH,512000.SH"
2021-06-24,0.022317854687571526,0.022317854687571526,0.0,0,"510150.SH,512690.SH,512660.SH,512880.SH,512000.SH"
2021-06-25,-0.0004958133213222027,-0.0004958133213222027,0.0,0,"510150.SH,512690.SH,512660.SH,512880.SH,512000.SH"
2021-06-28,-0.013951675966382027,-0.013951675966382027,0.0,0,"510150.SH,512690.SH,512660.SH,512880.SH,512000.SH"
2021-06-29,0.016894085332751274,0.016894085332751274,0.0,0,"510150.SH,512690.SH,512660.SH,512880.SH,512000.SH"
2021-06-30,-0.027428433299064636,-0.027428433299064636,0.0,0,"510150.SH,512690.SH,512660.SH,512880.SH,512000.SH"
2021-07-01,-0.01979140378534794,-0.02139140378534794,1.6,1,"159928.SZ,515050.SH,512760.SH,515880.SH,512690.SH"
2021-07-02,0.019542399793863297,0.019542399793863297,0.0,0,"159928.SZ,515050.SH,512760.SH,515880.SH,512690.SH"
2021-07-05,-0.013892002403736115,-0.013892002403736115,0.0,0,"159928.SZ,515050.SH,512760.SH,515880.SH,512690.SH"
2021-07-06,0.01641863025724888,0.01641863025724888,0.0,0,"159928.SZ,515050.SH,512760.SH,515880.SH,512690.SH"
2021-07-07,-0.0021250764839351177,-0.0021250764839351177,0.0,0,"159928.SZ,515050.SH,512760.SH,515880.SH,512690.SH"
2021-07-08,-0.009121987968683243,-0.009121987968683243,0.0,0,"159928.SZ,515050.SH,512760.SH,515880.SH,512690.SH"
2021-07-09,0.01572876051068306,0.01572876051068306,0.0,0,"159928.SZ,515050.SH,512760.SH,515880.SH,512690.SH"
2021-07-12,-0.01123251486569643,-0.01123251486569643,0.0,0,"159928.SZ,515050.SH,512760.SH,515880.SH,512690.SH"
2021-07-13,-0.007041013799607754,-0.007041013799607754,0.0,0,"159928.SZ,515050.SH,512760.SH,515880.SH,512690.SH"
2021-07-14,0.011350363492965698,0.011350363492965698,0.0,0,"159928.SZ,515050.SH,512760.SH,515880.SH,512690.SH"
2021-07-15,-0.015900490805506706,-0.015900490805506706,0.0,0,"159928.SZ,515050.SH,512760.SH,515880.SH,512690.SH"
2021-07-16,0.004040964879095554,0.004040964879095554,0.0,0,"159928.SZ,515050.SH,512760.SH,515880.SH,512690.SH"
2021-07-19,0.01791742444038391,0.01791742444038391,0.0,0,"159928.SZ,515050.SH,512760.SH,515880.SH,512690.SH"
2021-07-20,0.006981065031141043,0.006981065031141043,0.0,0,"159928.SZ,515050.SH,512760.SH,515880.SH,512690.SH"
2021-07-21,-0.005458904895931482,-0.005458904895931482,0.0,0,"159928.SZ,515050.SH,512760.SH,515880.SH,512690.SH"
2021-07-22,-0.012319283559918404,-0.012319283559918404,0.0,0,"159928.SZ,515050.SH,512760.SH,515880.SH,512690.SH"
2021-07-23,-0.02646048367023468,-0.02646048367023468,0.0,0,"159928.SZ,515050.SH,512760.SH,515880.SH,512690.SH"
2021-07-26,-0.018143894150853157,-0.018143894150853157,0.0,0,"159928.SZ,515050.SH,512760.SH,515880.SH,512690.SH"
2021-07-27,0.020605679601430893,0.020605679601430893,0.0,0,"159928.SZ,515050.SH,512760.SH,515880.SH,512690.SH"
2021-07-28,0.0012916348641738296,0.0012916348641738296,0.0,0,"159928.SZ,515050.SH,512760.SH,515880.SH,512690.SH"
2021-07-29,-0.006097814533859491,-0.006097814533859491,0.0,0,"159928.SZ,515050.SH,512760.SH,515880.SH,512690.SH"
2021-07-30,0.021511580795049667,0.021511580795049667,0.0,0,"159928.SZ,515050.SH,512760.SH,515880.SH,512690.SH"
2021-08-02,-0.0063925692811608315,-0.007992569281160832,1.6,1,"159928.SZ,512600.SH,512400.SH,512800.SH,159944.SZ"
2021-08-03,0.0024385997094213963,0.0024385997094213963,0.0,0,"159928.SZ,512600.SH,512400.SH,512800.SH,159944.SZ"
2021-08-04,-0.0003145681694149971,-0.0003145681694149971,0.0,0,"159928.SZ,512600.SH,512400.SH,512800.SH,159944.SZ"
2021-08-05,0.0010408430825918913,0.0010408430825918913,0.0,0,"159928.SZ,512600.SH,512400.SH,512800.SH,159944.SZ"
2021-08-06,0.018944408744573593,0.018944408744573593,0.0,0,"159928.SZ,512600.SH,512400.SH,512800.SH,159944.SZ"
2021-08-09,0.015855472534894943,0.015855472534894943,0.0,0,"159928.SZ,512600.SH,512400.SH,512800.SH,159944.SZ"
2021-08-10,-0.0015952583635225892,-0.0015952583635225892,0.0,0,"159928.SZ,512600.SH,512400.SH,512800.SH,159944.SZ"
2021-08-11,0.0036485332529991865,0.0036485332529991865,0.0,0,"159928.SZ,512600.SH,512400.SH,512800.SH,159944.SZ"
2021-08-12,0.018747150897979736,0.018747150897979736,0.0,0,"159928.SZ,512600.SH,512400.SH,512800.SH,159944.SZ"
2021-08-13,-0.016254713758826256,-0.016254713758826256,0.0,0,"159928.SZ,512600.SH,512400.SH,512800.SH,159944.SZ"
2021-08-16,-0.02143223211169243,-0.02143223211169243,0.0,0,"159928.SZ,512600.SH,512400.SH,512800.SH,159944.SZ"
2021-08-17,0.004494359251111746,0.004494359251111746,0.0,0,"159928.SZ,512600.SH,512400.SH,512800.SH,159944.SZ"
2021-08-18,-0.013625124469399452,-0.013625124469399452,0.0,0,"159928.SZ,512600.SH,512400.SH,512800.SH,159944.SZ"
2021-08-19,-0.008799548260867596,-0.008799548260867596,0.0,0,"159928.SZ,512600.SH,512400.SH,512800.SH,159944.SZ"
2021-08-20,0.012349678203463554,0.012349678203463554,0.0,0,"159928.SZ,512600.SH,512400.SH,512800.SH,159944.SZ"
2021-08-23,0.017486093565821648,0.017486093565821648,0.0,0,"159928.SZ,512600.SH,512400.SH,512800.SH,159944.SZ"
2021-08-24,0.008982822299003601,0.008982822299003601,0.0,0,"159928.SZ,512600.SH,512400.SH,512800.SH,159944.SZ"
2021-08-25,-0.012944750487804413,-0.012944750487804413,0.0,0,"159928.SZ,512600.SH,512400.SH,512800.SH,159944.SZ"
2021-08-26,0.011253747157752514,0.011253747157752514,0.0,0,"159928.SZ,512600.SH,512400.SH,512800.SH,159944.SZ"
2021-08-27,0.002935570664703846,0.002935570664703846,0.0,0,"159928.SZ,512600.SH,512400.SH,512800.SH,159944.SZ"
2021-08-30,0.007383981253951788,0.007383981253951788,0.0,0,"159928.SZ,512600.SH,512400.SH,512800.SH,159944.SZ"
2021-08-31,-0.011298852041363716,-0.011298852041363716,0.0,0,"159928.SZ,512600.SH,512400.SH,512800.SH,159944.SZ"
2021-09-01,0.00023355669691227376,-0.0009664433030877261,1.2,1,"512600.SH,512400.SH,512710.SH,512810.SH,512690.SH"
2021-09-02,-0.013685966841876507,-0.013685966841876507,0.0,0,"512600.SH,512400.SH,512710.SH,512810.SH,512690.SH"
2021-09-03,0.01908089593052864,0.01908089593052864,0.0,0,"512600.SH,512400.SH,512710.SH,512810.SH,512690.SH"
2021-09-06,0.009898783639073372,0.009898783639073372,0.0,0,"512600.SH,512400.SH,512710.SH,512810.SH,512690.SH"
2021-09-07,-0.01112410705536604,-0.01112410705536604,0.0,0,"512600.SH,512400.SH,512710.SH,512810.SH,512690.SH"
2021-09-08,0.016985105350613594,0.016985105350613594,0.0,0,"512600.SH,512400.SH,512710.SH,512810.SH,512690.SH"
2021-09-09,0.008769405074417591,0.008769405074417591,0.0,0,"512600.SH,512400.SH,512710.SH,512810.SH,512690.SH"
2021-09-10,-0.012066109105944633,-0.012066109105944633,0.0,0,"512600.SH,512400.SH,512710.SH,512810.SH,512690.SH"
2021-09-13,-0.012612277641892433,-0.012612277641892433,0.0,0,"512600.SH,512400.SH,512710.SH,512810.SH,512690.SH"
2021-09-14,-0.00037590618012472987,-0.00037590618012472987,0.0,0,"512600.SH,512400.SH,512710.SH,512810.SH,512690.SH"
2021-09-15,-0.020185602828860283,-0.020185602828860283,0.0,0,"512600.SH,512400.SH,512710.SH,512810.SH,512690.SH"
2021-09-16,-0.006319992244243622,-0.006319992244243622,0.0,0,"512600.SH,512400.SH,512710.SH,512810.SH,512690.SH"
2021-09-17,0.010206417180597782,0.010206417180597782,0.0,0,"512600.SH,512400.SH,512710.SH,512810.SH,512690.SH"
2021-09-22,0.007961717434227467,0.007961717434227467,0.0,0,"512600.SH,512400.SH,512710.SH,512810.SH,512690.SH"
2021-09-23,0.009286632761359215,0.009286632761359215,0.0,0,"512600.SH,512400.SH,512710.SH,512810.SH,512690.SH"
2021-09-24,-0.007570518646389246,-0.007570518646389246,0.0,0,"512600.SH,512400.SH,512710.SH,512810.SH,512690.SH"
2021-09-27,-0.0067973667755723,-0.0067973667755723,0.0,0,"512600.SH,512400.SH,512710.SH,512810.SH,512690.SH"
2021-09-28,-0.012160170823335648,-0.012160170823335648,0.0,0,"512600.SH,512400.SH,512710.SH,512810.SH,512690.SH"
2021-09-29,0.015311566181480885,0.015311566181480885,0.0,0,"512600.SH,512400.SH,512710.SH,512810.SH,512690.SH"
2021-09-30,0.0008048355812206864,0.0008048355812206864,0.0,0,"512600.SH,512400.SH,512710.SH,512810.SH,512690.SH"
2021-10-08,-0.008642731234431267,-0.010642731234431267,2.0,1,"512760.SH,512580.SH,159930.SZ,512290.SH,512200.SH"
2021-10-11,-0.015255319885909557,-0.015255319885909557,0.0,0,"512760.SH,512580.SH,159930.SZ,512290.SH,512200.SH"
2021-10-12,0.002263848902657628,0.002263848902657628,0.0,0,"512760.SH,512580.SH,159930.SZ,512290.SH,512200.SH"
2021-10-13,-0.0001370590180158615,-0.0001370590180158615,0.0,0,"512760.SH,512580.SH,159930.SZ,512290.SH,512200.SH"
2021-10-14,0.016757503151893616,0.016757503151893616,0.0,0,"512760.SH,512580.SH,159930.SZ,512290.SH,512200.SH"
2021-10-15,0.006349650211632252,0.006349650211632252,0.0,0,"512760.SH,512580.SH,159930.SZ,512290.SH,512200.SH"
2021-10-18,-0.008237023837864399,-0.008237023837864399,0.0,0,"512760.SH,512580.SH,159930.SZ,512290.SH,512200.SH"
2021-10-19,0.002135459566488862,0.002135459566488862,0.0,0,"512760.SH,512580.SH,159930.SZ,512290.SH,512200.SH"
2021-10-20,0.004919387400150299,0.004919387400150299,0.0,0,"512760.SH,512580.SH,159930.SZ,512290.SH,512200.SH"
2021-10-21,-0.005444463342428207,-0.005444463342428207,0.0,0,"512760.SH,512580.SH,159930.SZ,512290.SH,512200.SH"
2021-10-22,0.015074735507369041,0.015074735507369041,0.0,0,"512760.SH,512580.SH,159930.SZ,512290.SH,512200.SH"
2021-10-25,-0.013074880465865135,-0.013074880465865135,0.0,0,"512760.SH,512580.SH,159930.SZ,512290.SH,512200.SH"
2021-10-26,-0.014791026711463928,-0.014791026711463928,0.0,0,"512760.SH,512580.SH,159930.SZ,512290.SH,512200.SH"
2021-10-27,-0.014923317357897758,-0.014923317357897758,0.0,0,"512760.SH,512580.SH,159930.SZ,512290.SH,512200.SH"
2021-10-28,0.009412183426320553,0.009412183426320553,0.0,0,"512760.SH,512580.SH,159930.SZ,512290.SH,512200.SH"
2021-10-29,-0.003670705948024988,-0.003670705948024988,0.0,0,"512760.SH,512580.SH,159930.SZ,512290.SH,512200.SH"
2021-11-01,-0.014543700031936169,-0.01614370003193617,1.6,1,"512660.SH,159929.SZ,512400.SH,512290.SH,512700.SH"
2021-11-02,0.004054698161780834,0.004054698161780834,0.0,0,"512660.SH,159929.SZ,512400.SH,512290.SH,512700.SH"
2021-11-03,0.001792021794244647,0.001792021794244647,0.0,0,"512660.SH,159929.SZ,512400.SH,512290.SH,512700.SH"
2021-11-04,-0.0032514415215700865,-0.0032514415215700865,0.0,0,"512660.SH,159929.SZ,512400.SH,512290.SH,512700.SH"
2021-11-05,0.0004042469954583794,0.0004042469954583794,0.0,0,"512660.SH,159929.SZ,512400.SH,512290.SH,512700.SH"
2021-11-08,0.007737484760582447,0.007737484760582447,0.0,0,"512660.SH,159929.SZ,512400.SH,512290.SH,512700.SH"
2021-11-09,0.003332029329612851,0.003332029329612851,0.0,0,"512660.SH,159929.SZ,512400.SH,512290.SH,512700.SH"
2021-11-10,0.009349673055112362,0.009349673055112362,0.0,0,"512660.SH,159929.SZ,512400.SH,512290.SH,512700.SH"
2021-11-11,0.003808679524809122,0.003808679524809122,0.0,0,"512660.SH,159929.SZ,512400.SH,512290.SH,512700.SH"
2021-11-12,-0.0006681474624201655,-0.0006681474624201655,0.0,0,"512660.SH,159929.SZ,512400.SH,512290.SH,512700.SH"
2021-11-15,-0.00242838216945529,-0.00242838216945529,0.0,0,"512660.SH,159929.SZ,512400.SH,512290.SH,512700.SH"
2021-11-16,0.006799847818911076,0.006799847818911076,0.0,0,"512660.SH,159929.SZ,512400.SH,512290.SH,512700.SH"
2021-11-17,-0.0003480251762084663,-0.0003480251762084663,0.0,0,"512660.SH,159929.SZ,512400.SH,512290.SH,512700.SH"
2021-11-18,0.00733788451179862,0.00733788451179862,0.0,0,"512660.SH,159929.SZ,512400.SH,512290.SH,512700.SH"
2021-11-19,0.005149163771420717,0.005149163771420717,0.0,0,"512660.SH,159929.SZ,512400.SH,512290.SH,512700.SH"
2021-11-22,-0.004074369557201862,-0.004074369557201862,0.0,0,"512660.SH,159929.SZ,512400.SH,512290.SH,512700.SH"
2021-11-23,0.00445601949468255,0.00445601949468255,0.0,0,"512660.SH,159929.SZ,512400.SH,512290.SH,512700.SH"
2021-11-24,0.00339804170653224,0.00339804170653224,0.0,0,"512660.SH,159929.SZ,512400.SH,512290.SH,512700.SH"
2021-11-25,0.00018982663459610194,0.00018982663459610194,0.0,0,"512660.SH,159929.SZ,512400.SH,512290.SH,512700.SH"
2021-11-26,0.007459904067218304,0.007459904067218304,0.0,0,"512660.SH,159929.SZ,512400.SH,512290.SH,512700.SH"
2021-11-29,-0.0029715928249061108,-0.0029715928249061108,0.0,0,"512660.SH,159929.SZ,512400.SH,512290.SH,512700.SH"
2021-11-30,-0.0065702288411557674,-0.0065702288411557674,0.0,0,"512660.SH,159929.SZ,512400.SH,512290.SH,512700.SH"
2021-12-01,-0.003719982458278537,-0.0049199824582785365,1.2,1,"512480.SH,510660.SH,512660.SH,512400.SH,512810.SH"
2021-12-02,0.015330861322581768,0.015330861322581768,0.0,0,"512480.SH,510660.SH,512660.SH,512400.SH,512810.SH"
2021-12-03,-0.008551374077796936,-0.008551374077796936,0.0,0,"512480.SH,510660.SH,512660.SH,512400.SH,512810.SH"
2021-12-06,-0.021338850259780884,-0.021338850259780884,0.0,0,"512480.SH,510660.SH,512660.SH,512400.SH,512810.SH"
2021-12-07,0.01672155223786831,0.01672155223786831,0.0,0,"512480.SH,510660.SH,512660.SH,512400.SH,512810.SH"
2021-12-08,-0.0027411230839788914,-0.0027411230839788914,0.0,0,"512480.SH,510660.SH,512660.SH,512400.SH,512810.SH"
2021-12-09,0.001247631967999041,0.001247631967999041,0.0,0,"512480.SH,510660.SH,512660.SH,512400.SH,512810.SH"
2021-12-10,-0.003475399222224951,-0.003475399222224951,0.0,0,"512480.SH,510660.SH,512660.SH,512400.SH,512810.SH"
2021-12-13,-0.00262523558922112,-0.00262523558922112,0.0,0,"512480.SH,510660.SH,512660.SH,512400.SH,512810.SH"
2021-12-14,-0.011995337903499603,-0.011995337903499603,0.0,0,"512480.SH,510660.SH,512660.SH,512400.SH,512810.SH"
2021-12-15,-0.0014762289356440306,-0.0014762289356440306,0.0,0,"512480.SH,510660.SH,512660.SH,512400.SH,512810.SH"
2021-12-16,-0.018410349264740944,-0.018410349264740944,0.0,0,"512480.SH,510660.SH,512660.SH,512400.SH,512810.SH"
2021-12-17,-0.01759232208132744,-0.01759232208132744,0.0,0,"512480.SH,510660.SH,512660.SH,512400.SH,512810.SH"
2021-12-20,0.007395747117698193,0.007395747117698193,0.0,0,"512480.SH,510660.SH,512660.SH,512400.SH,512810.SH"
2021-12-21,0.004339064471423626,0.004339064471423626,0.0,0,"512480.SH,510660.SH,512660.SH,512400.SH,512810.SH"
2021-12-22,-0.0006807593745179474,-0.0006807593745179474,0.0,0,"512480.SH,510660.SH,512660.SH,512400.SH,512810.SH"
2021-12-23,-0.0068787685595452785,-0.0068787685595452785,0.0,0,"512480.SH,510660.SH,512660.SH,512400.SH,512810.SH"
2021-12-24,2.8830720566475065e-06,2.8830720566475065e-06,0.0,0,"512480.SH,510660.SH,512660.SH,512400.SH,512810.SH"
2021-12-27,0.009372090920805931,0.009372090920805931,0.0,0,"512480.SH,510660.SH,512660.SH,512400.SH,512810.SH"
2021-12-28,-0.0007713626837357879,-0.0007713626837357879,0.0,0,"512480.SH,510660.SH,512660.SH,512400.SH,512810.SH"
2021-12-29,0.02102348767220974,0.02102348767220974,0.0,0,"512480.SH,510660.SH,512660.SH,512400.SH,512810.SH"
2021-12-30,0.005239004734903574,0.005239004734903574,0.0,0,"512480.SH,510660.SH,512660.SH,512400.SH,512810.SH"
2021-12-31,-0.020611045882105827,-0.020611045882105827,0.0,0,"512480.SH,510660.SH,512660.SH,512400.SH,512810.SH"
2022-01-04,-0.03185512125492096,-0.03305512125492096,1.2,1,"512690.SH,512580.SH,512400.SH,512760.SH,512480.SH"
2022-01-05,0.0014260683674365282,0.0014260683674365282,0.0,0,"512690.SH,512580.SH,512400.SH,512760.SH,512480.SH"
2022-01-06,-0.018648037686944008,-0.018648037686944008,0.0,0,"512690.SH,512580.SH,512400.SH,512760.SH,512480.SH"
2022-01-07,-0.00448797270655632,-0.00448797270655632,0.0,0,"512690.SH,512580.SH,512400.SH,512760.SH,512480.SH"
2022-01-10,-0.003271189285442233,-0.003271189285442233,0.0,0,"512690.SH,512580.SH,512400.SH,512760.SH,512480.SH"
2022-01-11,0.01428388524800539,0.01428388524800539,0.0,0,"512690.SH,512580.SH,512400.SH,512760.SH,512480.SH"
2022-01-12,-0.027076801285147667,-0.027076801285147667,0.0,0,"512690.SH,512580.SH,512400.SH,512760.SH,512480.SH"
2022-01-13,0.011721369810402393,0.011721369810402393,0.0,0,"512690.SH,512580.SH,512400.SH,512760.SH,512480.SH"
2022-01-14,0.013248140923678875,0.013248140923678875,0.0,0,"512690.SH,512580.SH,512400.SH,512760.SH,512480.SH"
2022-01-17,0.005626471247524023,0.005626471247524023,0.0,0,"512690.SH,512580.SH,512400.SH,512760.SH,512480.SH"
2022-01-18,-0.01731153205037117,-0.01731153205037117,0.0,0,"512690.SH,512580.SH,512400.SH,512760.SH,512480.SH"
2022-01-19,-0.00660072872415185,-0.00660072872415185,0.0,0,"512690.SH,512580.SH,512400.SH,512760.SH,512480.SH"
2022-01-20,-0.004721922799944878,-0.004721922799944878,0.0,0,"512690.SH,512580.SH,512400.SH,512760.SH,512480.SH"
2022-01-21,0.01176876574754715,0.01176876574754715,0.0,0,"512690.SH,512580.SH,512400.SH,512760.SH,512480.SH"
2022-01-24,-0.017309613525867462,-0.017309613525867462,0.0,0,"512690.SH,512580.SH,512400.SH,512760.SH,512480.SH"
2022-01-25,0.009127290919423103,0.009127290919423103,0.0,0,"512690.SH,512580.SH,512400.SH,512760.SH,512480.SH"
2022-01-26,-0.025267556309700012,-0.025267556309700012,0.0,0,"512690.SH,512580.SH,512400.SH,512760.SH,512480.SH"
2022-01-27,-0.006198860704898834,-0.006198860704898834,0.0,0,"512690.SH,512580.SH,512400.SH,512760.SH,512480.SH"
2022-01-28,-0.0044410573318600655,-0.0044410573318600655,0.0,0,"512690.SH,512580.SH,512400.SH,512760.SH,512480.SH"
2022-02-07,-0.016970494762063026,-0.018170494762063026,1.2,1,"512690.SH,512810.SH,159938.SZ,512290.SH,512760.SH"
2022-02-08,0.0216648131608963,0.0216648131608963,0.0,0,"512690.SH,512810.SH,159938.SZ,512290.SH,512760.SH"
2022-02-09,-0.013027657754719257,-0.013027657754719257,0.0,0,"512690.SH,512810.SH,159938.SZ,512290.SH,512760.SH"
2022-02-10,-0.018988117575645447,-0.018988117575645447,0.0,0,"512690.SH,512810.SH,159938.SZ,512290.SH,512760.SH"
2022-02-11,0.008051840588450432,0.008051840588450432,0.0,0,"512690.SH,512810.SH,159938.SZ,512290.SH,512760.SH"
2022-02-14,0.030623212456703186,0.030623212456703186,0.0,0,"512690.SH,512810.SH,159938.SZ,512290.SH,512760.SH"
2022-02-15,-0.002816679421812296,-0.002816679421812296,0.0,0,"512690.SH,512810.SH,159938.SZ,512290.SH,512760.SH"
2022-02-16,-0.0037107125390321016,-0.0037107125390321016,0.0,0,"512690.SH,512810.SH,159938.SZ,512290.SH,512760.SH"
2022-02-17,0.00908410083502531,0.00908410083502531,0.0,0,"512690.SH,512810.SH,159938.SZ,512290.SH,512760.SH"
2022-02-18,-0.0011876882053911686,-0.0011876882053911686,0.0,0,"512690.SH,512810.SH,159938.SZ,512290.SH,512760.SH"
2022-02-21,-0.009519354440271854,-0.009519354440271854,0.0,0,"512690.SH,512810.SH,159938.SZ,512290.SH,512760.SH"
2022-02-22,0.023615026846528053,0.023615026846528053,0.0,0,"512690.SH,512810.SH,159938.SZ,512290.SH,512760.SH"
2022-02-23,-0.0041041867807507515,-0.0041041867807507515,0.0,0,"512690.SH,512810.SH,159938.SZ,512290.SH,512760.SH"
2022-02-24,0.007056563161313534,0.007056563161313534,0.0,0,"512690.SH,512810.SH,159938.SZ,512290.SH,512760.SH"
2022-02-25,0.007252158131450415,0.007252158131450415,0.0,0,"512690.SH,512810.SH,159938.SZ,512290.SH,512760.SH"
2022-02-28,0.00523349130526185,0.00523349130526185,0.0,0,"512690.SH,512810.SH,159938.SZ,512290.SH,512760.SH"
2022-03-01,0.017768073827028275,0.015768073827028273,2.0,1,"512880.SH,512000.SH,159930.SZ,159945.SZ,512400.SH"
2022-03-02,-0.0067776767536997795,-0.0067776767536997795,0.0,0,"512880.SH,512000.SH,159930.SZ,159945.SZ,512400.SH"
2022-03-03,0.004041261039674282,0.004041261039674282,0.0,0,"512880.SH,512000.SH,159930.SZ,159945.SZ,512400.SH"
2022-03-04,-0.02771364524960518,-0.02771364524960518,0.0,0,"512880.SH,512000.SH,159930.SZ,159945.SZ,512400.SH"
2022-03-07,-0.028296589851379395,-0.028296589851379395,0.0,0,"512880.SH,512000.SH,159930.SZ,159945.SZ,512400.SH"
2022-03-08,-0.01414042990654707,-0.01414042990654707,0.0,0,"512880.SH,512000.SH,159930.SZ,159945.SZ,512400.SH"
2022-03-09,-0.013285021297633648,-0.013285021297633648,0.0,0,"512880.SH,512000.SH,159930.SZ,159945.SZ,512400.SH"
2022-03-10,0.0025380237493664026,0.0025380237493664026,0.0,0,"512880.SH,512000.SH,159930.SZ,159945.SZ,512400.SH"
2022-03-11,-0.014977497048676014,-0.014977497048676014,0.0,0,"512880.SH,512000.SH,159930.SZ,159945.SZ,512400.SH"
2022-03-14,-0.03636140376329422,-0.03636140376329422,0.0,0,"512880.SH,512000.SH,159930.SZ,159945.SZ,512400.SH"
2022-03-15,0.03998405113816261,0.03998405113816261,0.0,0,"512880.SH,512000.SH,159930.SZ,159945.SZ,512400.SH"
2022-03-16,-0.0013071282301098108,-0.0013071282301098108,0.0,0,"512880.SH,512000.SH,159930.SZ,159945.SZ,512400.SH"
2022-03-17,0.021087631583213806,0.021087631583213806,0.0,0,"512880.SH,512000.SH,159930.SZ,159945.SZ,512400.SH"
2022-03-18,0.0014454657211899757,0.0014454657211899757,0.0,0,"512880.SH,512000.SH,159930.SZ,159945.SZ,512400.SH"
2022-03-21,0.015888761729002,0.015888761729002,0.0,0,"512880.SH,512000.SH,159930.SZ,159945.SZ,512400.SH"
2022-03-22,-0.0019180640811100602,-0.0019180640811100602,0.0,0,"512880.SH,512000.SH,159930.SZ,159945.SZ,512400.SH"
2022-03-23,-0.0017478179652243853,-0.0017478179652243853,0.0,0,"512880.SH,512000.SH,159930.SZ,159945.SZ,512400.SH"
2022-03-24,-0.012219564989209175,-0.012219564989209175,0.0,0,"512880.SH,512000.SH,159930.SZ,159945.SZ,512400.SH"
2022-03-25,0.014726242050528526,0.014726242050528526,0.0,0,"512880.SH,512000.SH,159930.SZ,159945.SZ,512400.SH"
2022-03-28,0.003162787761539221,0.003162787761539221,0.0,0,"512880.SH,512000.SH,159930.SZ,159945.SZ,512400.SH"
2022-03-29,0.0037844765465706587,0.0037844765465706587,0.0,0,"512880.SH,512000.SH,159930.SZ,159945.SZ,512400.SH"
2022-03-30,-0.006576742045581341,-0.006576742045581341,0.0,0,"512880.SH,512000.SH,159930.SZ,159945.SZ,512400.SH"
2022-03-31,0.007974272593855858,0.007974272593855858,0.0,0,"512880.SH,512000.SH,159930.SZ,159945.SZ,512400.SH"
2022-04-01,-0.017804469913244247,-0.01980446991324425,2.0,1,"512120.SH,512480.SH,512200.SH,515650.SH,515880.SH"
2022-04-06,-0.014311522245407104,-0.014311522245407104,0.0,0,"512120.SH,512480.SH,512200.SH,515650.SH,515880.SH"
2022-04-07,-0.004549827426671982,-0.004549827426671982,0.0,0,"512120.SH,512480.SH,512200.SH,515650.SH,515880.SH"
2022-04-08,-0.03439170494675636,-0.03439170494675636,0.0,0,"512120.SH,512480.SH,512200.SH,515650.SH,515880.SH"
2022-04-11,0.009195619262754917,0.009195619262754917,0.0,0,"512120.SH,512480.SH,512200.SH,515650.SH,515880.SH"
2022-04-12,-0.005299481097608805,-0.005299481097608805,0.0,0,"512120.SH,512480.SH,512200.SH,515650.SH,515880.SH"
2022-04-13,0.003145077731460333,0.003145077731460333,0.0,0,"512120.SH,512480.SH,512200.SH,515650.SH,515880.SH"
2022-04-14,0.002688245614990592,0.002688245614990592,0.0,0,"512120.SH,512480.SH,512200.SH,515650.SH,515880.SH"
2022-04-15,0.006752898450940847,0.006752898450940847,0.0,0,"512120.SH,512480.SH,512200.SH,515650.SH,515880.SH"
2022-04-18,-0.005289003252983093,-0.005289003252983093,0.0,0,"512120.SH,512480.SH,512200.SH,515650.SH,515880.SH"
2022-04-19,-0.023727623745799065,-0.023727623745799065,0.0,0,"512120.SH,512480.SH,512200.SH,515650.SH,515880.SH"
2022-04-20,-0.02213389053940773,-0.02213389053940773,0.0,0,"512120.SH,512480.SH,512200.SH,515650.SH,515880.SH"
2022-04-21,-0.014936162158846855,-0.014936162158846855,0.0,0,"512120.SH,512480.SH,512200.SH,515650.SH,515880.SH"
2022-04-22,-0.03981860354542732,-0.03981860354542732,0.0,0,"512120.SH,512480.SH,512200.SH,515650.SH,515880.SH"
2022-04-25,-0.02072519063949585,-0.02072519063949585,0.0,0,"512120.SH,512480.SH,512200.SH,515650.SH,515880.SH"
2022-04-26,0.028821025043725967,0.028821025043725967,0.0,0,"512120.SH,512480.SH,512200.SH,515650.SH,515880.SH"
2022-04-27,0.01567208766937256,0.01567208766937256,0.0,0,"512120.SH,512480.SH,512200.SH,515650.SH,515880.SH"
2022-04-28,0.02460387907922268,0.02460387907922268,0.0,0,"512120.SH,512480.SH,512200.SH,515650.SH,515880.SH"
2022-04-29,-0.012933862395584583,-0.012933862395584583,0.0,0,"512120.SH,512480.SH,512200.SH,515650.SH,515880.SH"
2022-05-05,-0.005673774518072605,-0.007273774518072605,1.6,1,"512760.SH,512690.SH,512480.SH,512660.SH,512710.SH"
2022-05-06,-0.007401506416499615,-0.007401506416499615,0.0,0,"512760.SH,512690.SH,512480.SH,512660.SH,512710.SH"
2022-05-09,0.03694891184568405,0.03694891184568405,0.0,0,"512760.SH,512690.SH,512480.SH,512660.SH,512710.SH"
2022-05-10,0.007915368303656578,0.007915368303656578,0.0,0,"512760.SH,512690.SH,512480.SH,512660.SH,512710.SH"
2022-05-11,0.018092185258865356,0.018092185258865356,0.0,0,"512760.SH,512690.SH,512480.SH,512660.SH,512710.SH"
2022-05-12,0.0017167230835184455,0.0017167230835184455,0.0,0,"512760.SH,512690.SH,512480.SH,512660.SH,512710.SH"
2022-05-13,-0.015745097771286964,-0.015745097771286964,0.0,0,"512760.SH,512690.SH,512480.SH,512660.SH,512710.SH"
2022-05-16,0.023838039487600327,0.023838039487600327,0.0,0,"512760.SH,512690.SH,512480.SH,512660.SH,512710.SH"
2022-05-17,-0.016797680407762527,-0.016797680407762527,0.0,0,"512760.SH,512690.SH,512480.SH,512660.SH,512710.SH"
2022-05-18,0.024831289425492287,0.024831289425492287,0.0,0,"512760.SH,512690.SH,512480.SH,512660.SH,512710.SH"
2022-05-19,0.008074356243014336,0.008074356243014336,0.0,0,"512760.SH,512690.SH,512480.SH,512660.SH,512710.SH"
2022-05-20,-0.0035102330148220062,-0.0035102330148220062,0.0,0,"512760.SH,512690.SH,512480.SH,512660.SH,512710.SH"
2022-05-23,-0.03551824763417244,-0.03551824763417244,0.0,0,"512760.SH,512690.SH,512480.SH,512660.SH,512710.SH"
2022-05-24,0.005133209750056267,0.005133209750056267,0.0,0,"512760.SH,512690.SH,512480.SH,512660.SH,512710.SH"
2022-05-25,0.020978059619665146,0.020978059619665146,0.0,0,"512760.SH,512690.SH,512480.SH,512660.SH,512710.SH"
2022-05-26,-0.005865294486284256,-0.005865294486284256,0.0,0,"512760.SH,512690.SH,512480.SH,512660.SH,512710.SH"
2022-05-27,0.008866256102919579,0.008866256102919579,0.0,0,"512760.SH,512690.SH,512480.SH,512660.SH,512710.SH"
2022-05-30,0.014368358068168163,0.014368358068168163,0.0,0,"512760.SH,512690.SH,512480.SH,512660.SH,512710.SH"
2022-05-31,-0.0004278754931874573,-0.0004278754931874573,0.0,0,"512760.SH,512690.SH,512480.SH,512660.SH,512710.SH"
2022-06-01,0.010859619826078415,0.009259619826078414,1.6,1,"159938.SZ,512760.SH,512580.SH,512980.SH,512200.SH"
2022-06-02,0.020446330308914185,0.020446330308914185,0.0,0,"159938.SZ,512760.SH,512580.SH,512980.SH,512200.SH"
2022-06-06,0.0008034601924009621,0.0008034601924009621,0.0,0,"159938.SZ,512760.SH,512580.SH,512980.SH,512200.SH"
2022-06-07,-0.0043341065756976604,-0.0043341065756976604,0.0,0,"159938.SZ,512760.SH,512580.SH,512980.SH,512200.SH"
2022-06-08,-0.017447592690587044,-0.017447592690587044,0.0,0,"159938.SZ,512760.SH,512580.SH,512980.SH,512200.SH"
2022-06-09,0.011917419731616974,0.011917419731616974,0.0,0,"159938.SZ,512760.SH,512580.SH,512980.SH,512200.SH"
2022-06-10,-0.012784612365067005,-0.012784612365067005,0.0,0,"159938.SZ,512760.SH,512580.SH,512980.SH,512200.SH"
2022-06-13,0.006823879666626453,0.006823879666626453,0.0,0,"159938.SZ,512760.SH,512580.SH,512980.SH,512200.SH"
2022-06-14,0.010494070127606392,0.010494070127606392,0.0,0,"159938.SZ,512760.SH,512580.SH,512980.SH,512200.SH"
2022-06-15,0.008436045609414577,0.008436045609414577,0.0,0,"159938.SZ,512760.SH,512580.SH,512980.SH,512200.SH"
2022-06-16,0.012372763827443123,0.012372763827443123,0.0,0,"159938.SZ,512760.SH,512580.SH,512980.SH,512200.SH"
2022-06-17,0.0135685745626688,0.0135685745626688,0.0,0,"159938.SZ,512760.SH,512580.SH,512980.SH,512200.SH"
2022-06-20,-0.003678876906633377,-0.003678876906633377,0.0,0,"159938.SZ,512760.SH,512580.SH,512980.SH,512200.SH"
2022-06-21,-0.018781397491693497,-0.018781397491693497,0.0,0,"159938.SZ,512760.SH,512580.SH,512980.SH,512200.SH"
2022-06-22,0.016121039167046547,0.016121039167046547,0.0,0,"159938.SZ,512760.SH,512580.SH,512980.SH,512200.SH"
2022-06-23,0.012146927416324615,0.012146927416324615,0.0,0,"159938.SZ,512760.SH,512580.SH,512980.SH,512200.SH"
2022-06-24,0.005169217474758625,0.005169217474758625,0.0,0,"159938.SZ,512760.SH,512580.SH,512980.SH,512200.SH"
2022-06-27,0.01093154214322567,0.01093154214322567,0.0,0,"159938.SZ,512760.SH,512580.SH,512980.SH,512200.SH"
2022-06-28,-0.006592069752514362,-0.006592069752514362,0.0,0,"159938.SZ,512760.SH,512580.SH,512980.SH,512200.SH"
2022-06-29,0.016925690695643425,0.016925690695643425,0.0,0,"159938.SZ,512760.SH,512580.SH,512980.SH,512200.SH"
2022-06-30,-0.011815184727311134,-0.011815184727311134,0.0,0,"159938.SZ,512760.SH,512580.SH,512980.SH,512200.SH"
2022-07-01,0.013886729255318642,0.012286729255318641,1.6,1,"512580.SH,512000.SH,512880.SH,512480.SH,159929.SZ"
2022-07-04,-0.007237447891384363,-0.007237447891384363,0.0,0,"512580.SH,512000.SH,512880.SH,512480.SH,159929.SZ"
2022-07-05,-0.0029004267416894436,-0.0029004267416894436,0.0,0,"512580.SH,512000.SH,512880.SH,512480.SH,159929.SZ"
2022-07-06,0.005815434735268354,0.005815434735268354,0.0,0,"512580.SH,512000.SH,512880.SH,512480.SH,159929.SZ"
2022-07-07,-0.014357661828398705,-0.014357661828398705,0.0,0,"512580.SH,512000.SH,512880.SH,512480.SH,159929.SZ"
2022-07-08,-0.011491848155856133,-0.011491848155856133,0.0,0,"512580.SH,512000.SH,512880.SH,512480.SH,159929.SZ"
2022-07-11,-0.013558106496930122,-0.013558106496930122,0.0,0,"512580.SH,512000.SH,512880.SH,512480.SH,159929.SZ"
2022-07-12,-0.0016874223947525024,-0.0016874223947525024,0.0,0,"512580.SH,512000.SH,512880.SH,512480.SH,159929.SZ"
2022-07-13,0.008571584708988667,0.008571584708988667,0.0,0,"512580.SH,512000.SH,512880.SH,512480.SH,159929.SZ"
2022-07-14,-0.013887410052120686,-0.013887410052120686,0.0,0,"512580.SH,512000.SH,512880.SH,512480.SH,159929.SZ"
2022-07-15,0.007622959557920694,0.007622959557920694,0.0,0,"512580.SH,512000.SH,512880.SH,512480.SH,159929.SZ"
2022-07-18,0.0006576938321813941,0.0006576938321813941,0.0,0,"512580.SH,512000.SH,512880.SH,512480.SH,159929.SZ"
2022-07-19,-0.0017127722967416048,-0.0017127722967416048,0.0,0,"512580.SH,512000.SH,512880.SH,512480.SH,159929.SZ"
2022-07-20,0.0038470998406410217,0.0038470998406410217,0.0,0,"512580.SH,512000.SH,512880.SH,512480.SH,159929.SZ"
2022-07-21,-0.008899159729480743,-0.008899159729480743,0.0,0,"512580.SH,512000.SH,512880.SH,512480.SH,159929.SZ"
2022-07-22,-0.010607285425066948,-0.010607285425066948,0.0,0,"512580.SH,512000.SH,512880.SH,512480.SH,159929.SZ"
2022-07-25,0.0029647652991116047,0.0029647652991116047,0.0,0,"512580.SH,512000.SH,512880.SH,512480.SH,159929.SZ"
2022-07-26,0.004624328576028347,0.004624328576028347,0.0,0,"512580.SH,512000.SH,512880.SH,512480.SH,159929.SZ"
2022-07-27,-0.001116511644795537,-0.001116511644795537,0.0,0,"512580.SH,512000.SH,512880.SH,512480.SH,159929.SZ"
2022-07-28,-0.017458375543355942,-0.017458375543355942,0.0,0,"512580.SH,512000.SH,512880.SH,512480.SH,159929.SZ"
2022-07-29,-0.0044638169929385185,-0.0044638169929385185,0.0,0,"512580.SH,512000.SH,512880.SH,512480.SH,159929.SZ"
2022-08-01,-0.016034627333283424,-0.018034627333283426,2.0,1,"512800.SH,512200.SH,159928.SZ,159930.SZ,512980.SH"
2022-08-02,-0.00901741348206997,-0.00901741348206997,0.0,0,"512800.SH,512200.SH,159928.SZ,159930.SZ,512980.SH"
2022-08-03,0.004118092358112335,0.004118092358112335,0.0,0,"512800.SH,512200.SH,159928.SZ,159930.SZ,512980.SH"
2022-08-04,0.010713895782828331,0.010713895782828331,0.0,0,"512800.SH,512200.SH,159928.SZ,159930.SZ,512980.SH"
2022-08-05,0.0033517584670335054,0.0033517584670335054,0.0,0,"512800.SH,512200.SH,159928.SZ,159930.SZ,512980.SH"
2022-08-08,0.0013007100205868483,0.0013007100205868483,0.0,0,"512800.SH,512200.SH,159928.SZ,159930.SZ,512980.SH"
2022-08-09,-0.00540695246309042,-0.00540695246309042,0.0,0,"512800.SH,512200.SH,159928.SZ,159930.SZ,512980.SH"
2022-08-10,0.013417532667517662,0.013417532667517662,0.0,0,"512800.SH,512200.SH,159928.SZ,159930.SZ,512980.SH"
2022-08-11,0.0070189619436860085,0.0070189619436860085,0.0,0,"512800.SH,512200.SH,159928.SZ,159930.SZ,512980.SH"
2022-08-12,8.253152191173285e-05,8.253152191173285e-05,0.0,0,"512800.SH,512200.SH,159928.SZ,159930.SZ,512980.SH"
2022-08-15,0.0020923521369695663,0.0020923521369695663,0.0,0,"512800.SH,512200.SH,159928.SZ,159930.SZ,512980.SH"
2022-08-16,0.007356910966336727,0.007356910966336727,0.0,0,"512800.SH,512200.SH,159928.SZ,159930.SZ,512980.SH"
2022-08-17,-0.011564427055418491,-0.011564427055418491,0.0,0,"512800.SH,512200.SH,159928.SZ,159930.SZ,512980.SH"
2022-08-18,0.009580906480550766,0.009580906480550766,0.0,0,"512800.SH,512200.SH,159928.SZ,159930.SZ,512980.SH"
2022-08-19,0.008769125677645206,0.008769125677645206,0.0,0,"512800.SH,512200.SH,159928.SZ,159930.SZ,512980.SH"
2022-08-22,-0.000662563368678093,-0.000662563368678093,0.0,0,"512800.SH,512200.SH,159928.SZ,159930.SZ,512980.SH"
2022-08-23,-0.007042981684207916,-0.007042981684207916,0.0,0,"512800.SH,512200.SH,159928.SZ,159930.SZ,512980.SH"
2022-08-24,0.01524827629327774,0.01524827629327774,0.0,0,"512800.SH,512200.SH,159928.SZ,159930.SZ,512980.SH"
2022-08-25,-0.008253899402916431,-0.008253899402916431,0.0,0,"512800.SH,512200.SH,159928.SZ,159930.SZ,512980.SH"
2022-08-26,0.00345884938724339,0.00345884938724339,0.0,0,"512800.SH,512200.SH,159928.SZ,159930.SZ,512980.SH"
2022-08-29,-0.007432880811393261,-0.007432880811393261,0.0,0,"512800.SH,512200.SH,159928.SZ,159930.SZ,512980.SH"
2022-08-30,0.0019094145391136408,0.0019094145391136408,0.0,0,"512800.SH,512200.SH,159928.SZ,159930.SZ,512980.SH"
2022-08-31,0.0005184905603528023,0.0005184905603528023,0.0,0,"512800.SH,512200.SH,159928.SZ,159930.SZ,512980.SH"
2022-09-01,0.0026416145265102386,0.0014416145265102388,1.2,1,"512480.SH,159945.SZ,159930.SZ,159909.SZ,512200.SH"
2022-09-02,0.022718846797943115,0.022718846797943115,0.0,0,"512480.SH,159945.SZ,159930.SZ,159909.SZ,512200.SH"
2022-09-05,0.009124141186475754,0.009124141186475754,0.0,0,"512480.SH,159945.SZ,159930.SZ,159909.SZ,512200.SH"
2022-09-06,0.00415890384465456,0.00415890384465456,0.0,0,"512480.SH,159945.SZ,159930.SZ,159909.SZ,512200.SH"
2022-09-07,-0.003310480620712042,-0.003310480620712042,0.0,0,"512480.SH,159945.SZ,159930.SZ,159909.SZ,512200.SH"
2022-09-08,0.0068099619820714,0.0068099619820714,0.0,0,"512480.SH,159945.SZ,159930.SZ,159909.SZ,512200.SH"
2022-09-09,-0.0184971634298563,-0.0184971634298563,0.0,0,"512480.SH,159945.SZ,159930.SZ,159909.SZ,512200.SH"
2022-09-13,0.009769192896783352,0.009769192896783352,0.0,0,"512480.SH,159945.SZ,159930.SZ,159909.SZ,512200.SH"
2022-09-14,-0.01522885262966156,-0.01522885262966156,0.0,0,"512480.SH,159945.SZ,159930.SZ,159909.SZ,512200.SH"
2022-09-15,-0.025258108973503113,-0.025258108973503113,0.0,0,"512480.SH,159945.SZ,159930.SZ,159909.SZ,512200.SH"
2022-09-16,-0.0018588971579447389,-0.0018588971579447389,0.0,0,"512480.SH,159945.SZ,159930.SZ,159909.SZ,512200.SH"
2022-09-19,-0.004754540976136923,-0.004754540976136923,0.0,0,"512480.SH,159945.SZ,159930.SZ,159909.SZ,512200.SH"
2022-09-20,0.0049999128095805645,0.0049999128095805645,0.0,0,"512480.SH,159945.SZ,159930.SZ,159909.SZ,512200.SH"
2022-09-21,0.008503863587975502,0.008503863587975502,0.0,0,"512480.SH,159945.SZ,159930.SZ,159909.SZ,512200.SH"
2022-09-22,-0.022892052307724953,-0.022892052307724953,0.0,0,"512480.SH,159945.SZ,159930.SZ,159909.SZ,512200.SH"
2022-09-23,-0.012917754240334034,-0.012917754240334034,0.0,0,"512480.SH,159945.SZ,159930.SZ,159909.SZ,512200.SH"
2022-09-26,0.007236403413116932,0.007236403413116932,0.0,0,"512480.SH,159945.SZ,159930.SZ,159909.SZ,512200.SH"
2022-09-27,-0.00783573929220438,-0.00783573929220438,0.0,0,"512480.SH,159945.SZ,159930.SZ,159909.SZ,512200.SH"
2022-09-28,-0.007059932686388493,-0.007059932686388493,0.0,0,"512480.SH,159945.SZ,159930.SZ,159909.SZ,512200.SH"
2022-09-29,0.004061286337673664,0.004061286337673664,0.0,0,"512480.SH,159945.SZ,159930.SZ,159909.SZ,512200.SH"
2022-09-30,-0.026818349957466125,-0.026818349957466125,0.0,0,"512480.SH,159945.SZ,159930.SZ,159909.SZ,512200.SH"
2022-10-10,-0.0024394115898758173,-0.004039411589875817,1.6,1,"512760.SH,515050.SH,512880.SH,512000.SH,512480.SH"
2022-10-11,0.027407322078943253,0.027407322078943253,0.0,0,"512760.SH,515050.SH,512880.SH,512000.SH,512480.SH"
2022-10-12,0.013669438660144806,0.013669438660144806,0.0,0,"512760.SH,515050.SH,512880.SH,512000.SH,512480.SH"
2022-10-13,0.003194483695551753,0.003194483695551753,0.0,0,"512760.SH,515050.SH,512880.SH,512000.SH,512480.SH"
2022-10-14,0.024797702208161354,0.024797702208161354,0.0,0,"512760.SH,515050.SH,512880.SH,512000.SH,512480.SH"
2022-10-17,-0.012500735931098461,-0.012500735931098461,0.0,0,"512760.SH,515050.SH,512880.SH,512000.SH,512480.SH"
2022-10-18,-0.010858369059860706,-0.010858369059860706,0.0,0,"512760.SH,515050.SH,512880.SH,512000.SH,512480.SH"
2022-10-19,0.03132122755050659,0.03132122755050659,0.0,0,"512760.SH,515050.SH,512880.SH,512000.SH,512480.SH"
2022-10-20,-0.012164024636149406,-0.012164024636149406,0.0,0,"512760.SH,515050.SH,512880.SH,512000.SH,512480.SH"
2022-10-21,-0.014128024689853191,-0.014128024689853191,0.0,0,"512760.SH,515050.SH,512880.SH,512000.SH,512480.SH"
2022-10-24,-0.005183769855648279,-0.005183769855648279,0.0,0,"512760.SH,515050.SH,512880.SH,512000.SH,512480.SH"
2022-10-25,0.018723241984844208,0.018723241984844208,0.0,0,"512760.SH,515050.SH,512880.SH,512000.SH,512480.SH"
2022-10-26,-0.003735582809895277,-0.003735582809895277,0.0,0,"512760.SH,515050.SH,512880.SH,512000.SH,512480.SH"
2022-10-27,-0.02114952728152275,-0.02114952728152275,0.0,0,"512760.SH,515050.SH,512880.SH,512000.SH,512480.SH"
2022-10-28,0.02089439146220684,0.02089439146220684,0.0,0,"512760.SH,515050.SH,512880.SH,512000.SH,512480.SH"
2022-10-31,0.017697203904390335,0.017697203904390335,0.0,0,"512760.SH,515050.SH,512880.SH,512000.SH,512480.SH"
2022-11-01,0.008006466552615166,0.006006466552615166,2.0,1,"515650.SH,159928.SZ,512690.SH,510630.SH,512810.SH"
2022-11-02,-0.0015037615085020661,-0.0015037615085020661,0.0,0,"515650.SH,159928.SZ,512690.SH,510630.SH,512810.SH"
2022-11-03,0.03424176573753357,0.03424176573753357,0.0,0,"515650.SH,159928.SZ,512690.SH,510630.SH,512810.SH"
2022-11-04,0.0033432941418141127,0.0033432941418141127,0.0,0,"515650.SH,159928.SZ,512690.SH,510630.SH,512810.SH"
2022-11-07,-0.00789065845310688,-0.00789065845310688,0.0,0,"515650.SH,159928.SZ,512690.SH,510630.SH,512810.SH"
2022-11-08,-0.0186103954911232,-0.0186103954911232,0.0,0,"515650.SH,159928.SZ,512690.SH,510630.SH,512810.SH"
2022-11-09,0.03605527803301811,0.03605527803301811,0.0,0,"515650.SH,159928.SZ,512690.SH,510630.SH,512810.SH"
2022-11-10,-0.00010937107435893267,-0.00010937107435893267,0.0,0,"515650.SH,159928.SZ,512690.SH,510630.SH,512810.SH"
2022-11-11,-0.010878106579184532,-0.010878106579184532,0.0,0,"515650.SH,159928.SZ,512690.SH,510630.SH,512810.SH"
2022-11-14,0.020882558077573776,0.020882558077573776,0.0,0,"515650.SH,159928.SZ,512690.SH,510630.SH,512810.SH"
2022-11-15,0.00027912360383197665,0.00027912360383197665,0.0,0,"515650.SH,159928.SZ,512690.SH,510630.SH,512810.SH"
2022-11-16,-0.00015267934941221029,-0.00015267934941221029,0.0,0,"515650.SH,159928.SZ,512690.SH,510630.SH,512810.SH"
2022-11-17,-0.013933959417045116,-0.013933959417045116,0.0,0,"515650.SH,159928.SZ,512690.SH,510630.SH,512810.SH"
2022-11-18,-0.008139687590301037,-0.008139687590301037,0.0,0,"515650.SH,159928.SZ,512690.SH,510630.SH,512810.SH"
2022-11-21,-0.001394414808601141,-0.001394414808601141,0.0,0,"515650.SH,159928.SZ,512690.SH,510630.SH,512810.SH"
2022-11-22,-0.0006881827721372247,-0.0006881827721372247,0.0,0,"515650.SH,159928.SZ,512690.SH,510630.SH,512810.SH"
2022-11-23,-0.01167809683829546,-0.01167809683829546,0.0,0,"515650.SH,159928.SZ,512690.SH,510630.SH,512810.SH"
2022-11-24,-0.017454110085964203,-0.017454110085964203,0.0,0,"515650.SH,159928.SZ,512690.SH,510630.SH,512810.SH"
2022-11-25,0.0228694137185812,0.0228694137185812,0.0,0,"515650.SH,159928.SZ,512690.SH,510630.SH,512810.SH"
2022-11-28,0.02245326340198517,0.02245326340198517,0.0,0,"515650.SH,159928.SZ,512690.SH,510630.SH,512810.SH"
2022-11-29,0.024911975488066673,0.024911975488066673,0.0,0,"515650.SH,159928.SZ,512690.SH,510630.SH,512810.SH"
2022-11-30,0.0007987585850059986,0.0007987585850059986,0.0,0,"515650.SH,159928.SZ,512690.SH,510630.SH,512810.SH"
2022-12-01,0.0027621197514235973,0.0007621197514235973,2.0,1,"512800.SH,512700.SH,512880.SH,512000.SH,512480.SH"
2022-12-02,0.013027677312493324,0.013027677312493324,0.0,0,"512800.SH,512700.SH,512880.SH,512000.SH,512480.SH"
2022-12-05,0.003000080119818449,0.003000080119818449,0.0,0,"512800.SH,512700.SH,512880.SH,512000.SH,512480.SH"
2022-12-06,-0.00684764888137579,-0.00684764888137579,0.0,0,"512800.SH,512700.SH,512880.SH,512000.SH,512480.SH"
2022-12-07,0.00015471615188289434,0.00015471615188289434,0.0,0,"512800.SH,512700.SH,512880.SH,512000.SH,512480.SH"
2022-12-08,0.0036846876610070467,0.0036846876610070467,0.0,0,"512800.SH,512700.SH,512880.SH,512000.SH,512480.SH"
2022-12-09,-0.00998578779399395,-0.00998578779399395,0.0,0,"512800.SH,512700.SH,512880.SH,512000.SH,512480.SH"
2022-12-12,0.00913521833717823,0.00913521833717823,0.0,0,"512800.SH,512700.SH,512880.SH,512000.SH,512480.SH"
2022-12-13,-0.006894788704812527,-0.006894788704812527,0.0,0,"512800.SH,512700.SH,512880.SH,512000.SH,512480.SH"
2022-12-14,-0.0062889172695577145,-0.0062889172695577145,0.0,0,"512800.SH,512700.SH,512880.SH,512000.SH,512480.SH"
2022-12-15,0.004893667064607143,0.004893667064607143,0.0,0,"512800.SH,512700.SH,512880.SH,512000.SH,512480.SH"
2022-12-16,-0.025642935186624527,-0.025642935186624527,0.0,0,"512800.SH,512700.SH,512880.SH,512000.SH,512480.SH"
2022-12-19,-0.0038901884108781815,-0.0038901884108781815,0.0,0,"512800.SH,512700.SH,512880.SH,512000.SH,512480.SH"
2022-12-20,0.0020624957978725433,0.0020624957978725433,0.0,0,"512800.SH,512700.SH,512880.SH,512000.SH,512480.SH"
2022-12-21,-0.012708361260592937,-0.012708361260592937,0.0,0,"512800.SH,512700.SH,512880.SH,512000.SH,512480.SH"
2022-12-22,8.994303789222613e-05,8.994303789222613e-05,0.0,0,"512800.SH,512700.SH,512880.SH,512000.SH,512480.SH"
2022-12-23,0.00769035005941987,0.00769035005941987,0.0,0,"512800.SH,512700.SH,512880.SH,512000.SH,512480.SH"
2022-12-26,0.006942742969840765,0.006942742969840765,0.0,0,"512800.SH,512700.SH,512880.SH,512000.SH,512480.SH"
2022-12-27,-0.000749287661164999,-0.000749287661164999,0.0,0,"512800.SH,512700.SH,512880.SH,512000.SH,512480.SH"
2022-12-28,0.001914249500259757,0.001914249500259757,0.0,0,"512800.SH,512700.SH,512880.SH,512000.SH,512480.SH"
2022-12-29,-0.003238049801439047,-0.003238049801439047,0.0,0,"512800.SH,512700.SH,512880.SH,512000.SH,512480.SH"
2022-12-30,0.004778582137078047,0.004778582137078047,0.0,0,"512800.SH,512700.SH,512880.SH,512000.SH,512480.SH"
2023-01-03,-0.0016687698662281036,-0.0036687698662281037,2.0,1,"512690.SH,512660.SH,512720.SH,512710.SH,159909.SZ"
2023-01-04,0.012898659333586693,0.012898659333586693,0.0,0,"512690.SH,512660.SH,512720.SH,512710.SH,159909.SZ"
2023-01-05,-0.002109310356900096,-0.002109310356900096,0.0,0,"512690.SH,512660.SH,512720.SH,512710.SH,159909.SZ"
2023-01-06,-0.0027767966967076063,-0.0027767966967076063,0.0,0,"512690.SH,512660.SH,512720.SH,512710.SH,159909.SZ"
2023-01-09,-0.0006197472102940083,-0.0006197472102940083,0.0,0,"512690.SH,512660.SH,512720.SH,512710.SH,159909.SZ"
2023-01-10,-0.005452222190797329,-0.005452222190797329,0.0,0,"512690.SH,512660.SH,512720.SH,512710.SH,159909.SZ"
2023-01-11,-0.005667015910148621,-0.005667015910148621,0.0,0,"512690.SH,512660.SH,512720.SH,512710.SH,159909.SZ"
2023-01-12,0.005564892198890448,0.005564892198890448,0.0,0,"512690.SH,512660.SH,512720.SH,512710.SH,159909.SZ"
2023-01-13,0.01861574314534664,0.01861574314534664,0.0,0,"512690.SH,512660.SH,512720.SH,512710.SH,159909.SZ"
2023-01-16,0.003766407025977969,0.003766407025977969,0.0,0,"512690.SH,512660.SH,512720.SH,512710.SH,159909.SZ"
2023-01-17,0.0014128955081105232,0.0014128955081105232,0.0,0,"512690.SH,512660.SH,512720.SH,512710.SH,159909.SZ"
2023-01-18,0.021083364263176918,0.021083364263176918,0.0,0,"512690.SH,512660.SH,512720.SH,512710.SH,159909.SZ"
2023-01-19,0.017033716663718224,0.017033716663718224,0.0,0,"512690.SH,512660.SH,512720.SH,512710.SH,159909.SZ"
2023-01-20,0.0030767451971769333,0.0030767451971769333,0.0,0,"512690.SH,512660.SH,512720.SH,512710.SH,159909.SZ"
2023-01-30,-0.010215945541858673,-0.010215945541858673,0.0,0,"512690.SH,512660.SH,512720.SH,512710.SH,159909.SZ"
2023-01-31,0.01609634794294834,0.01609634794294834,0.0,0,"512690.SH,512660.SH,512720.SH,512710.SH,159909.SZ"
2023-02-01,-0.004166805651038885,-0.005766805651038885,1.6,1,"512720.SH,515650.SH,159928.SZ,512480.SH,159940.SZ"
2023-02-02,-0.006055649369955063,-0.006055649369955063,0.0,0,"512720.SH,515650.SH,159928.SZ,512480.SH,159940.SZ"
2023-02-03,-0.006456679664552212,-0.006456679664552212,0.0,0,"512720.SH,515650.SH,159928.SZ,512480.SH,159940.SZ"
2023-02-06,0.0035006708931177855,0.0035006708931177855,0.0,0,"512720.SH,515650.SH,159928.SZ,512480.SH,159940.SZ"
2023-02-07,-0.01215598825365305,-0.01215598825365305,0.0,0,"512720.SH,515650.SH,159928.SZ,512480.SH,159940.SZ"
2023-02-08,0.027183135971426964,0.027183135971426964,0.0,0,"512720.SH,515650.SH,159928.SZ,512480.SH,159940.SZ"
2023-02-09,-0.00888335146009922,-0.00888335146009922,0.0,0,"512720.SH,515650.SH,159928.SZ,512480.SH,159940.SZ"
2023-02-10,0.017872650176286697,0.017872650176286697,0.0,0,"512720.SH,515650.SH,159928.SZ,512480.SH,159940.SZ"
2023-02-13,-0.006196348462253809,-0.006196348462253809,0.0,0,"512720.SH,515650.SH,159928.SZ,512480.SH,159940.SZ"
2023-02-14,0.002633899450302124,0.002633899450302124,0.0,0,"512720.SH,515650.SH,159928.SZ,512480.SH,159940.SZ"
2023-02-15,-0.010942840948700905,-0.010942840948700905,0.0,0,"512720.SH,515650.SH,159928.SZ,512480.SH,159940.SZ"
2023-02-16,-0.016917817294597626,-0.016917817294597626,0.0,0,"512720.SH,515650.SH,159928.SZ,512480.SH,159940.SZ"
2023-02-17,0.024363307282328606,0.024363307282328606,0.0,0,"512720.SH,515650.SH,159928.SZ,512480.SH,159940.SZ"
2023-02-20,-0.004266070667654276,-0.004266070667654276,0.0,0,"512720.SH,515650.SH,159928.SZ,512480.SH,159940.SZ"
2023-02-21,-0.001883731223642826,-0.001883731223642826,0.0,0,"512720.SH,515650.SH,159928.SZ,512480.SH,159940.SZ"
2023-02-22,-0.00422684708610177,-0.00422684708610177,0.0,0,"512720.SH,515650.SH,159928.SZ,512480.SH,159940.SZ"
2023-02-23,-0.013030405156314373,-0.013030405156314373,0.0,0,"512720.SH,515650.SH,159928.SZ,512480.SH,159940.SZ"
2023-02-24,0.004886156879365444,0.004886156879365444,0.0,0,"512720.SH,515650.SH,159928.SZ,512480.SH,159940.SZ"
2023-02-27,0.0017959853867068887,0.0017959853867068887,0.0,0,"512720.SH,515650.SH,159928.SZ,512480.SH,159940.SZ"
2023-02-28,0.017066214233636856,0.017066214233636856,0.0,0,"512720.SH,515650.SH,159928.SZ,512480.SH,159940.SZ"
2023-03-01,0.002994427690282464,0.000994427690282464,2.0,1,"159939.SZ,515880.SH,512700.SH,510650.SH,512640.SH"
2023-03-02,0.010176628828048706,0.010176628828048706,0.0,0,"159939.SZ,515880.SH,512700.SH,510650.SH,512640.SH"
2023-03-03,-0.011284352280199528,-0.011284352280199528,0.0,0,"159939.SZ,515880.SH,512700.SH,510650.SH,512640.SH"
2023-03-06,-0.02329559624195099,-0.02329559624195099,0.0,0,"159939.SZ,515880.SH,512700.SH,510650.SH,512640.SH"
2023-03-07,0.008163822814822197,0.008163822814822197,0.0,0,"159939.SZ,515880.SH,512700.SH,510650.SH,512640.SH"
2023-03-08,-0.004818091634660959,-0.004818091634660959,0.0,0,"159939.SZ,515880.SH,512700.SH,510650.SH,512640.SH"
2023-03-09,-0.010775033384561539,-0.010775033384561539,0.0,0,"159939.SZ,515880.SH,512700.SH,510650.SH,512640.SH"
2023-03-10,0.007929205894470215,0.007929205894470215,0.0,0,"159939.SZ,515880.SH,512700.SH,510650.SH,512640.SH"
2023-03-13,0.001438779174350202,0.001438779174350202,0.0,0,"159939.SZ,515880.SH,512700.SH,510650.SH,512640.SH"
2023-03-14,-0.004523850046098232,-0.004523850046098232,0.0,0,"159939.SZ,515880.SH,512700.SH,510650.SH,512640.SH"
2023-03-15,0.002647096524015069,0.002647096524015069,0.0,0,"159939.SZ,515880.SH,512700.SH,510650.SH,512640.SH"
2023-03-16,0.017962832003831863,0.017962832003831863,0.0,0,"159939.SZ,515880.SH,512700.SH,510650.SH,512640.SH"
2023-03-17,-0.002067646011710167,-0.002067646011710167,0.0,0,"159939.SZ,515880.SH,512700.SH,510650.SH,512640.SH"
2023-03-20,0.0021396707743406296,0.0021396707743406296,0.0,0,"159939.SZ,515880.SH,512700.SH,510650.SH,512640.SH"
2023-03-21,0.014216679148375988,0.014216679148375988,0.0,0,"159939.SZ,515880.SH,512700.SH,510650.SH,512640.SH"
2023-03-22,0.017994482070207596,0.017994482070207596,0.0,0,"159939.SZ,515880.SH,512700.SH,510650.SH,512640.SH"
2023-03-23,-0.003182812128216028,-0.003182812128216028,0.0,0,"159939.SZ,515880.SH,512700.SH,510650.SH,512640.SH"
2023-03-24,-0.004056202247738838,-0.004056202247738838,0.0,0,"159939.SZ,515880.SH,512700.SH,510650.SH,512640.SH"
2023-03-27,-0.009778136387467384,-0.009778136387467384,0.0,0,"159939.SZ,515880.SH,512700.SH,510650.SH,512640.SH"
2023-03-28,0.004684012848883867,0.004684012848883867,0.0,0,"159939.SZ,515880.SH,512700.SH,510650.SH,512640.SH"
2023-03-29,-0.0032674625981599092,-0.0032674625981599092,0.0,0,"159939.SZ,515880.SH,512700.SH,510650.SH,512640.SH"
2023-03-30,0.009063571691513062,0.009063571691513062,0.0,0,"159939.SZ,515880.SH,512700.SH,510650.SH,512640.SH"
2023-03-31,0.0178631991147995,0.0178631991147995,0.0,0,"159939.SZ,515880.SH,512700.SH,510650.SH,512640.SH"
2023-04-03,-0.011271275579929352,-0.013271275579929352,2.0,1,"512720.SH,512220.SH,512580.SH,512600.SH,159936.SZ"
2023-04-04,0.004207339137792587,0.004207339137792587,0.0,0,"512720.SH,512220.SH,512580.SH,512600.SH,159936.SZ"
2023-04-06,0.008143086917698383,0.008143086917698383,0.0,0,"512720.SH,512220.SH,512580.SH,512600.SH,159936.SZ"
2023-04-07,-0.021373054012656212,-0.021373054012656212,0.0,0,"512720.SH,512220.SH,512580.SH,512600.SH,159936.SZ"
2023-04-10,-0.0013567710993811488,-0.0013567710993811488,0.0,0,"512720.SH,512220.SH,512580.SH,512600.SH,159936.SZ"
2023-04-11,0.0021373231429606676,0.0021373231429606676,0.0,0,"512720.SH,512220.SH,512580.SH,512600.SH,159936.SZ"
2023-04-12,-0.013199159875512123,-0.013199159875512123,0.0,0,"512720.SH,512220.SH,512580.SH,512600.SH,159936.SZ"
2023-04-13,0.0045861368998885155,0.0045861368998885155,0.0,0,"512720.SH,512220.SH,512580.SH,512600.SH,159936.SZ"
2023-04-14,0.0013183563714846969,0.0013183563714846969,0.0,0,"512720.SH,512220.SH,512580.SH,512600.SH,159936.SZ"
2023-04-17,0.003851531073451042,0.003851531073451042,0.0,0,"512720.SH,512220.SH,512580.SH,512600.SH,159936.SZ"
2023-04-18,-0.006899918429553509,-0.006899918429553509,0.0,0,"512720.SH,512220.SH,512580.SH,512600.SH,159936.SZ"
2023-04-19,0.003454234916716814,0.003454234916716814,0.0,0,"512720.SH,512220.SH,512580.SH,512600.SH,159936.SZ"
2023-04-20,-0.02647765912115574,-0.02647765912115574,0.0,0,"512720.SH,512220.SH,512580.SH,512600.SH,159936.SZ"
2023-04-21,-0.010388371534645557,-0.010388371534645557,0.0,0,"512720.SH,512220.SH,512580.SH,512600.SH,159936.SZ"
2023-04-24,-0.009149611927568913,-0.009149611927568913,0.0,0,"512720.SH,512220.SH,512580.SH,512600.SH,159936.SZ"
2023-04-25,-0.007374619599431753,-0.007374619599431753,0.0,0,"512720.SH,512220.SH,512580.SH,512600.SH,159936.SZ"
2023-04-26,0.0018893058877438307,0.0018893058877438307,0.0,0,"512720.SH,512220.SH,512580.SH,512600.SH,159936.SZ"
2023-04-27,0.012952405028045177,0.012952405028045177,0.0,0,"512720.SH,512220.SH,512580.SH,512600.SH,159936.SZ"
2023-04-28,-0.01175654772669077,-0.01175654772669077,0.0,0,"512720.SH,512220.SH,512580.SH,512600.SH,159936.SZ"
2023-05-04,-0.004281271249055862,-0.005881271249055862,1.6,1,"512290.SH,510660.SH,512690.SH,512220.SH,159931.SZ"
2023-05-05,0.0006136473384685814,0.0006136473384685814,0.0,0,"512290.SH,510660.SH,512690.SH,512220.SH,159931.SZ"
2023-05-08,-0.009988212957978249,-0.009988212957978249,0.0,0,"512290.SH,510660.SH,512690.SH,512220.SH,159931.SZ"
2023-05-09,-0.0034392825327813625,-0.0034392825327813625,0.0,0,"512290.SH,510660.SH,512690.SH,512220.SH,159931.SZ"
2023-05-10,-0.004185134544968605,-0.004185134544968605,0.0,0,"512290.SH,510660.SH,512690.SH,512220.SH,159931.SZ"
2023-05-11,-0.013176672160625458,-0.013176672160625458,0.0,0,"512290.SH,510660.SH,512690.SH,512220.SH,159931.SZ"
2023-05-12,0.020028406754136086,0.020028406754136086,0.0,0,"512290.SH,510660.SH,512690.SH,512220.SH,159931.SZ"
2023-05-15,-0.005772294942289591,-0.005772294942289591,0.0,0,"512290.SH,510660.SH,512690.SH,512220.SH,159931.SZ"
2023-05-16,-0.004314436577260494,-0.004314436577260494,0.0,0,"512290.SH,510660.SH,512690.SH,512220.SH,159931.SZ"
2023-05-17,-0.0032202363945543766,-0.0032202363945543766,0.0,0,"512290.SH,510660.SH,512690.SH,512220.SH,159931.SZ"
2023-05-18,0.00836913287639618,0.00836913287639618,0.0,0,"512290.SH,510660.SH,512690.SH,512220.SH,159931.SZ"
2023-05-19,0.00403366144746542,0.00403366144746542,0.0,0,"512290.SH,510660.SH,512690.SH,512220.SH,159931.SZ"
2023-05-22,-0.00900211464613676,-0.00900211464613676,0.0,0,"512290.SH,510660.SH,512690.SH,512220.SH,159931.SZ"
2023-05-23,-0.015547260642051697,-0.015547260642051697,0.0,0,"512290.SH,510660.SH,512690.SH,512220.SH,159931.SZ"
2023-05-24,0.000999665237031877,0.000999665237031877,0.0,0,"512290.SH,510660.SH,512690.SH,512220.SH,159931.SZ"
2023-05-25,0.008322658017277718,0.008322658017277718,0.0,0,"512290.SH,510660.SH,512690.SH,512220.SH,159931.SZ"
2023-05-26,-0.004480202682316303,-0.004480202682316303,0.0,0,"512290.SH,510660.SH,512690.SH,512220.SH,159931.SZ"
2023-05-29,-0.0033699381165206432,-0.0033699381165206432,0.0,0,"512290.SH,510660.SH,512690.SH,512220.SH,159931.SZ"
2023-05-30,-0.009942937642335892,-0.009942937642335892,0.0,0,"512290.SH,510660.SH,512690.SH,512220.SH,159931.SZ"
2023-05-31,0.010525613091886044,0.010525613091886044,0.0,0,"512290.SH,510660.SH,512690.SH,512220.SH,159931.SZ"
2023-06-01,0.01036831270903349,0.008768312709033489,1.6,1,"512690.SH,512480.SH,512760.SH,515650.SH,512200.SH"
2023-06-02,-0.007704636547714472,-0.007704636547714472,0.0,0,"512690.SH,512480.SH,512760.SH,515650.SH,512200.SH"
2023-06-05,-0.008923112414777279,-0.008923112414777279,0.0,0,"512690.SH,512480.SH,512760.SH,515650.SH,512200.SH"
2023-06-06,-0.004427051171660423,-0.004427051171660423,0.0,0,"512690.SH,512480.SH,512760.SH,515650.SH,512200.SH"
2023-06-07,0.0035721040330827236,0.0035721040330827236,0.0,0,"512690.SH,512480.SH,512760.SH,515650.SH,512200.SH"
2023-06-08,-0.0010758436983451247,-0.0010758436983451247,0.0,0,"512690.SH,512480.SH,512760.SH,515650.SH,512200.SH"
2023-06-09,0.012701069936156273,0.012701069936156273,0.0,0,"512690.SH,512480.SH,512760.SH,515650.SH,512200.SH"
2023-06-12,0.015392005443572998,0.015392005443572998,0.0,0,"512690.SH,512480.SH,512760.SH,515650.SH,512200.SH"
2023-06-13,0.0067693255841732025,0.0067693255841732025,0.0,0,"512690.SH,512480.SH,512760.SH,515650.SH,512200.SH"
2023-06-14,0.004921888001263142,0.004921888001263142,0.0,0,"512690.SH,512480.SH,512760.SH,515650.SH,512200.SH"
2023-06-15,0.00542741222307086,0.00542741222307086,0.0,0,"512690.SH,512480.SH,512760.SH,515650.SH,512200.SH"
2023-06-16,-0.012640455737709999,-0.012640455737709999,0.0,0,"512690.SH,512480.SH,512760.SH,515650.SH,512200.SH"
2023-06-19,-0.009845146909356117,-0.009845146909356117,0.0,0,"512690.SH,512480.SH,512760.SH,515650.SH,512200.SH"
2023-06-20,-0.027959123253822327,-0.027959123253822327,0.0,0,"512690.SH,512480.SH,512760.SH,515650.SH,512200.SH"
2023-06-21,-0.007645122706890106,-0.007645122706890106,0.0,0,"512690.SH,512480.SH,512760.SH,515650.SH,512200.SH"
2023-06-26,0.01015408057719469,0.01015408057719469,0.0,0,"512690.SH,512480.SH,512760.SH,515650.SH,512200.SH"
2023-06-27,-0.0008389603463001549,-0.0008389603463001549,0.0,0,"512690.SH,512480.SH,512760.SH,515650.SH,512200.SH"
2023-06-28,-0.01019657589495182,-0.01019657589495182,0.0,0,"512690.SH,512480.SH,512760.SH,515650.SH,512200.SH"
2023-06-29,0.007318679243326187,0.007318679243326187,0.0,0,"512690.SH,512480.SH,512760.SH,515650.SH,512200.SH"
2023-06-30,0.010872462764382362,0.010872462764382362,0.0,0,"512690.SH,512480.SH,512760.SH,515650.SH,512200.SH"
2023-07-03,0.007872307673096657,0.005872307673096657,2.0,1,"515880.SH,512710.SH,512980.SH,515050.SH,512660.SH"
2023-07-04,-0.015942208468914032,-0.015942208468914032,0.0,0,"515880.SH,512710.SH,512980.SH,515050.SH,512660.SH"
2023-07-05,-0.0023489883169531822,-0.0023489883169531822,0.0,0,"515880.SH,512710.SH,512980.SH,515050.SH,512660.SH"
2023-07-06,-0.004475504159927368,-0.004475504159927368,0.0,0,"515880.SH,512710.SH,512980.SH,515050.SH,512660.SH"
2023-07-07,-0.0004978479701094329,-0.0004978479701094329,0.0,0,"515880.SH,512710.SH,512980.SH,515050.SH,512660.SH"
2023-07-10,0.010602090507745743,0.010602090507745743,0.0,0,"515880.SH,512710.SH,512980.SH,515050.SH,512660.SH"
2023-07-11,-0.025280054658651352,-0.025280054658651352,0.0,0,"515880.SH,512710.SH,512980.SH,515050.SH,512660.SH"
2023-07-12,0.026578819379210472,0.026578819379210472,0.0,0,"515880.SH,512710.SH,512980.SH,515050.SH,512660.SH"
2023-07-13,0.0004099779762327671,0.0004099779762327671,0.0,0,"515880.SH,512710.SH,512980.SH,515050.SH,512660.SH"
2023-07-14,0.001663337228819728,0.001663337228819728,0.0,0,"515880.SH,512710.SH,512980.SH,515050.SH,512660.SH"
2023-07-17,-0.00882166251540184,-0.00882166251540184,0.0,0,"515880.SH,512710.SH,512980.SH,515050.SH,512660.SH"
2023-07-18,-0.005088016390800476,-0.005088016390800476,0.0,0,"515880.SH,512710.SH,512980.SH,515050.SH,512660.SH"
2023-07-19,-0.03275547921657562,-0.03275547921657562,0.0,0,"515880.SH,512710.SH,512980.SH,515050.SH,512660.SH"
2023-07-20,-0.006159799173474312,-0.006159799173474312,0.0,0,"515880.SH,512710.SH,512980.SH,515050.SH,512660.SH"
2023-07-21,0.016954222694039345,0.016954222694039345,0.0,0,"515880.SH,512710.SH,512980.SH,515050.SH,512660.SH"
2023-07-24,0.003958264831453562,0.003958264831453562,0.0,0,"515880.SH,512710.SH,512980.SH,515050.SH,512660.SH"
2023-07-25,-0.016616731882095337,-0.016616731882095337,0.0,0,"515880.SH,512710.SH,512980.SH,515050.SH,512660.SH"
2023-07-26,-0.011996319517493248,-0.011996319517493248,0.0,0,"515880.SH,512710.SH,512980.SH,515050.SH,512660.SH"
2023-07-27,0.0033108401112258434,0.0033108401112258434,0.0,0,"515880.SH,512710.SH,512980.SH,515050.SH,512660.SH"
2023-07-28,0.004475144669413567,0.004475144669413567,0.0,0,"515880.SH,512710.SH,512980.SH,515050.SH,512660.SH"
2023-07-31,0.009639054536819458,0.009639054536819458,0.0,0,"515880.SH,512710.SH,512980.SH,515050.SH,512660.SH"
2023-08-01,0.002440253272652626,0.000440253272652626,2.0,1,"512690.SH,512200.SH,512800.SH,512000.SH,159928.SZ"
2023-08-02,0.03022247925400734,0.03022247925400734,0.0,0,"512690.SH,512200.SH,512800.SH,512000.SH,159928.SZ"
2023-08-03,-0.023200098425149918,-0.023200098425149918,0.0,0,"512690.SH,512200.SH,512800.SH,512000.SH,159928.SZ"
2023-08-04,-0.006248299032449722,-0.006248299032449722,0.0,0,"512690.SH,512200.SH,512800.SH,512000.SH,159928.SZ"
2023-08-07,-0.00517731998115778,-0.00517731998115778,0.0,0,"512690.SH,512200.SH,512800.SH,512000.SH,159928.SZ"
2023-08-08,0.0029174298979341984,0.0029174298979341984,0.0,0,"512690.SH,512200.SH,512800.SH,512000.SH,159928.SZ"
2023-08-09,0.005030823405832052,0.005030823405832052,0.0,0,"512690.SH,512200.SH,512800.SH,512000.SH,159928.SZ"
2023-08-10,-0.03681924194097519,-0.03681924194097519,0.0,0,"512690.SH,512200.SH,512800.SH,512000.SH,159928.SZ"
2023-08-11,0.00015883063315413892,0.00015883063315413892,0.0,0,"512690.SH,512200.SH,512800.SH,512000.SH,159928.SZ"
2023-08-14,-0.0005287150852382183,-0.0005287150852382183,0.0,0,"512690.SH,512200.SH,512800.SH,512000.SH,159928.SZ"
2023-08-15,0.0034222013782709837,0.0034222013782709837,0.0,0,"512690.SH,512200.SH,512800.SH,512000.SH,159928.SZ"
2023-08-16,0.010603704489767551,0.010603704489767551,0.0,0,"512690.SH,512200.SH,512800.SH,512000.SH,159928.SZ"
2023-08-17,-0.018658887594938278,-0.018658887594938278,0.0,0,"512690.SH,512200.SH,512800.SH,512000.SH,159928.SZ"
2023-08-18,-0.0083116814494133,-0.0083116814494133,0.0,0,"512690.SH,512200.SH,512800.SH,512000.SH,159928.SZ"
2023-08-21,-0.0003516836150083691,-0.0003516836150083691,0.0,0,"512690.SH,512200.SH,512800.SH,512000.SH,159928.SZ"
2023-08-22,-0.010639962740242481,-0.010639962740242481,0.0,0,"512690.SH,512200.SH,512800.SH,512000.SH,159928.SZ"
2023-08-23,0.003834365401417017,0.003834365401417017,0.0,0,"512690.SH,512200.SH,512800.SH,512000.SH,159928.SZ"
2023-08-24,0.07970590144395828,0.07970590144395828,0.0,0,"512690.SH,512200.SH,512800.SH,512000.SH,159928.SZ"
2023-08-25,-0.056089527904987335,-0.056089527904987335,0.0,0,"512690.SH,512200.SH,512800.SH,512000.SH,159928.SZ"
2023-08-28,0.011413722299039364,0.011413722299039364,0.0,0,"512690.SH,512200.SH,512800.SH,512000.SH,159928.SZ"
2023-08-29,-0.009442205540835857,-0.009442205540835857,0.0,0,"512690.SH,512200.SH,512800.SH,512000.SH,159928.SZ"
2023-08-30,-0.007515353616327047,-0.007515353616327047,0.0,0,"512690.SH,512200.SH,512800.SH,512000.SH,159928.SZ"
2023-08-31,0.007216883357614279,0.007216883357614279,0.0,0,"512690.SH,512200.SH,512800.SH,512000.SH,159928.SZ"
2023-09-01,0.001723322318866849,0.000523322318866849,1.2,1,"512880.SH,512000.SH,159909.SZ,512200.SH,512980.SH"
2023-09-04,-0.017707565799355507,-0.017707565799355507,0.0,0,"512880.SH,512000.SH,159909.SZ,512200.SH,512980.SH"
2023-09-05,0.001828110427595675,0.001828110427595675,0.0,0,"512880.SH,512000.SH,159909.SZ,512200.SH,512980.SH"
2023-09-06,-0.014405672438442707,-0.014405672438442707,0.0,0,"512880.SH,512000.SH,159909.SZ,512200.SH,512980.SH"
2023-09-07,0.0006635490572080016,0.0006635490572080016,0.0,0,"512880.SH,512000.SH,159909.SZ,512200.SH,512980.SH"
2023-09-08,0.008272184059023857,0.008272184059023857,0.0,0,"512880.SH,512000.SH,159909.SZ,512200.SH,512980.SH"
2023-09-11,-0.006106839515268803,-0.006106839515268803,0.0,0,"512880.SH,512000.SH,159909.SZ,512200.SH,512980.SH"
2023-09-12,-0.009565189480781555,-0.009565189480781555,0.0,0,"512880.SH,512000.SH,159909.SZ,512200.SH,512980.SH"
2023-09-13,-0.0010006895754486322,-0.0010006895754486322,0.0,0,"512880.SH,512000.SH,159909.SZ,512200.SH,512980.SH"
2023-09-14,-0.011098465882241726,-0.011098465882241726,0.0,0,"512880.SH,512000.SH,159909.SZ,512200.SH,512980.SH"
2023-09-15,0.0019321473082527518,0.0019321473082527518,0.0,0,"512880.SH,512000.SH,159909.SZ,512200.SH,512980.SH"
2023-09-18,-0.005856364034116268,-0.005856364034116268,0.0,0,"512880.SH,512000.SH,159909.SZ,512200.SH,512980.SH"
2023-09-19,-0.004652663599699736,-0.004652663599699736,0.0,0,"512880.SH,512000.SH,159909.SZ,512200.SH,512980.SH"
2023-09-20,-0.00644709775224328,-0.00644709775224328,0.0,0,"512880.SH,512000.SH,159909.SZ,512200.SH,512980.SH"
2023-09-21,0.029120614752173424,0.029120614752173424,0.0,0,"512880.SH,512000.SH,159909.SZ,512200.SH,512980.SH"
2023-09-22,-0.015275465324521065,-0.015275465324521065,0.0,0,"512880.SH,512000.SH,159909.SZ,512200.SH,512980.SH"
2023-09-25,0.002873145742341876,0.002873145742341876,0.0,0,"512880.SH,512000.SH,159909.SZ,512200.SH,512980.SH"
2023-09-26,0.004879344720393419,0.004879344720393419,0.0,0,"512880.SH,512000.SH,159909.SZ,512200.SH,512980.SH"
2023-09-27,-0.0073446184396743774,-0.0073446184396743774,0.0,0,"512880.SH,512000.SH,159909.SZ,512200.SH,512980.SH"
2023-09-28,-0.008674991317093372,-0.008674991317093372,0.0,0,"512880.SH,512000.SH,159909.SZ,512200.SH,512980.SH"
2023-10-09,0.001870797947049141,0.00027079794704914085,1.6,1,"512720.SH,159939.SZ,512760.SH,515050.SH,512200.SH"
2023-10-10,0.0171063169836998,0.0171063169836998,0.0,0,"512720.SH,159939.SZ,512760.SH,515050.SH,512200.SH"
2023-10-11,-0.010440659709274769,-0.010440659709274769,0.0,0,"512720.SH,159939.SZ,512760.SH,515050.SH,512200.SH"
2023-10-12,-0.001927540055476129,-0.001927540055476129,0.0,0,"512720.SH,159939.SZ,512760.SH,515050.SH,512200.SH"
2023-10-13,-0.018109319731593132,-0.018109319731593132,0.0,0,"512720.SH,159939.SZ,512760.SH,515050.SH,512200.SH"
2023-10-16,-0.003443600609898567,-0.003443600609898567,0.0,0,"512720.SH,159939.SZ,512760.SH,515050.SH,512200.SH"
2023-10-17,-0.01939449831843376,-0.01939449831843376,0.0,0,"512720.SH,159939.SZ,512760.SH,515050.SH,512200.SH"
2023-10-18,-0.003919196780771017,-0.003919196780771017,0.0,0,"512720.SH,159939.SZ,512760.SH,515050.SH,512200.SH"
2023-10-19,-0.018861975520849228,-0.018861975520849228,0.0,0,"512720.SH,159939.SZ,512760.SH,515050.SH,512200.SH"
2023-10-20,-0.011421529576182365,-0.011421529576182365,0.0,0,"512720.SH,159939.SZ,512760.SH,515050.SH,512200.SH"
2023-10-23,0.01721852459013462,0.01721852459013462,0.0,0,"512720.SH,159939.SZ,512760.SH,515050.SH,512200.SH"
2023-10-24,-0.00787009485065937,-0.00787009485065937,0.0,0,"512720.SH,159939.SZ,512760.SH,515050.SH,512200.SH"
2023-10-25,-0.00013582214887719601,-0.00013582214887719601,0.0,0,"512720.SH,159939.SZ,512760.SH,515050.SH,512200.SH"
2023-10-26,0.014936855062842369,0.014936855062842369,0.0,0,"512720.SH,159939.SZ,512760.SH,515050.SH,512200.SH"
2023-10-27,0.029758255928754807,0.029758255928754807,0.0,0,"512720.SH,159939.SZ,512760.SH,515050.SH,512200.SH"
2023-10-30,-0.006090295966714621,-0.006090295966714621,0.0,0,"512720.SH,159939.SZ,512760.SH,515050.SH,512200.SH"
2023-10-31,-0.007436331361532211,-0.007436331361532211,0.0,0,"512720.SH,159939.SZ,512760.SH,515050.SH,512200.SH"
2023-11-01,-0.006921015679836273,-0.008121015679836273,1.2,1,"512980.SH,159939.SZ,512480.SH,512720.SH,515880.SH"
2023-11-02,0.02899857796728611,0.02899857796728611,0.0,0,"512980.SH,159939.SZ,512480.SH,512720.SH,515880.SH"
2023-11-03,0.020005375146865845,0.020005375146865845,0.0,0,"512980.SH,159939.SZ,512480.SH,512720.SH,515880.SH"
2023-11-06,0.007202286273241043,0.007202286273241043,0.0,0,"512980.SH,159939.SZ,512480.SH,512720.SH,515880.SH"
2023-11-07,0.00957108661532402,0.00957108661532402,0.0,0,"512980.SH,159939.SZ,512480.SH,512720.SH,515880.SH"
2023-11-08,-0.011209985241293907,-0.011209985241293907,0.0,0,"512980.SH,159939.SZ,512480.SH,512720.SH,515880.SH"
2023-11-09,0.00255386414937675,0.00255386414937675,0.0,0,"512980.SH,159939.SZ,512480.SH,512720.SH,515880.SH"
2023-11-10,0.010253160260617733,0.010253160260617733,0.0,0,"512980.SH,159939.SZ,512480.SH,512720.SH,515880.SH"
2023-11-13,0.015158876776695251,0.015158876776695251,0.0,0,"512980.SH,159939.SZ,512480.SH,512720.SH,515880.SH"
2023-11-14,-0.014298522844910622,-0.014298522844910622,0.0,0,"512980.SH,159939.SZ,512480.SH,512720.SH,515880.SH"
2023-11-15,-0.01117834635078907,-0.01117834635078907,0.0,0,"512980.SH,159939.SZ,512480.SH,512720.SH,515880.SH"
2023-11-16,0.010734839364886284,0.010734839364886284,0.0,0,"512980.SH,159939.SZ,512480.SH,512720.SH,515880.SH"
2023-11-17,0.004010035656392574,0.004010035656392574,0.0,0,"512980.SH,159939.SZ,512480.SH,512720.SH,515880.SH"
2023-11-20,-0.012853434309363365,-0.012853434309363365,0.0,0,"512980.SH,159939.SZ,512480.SH,512720.SH,515880.SH"
2023-11-21,-0.01362223643809557,-0.01362223643809557,0.0,0,"512980.SH,159939.SZ,512480.SH,512720.SH,515880.SH"
2023-11-22,0.005231673829257488,0.005231673829257488,0.0,0,"512980.SH,159939.SZ,512480.SH,512720.SH,515880.SH"
2023-11-23,-0.020883876830339432,-0.020883876830339432,0.0,0,"512980.SH,159939.SZ,512480.SH,512720.SH,515880.SH"
2023-11-24,0.000956668343860656,0.000956668343860656,0.0,0,"512980.SH,159939.SZ,512480.SH,512720.SH,515880.SH"
2023-11-27,0.003148537129163742,0.003148537129163742,0.0,0,"512980.SH,159939.SZ,512480.SH,512720.SH,515880.SH"
2023-11-28,-0.007776159793138504,-0.007776159793138504,0.0,0,"512980.SH,159939.SZ,512480.SH,512720.SH,515880.SH"
2023-11-29,-0.0029975350480526686,-0.0029975350480526686,0.0,0,"512980.SH,159939.SZ,512480.SH,512720.SH,515880.SH"
2023-11-30,0.02325489930808544,0.02325489930808544,0.0,0,"512980.SH,159939.SZ,512480.SH,512720.SH,515880.SH"
2023-12-01,-0.008050608448684216,-0.010050608448684216,2.0,1,"159930.SZ,159945.SZ,159938.SZ,510660.SH,512600.SH"
2023-12-04,-0.015993647277355194,-0.015993647277355194,0.0,0,"159930.SZ,159945.SZ,159938.SZ,510660.SH,512600.SH"
2023-12-05,-0.0006546067306771874,-0.0006546067306771874,0.0,0,"159930.SZ,159945.SZ,159938.SZ,510660.SH,512600.SH"
2023-12-06,-0.004995142109692097,-0.004995142109692097,0.0,0,"159930.SZ,159945.SZ,159938.SZ,510660.SH,512600.SH"
2023-12-07,-0.00041504023829475045,-0.00041504023829475045,0.0,0,"159930.SZ,159945.SZ,159938.SZ,510660.SH,512600.SH"
2023-12-08,0.011593209579586983,0.011593209579586983,0.0,0,"159930.SZ,159945.SZ,159938.SZ,510660.SH,512600.SH"
2023-12-11,-0.0018963677575811744,-0.0018963677575811744,0.0,0,"159930.SZ,159945.SZ,159938.SZ,510660.SH,512600.SH"
2023-12-12,-0.009926165454089642,-0.009926165454089642,0.0,0,"159930.SZ,159945.SZ,159938.SZ,510660.SH,512600.SH"
2023-12-13,-0.003785534296184778,-0.003785534296184778,0.0,0,"159930.SZ,159945.SZ,159938.SZ,510660.SH,512600.SH"
2023-12-14,-0.01301099918782711,-0.01301099918782711,0.0,0,"159930.SZ,159945.SZ,159938.SZ,510660.SH,512600.SH"
2023-12-15,0.0014440396334975958,0.0014440396334975958,0.0,0,"159930.SZ,159945.SZ,159938.SZ,510660.SH,512600.SH"
2023-12-18,-0.00344066321849823,-0.00344066321849823,0.0,0,"159930.SZ,159945.SZ,159938.SZ,510660.SH,512600.SH"
2023-12-19,-0.0031377121340483427,-0.0031377121340483427,0.0,0,"159930.SZ,159945.SZ,159938.SZ,510660.SH,512600.SH"
2023-12-20,0.006853365805000067,0.006853365805000067,0.0,0,"159930.SZ,159945.SZ,159938.SZ,510660.SH,512600.SH"
2023-12-21,0.0015535869169980288,0.0015535869169980288,0.0,0,"159930.SZ,159945.SZ,159938.SZ,510660.SH,512600.SH"
2023-12-22,0.0076362877152860165,0.0076362877152860165,0.0,0,"159930.SZ,159945.SZ,159938.SZ,510660.SH,512600.SH"
2023-12-25,-0.00864742137491703,-0.00864742137491703,0.0,0,"159930.SZ,159945.SZ,159938.SZ,510660.SH,512600.SH"
2023-12-26,0.009949995204806328,0.009949995204806328,0.0,0,"159930.SZ,159945.SZ,159938.SZ,510660.SH,512600.SH"
2023-12-27,0.004988524131476879,0.004988524131476879,0.0,0,"159930.SZ,159945.SZ,159938.SZ,510660.SH,512600.SH"
2023-12-28,0.007418230175971985,0.007418230175971985,0.0,0,"159930.SZ,159945.SZ,159938.SZ,510660.SH,512600.SH"
2023-12-29,0.004303515888750553,0.004303515888750553,0.0,0,"159930.SZ,159945.SZ,159938.SZ,510660.SH,512600.SH"
2024-01-02,-0.0028235807549208403,-0.00482358075492084,2.0,1,"512720.SH,512000.SH,512880.SH,512400.SH,512200.SH"
2024-01-03,-0.012009724043309689,-0.012009724043309689,0.0,0,"512720.SH,512000.SH,512880.SH,512400.SH,512200.SH"
2024-01-04,-0.00744965672492981,-0.00744965672492981,0.0,0,"512720.SH,512000.SH,512880.SH,512400.SH,512200.SH"
2024-01-05,-0.016101187095046043,-0.016101187095046043,0.0,0,"512720.SH,512000.SH,512880.SH,512400.SH,512200.SH"
2024-01-08,-0.004106813110411167,-0.004106813110411167,0.0,0,"512720.SH,512000.SH,512880.SH,512400.SH,512200.SH"
2024-01-09,-0.006906335707753897,-0.006906335707753897,0.0,0,"512720.SH,512000.SH,512880.SH,512400.SH,512200.SH"
2024-01-10,0.012472974136471748,0.012472974136471748,0.0,0,"512720.SH,512000.SH,512880.SH,512400.SH,512200.SH"
2024-01-11,-0.00895875133574009,-0.00895875133574009,0.0,0,"512720.SH,512000.SH,512880.SH,512400.SH,512200.SH"
2024-01-12,-0.0024907414335757494,-0.0024907414335757494,0.0,0,"512720.SH,512000.SH,512880.SH,512400.SH,512200.SH"
2024-01-15,0.00121267419308424,0.00121267419308424,0.0,0,"512720.SH,512000.SH,512880.SH,512400.SH,512200.SH"
2024-01-16,-0.025698360055685043,-0.025698360055685043,0.0,0,"512720.SH,512000.SH,512880.SH,512400.SH,512200.SH"
2024-01-17,0.006086078472435474,0.006086078472435474,0.0,0,"512720.SH,512000.SH,512880.SH,512400.SH,512200.SH"
2024-01-18,-0.004788991529494524,-0.004788991529494524,0.0,0,"512720.SH,512000.SH,512880.SH,512400.SH,512200.SH"
2024-01-19,-0.03621108457446098,-0.03621108457446098,0.0,0,"512720.SH,512000.SH,512880.SH,512400.SH,512200.SH"
2024-01-22,0.026596512645483017,0.026596512645483017,0.0,0,"512720.SH,512000.SH,512880.SH,512400.SH,512200.SH"
2024-01-23,0.02101087011396885,0.02101087011396885,0.0,0,"512720.SH,512000.SH,512880.SH,512400.SH,512200.SH"
2024-01-24,0.0264164749532938,0.0264164749532938,0.0,0,"512720.SH,512000.SH,512880.SH,512400.SH,512200.SH"
2024-01-25,0.009837467223405838,0.009837467223405838,0.0,0,"512720.SH,512000.SH,512880.SH,512400.SH,512200.SH"
2024-01-26,-0.02816948853433132,-0.02816948853433132,0.0,0,"512720.SH,512000.SH,512880.SH,512400.SH,512200.SH"
2024-01-29,-0.019154921174049377,-0.019154921174049377,0.0,0,"512720.SH,512000.SH,512880.SH,512400.SH,512200.SH"
2024-01-30,-0.02762717939913273,-0.02762717939913273,0.0,0,"512720.SH,512000.SH,512880.SH,512400.SH,512200.SH"
2024-01-31,0.0033774487674236298,0.0033774487674236298,0.0,0,"512720.SH,512000.SH,512880.SH,512400.SH,512200.SH"
2024-02-01,-0.046377670019865036,-0.04797767001986503,1.6,1,"512480.SH,512760.SH,512720.SH,512290.SH,512660.SH"
2024-02-02,-0.017788520082831383,-0.017788520082831383,0.0,0,"512480.SH,512760.SH,512720.SH,512290.SH,512660.SH"
2024-02-05,0.0845421701669693,0.0845421701669693,0.0,0,"512480.SH,512760.SH,512720.SH,512290.SH,512660.SH"
2024-02-06,0.03885835409164429,0.03885835409164429,0.0,0,"512480.SH,512760.SH,512720.SH,512290.SH,512660.SH"
2024-02-07,0.037921033799648285,0.037921033799648285,0.0,0,"512480.SH,512760.SH,512720.SH,512290.SH,512660.SH"
2024-02-08,-0.011372989974915981,-0.011372989974915981,0.0,0,"512480.SH,512760.SH,512720.SH,512290.SH,512660.SH"
2024-02-19,-0.007161655928939581,-0.007161655928939581,0.0,0,"512480.SH,512760.SH,512720.SH,512290.SH,512660.SH"
2024-02-20,0.01745600439608097,0.01745600439608097,0.0,0,"512480.SH,512760.SH,512720.SH,512290.SH,512660.SH"
2024-02-21,0.016117576509714127,0.016117576509714127,0.0,0,"512480.SH,512760.SH,512720.SH,512290.SH,512660.SH"
2024-02-22,0.0006856332765892148,0.0006856332765892148,0.0,0,"512480.SH,512760.SH,512720.SH,512290.SH,512660.SH"
2024-02-23,0.001367785967886448,0.001367785967886448,0.0,0,"512480.SH,512760.SH,512720.SH,512290.SH,512660.SH"
2024-02-26,0.045399654656648636,0.045399654656648636,0.0,0,"512480.SH,512760.SH,512720.SH,512290.SH,512660.SH"
2024-02-27,-0.04312819987535477,-0.04312819987535477,0.0,0,"512480.SH,512760.SH,512720.SH,512290.SH,512660.SH"
2024-02-28,0.054157745093107224,0.054157745093107224,0.0,0,"512480.SH,512760.SH,512720.SH,512290.SH,512660.SH"
2024-02-29,0.021283620968461037,0.021283620968461037,0.0,0,"512480.SH,512760.SH,512720.SH,512290.SH,512660.SH"
2024-03-01,0.0015567628433927894,-0.0004432371566072107,2.0,1,"159930.SZ,512800.SH,515650.SH,512580.SH,159928.SZ"
2024-03-04,0.006218143738806248,0.006218143738806248,0.0,0,"159930.SZ,512800.SH,515650.SH,512580.SH,159928.SZ"
2024-03-05,0.00024179070896934718,0.00024179070896934718,0.0,0,"159930.SZ,512800.SH,515650.SH,512580.SH,159928.SZ"
2024-03-06,-0.00144720240496099,-0.00144720240496099,0.0,0,"159930.SZ,512800.SH,515650.SH,512580.SH,159928.SZ"
2024-03-07,0.00257091480307281,0.00257091480307281,0.0,0,"159930.SZ,512800.SH,515650.SH,512580.SH,159928.SZ"
2024-03-08,0.006949418690055609,0.006949418690055609,0.0,0,"159930.SZ,512800.SH,515650.SH,512580.SH,159928.SZ"
2024-03-11,-0.0004089513677172363,-0.0004089513677172363,0.0,0,"159930.SZ,512800.SH,515650.SH,512580.SH,159928.SZ"
2024-03-12,-0.00776010612025857,-0.00776010612025857,0.0,0,"159930.SZ,512800.SH,515650.SH,512580.SH,159928.SZ"
2024-03-13,-0.00017249956727027893,-0.00017249956727027893,0.0,0,"159930.SZ,512800.SH,515650.SH,512580.SH,159928.SZ"
2024-03-14,-0.00035518029471859336,-0.00035518029471859336,0.0,0,"159930.SZ,512800.SH,515650.SH,512580.SH,159928.SZ"
2024-03-15,0.002005303278565407,0.002005303278565407,0.0,0,"159930.SZ,512800.SH,515650.SH,512580.SH,159928.SZ"
2024-03-18,-0.0005910053732804954,-0.0005910053732804954,0.0,0,"159930.SZ,512800.SH,515650.SH,512580.SH,159928.SZ"
2024-03-19,0.0029602437280118465,0.0029602437280118465,0.0,0,"159930.SZ,512800.SH,515650.SH,512580.SH,159928.SZ"
2024-03-20,-0.0001455455058021471,-0.0001455455058021471,0.0,0,"159930.SZ,512800.SH,515650.SH,512580.SH,159928.SZ"
2024-03-21,-0.010700343176722527,-0.010700343176722527,0.0,0,"159930.SZ,512800.SH,515650.SH,512580.SH,159928.SZ"
2024-03-22,-0.0009408164769411087,-0.0009408164769411087,0.0,0,"159930.SZ,512800.SH,515650.SH,512580.SH,159928.SZ"
2024-03-25,0.0040356251411139965,0.0040356251411139965,0.0,0,"159930.SZ,512800.SH,515650.SH,512580.SH,159928.SZ"
2024-03-26,-0.0061133019626140594,-0.0061133019626140594,0.0,0,"159930.SZ,512800.SH,515650.SH,512580.SH,159928.SZ"
2024-03-27,0.0019803191535174847,0.0019803191535174847,0.0,0,"159930.SZ,512800.SH,515650.SH,512580.SH,159928.SZ"
2024-03-28,0.009800061583518982,0.009800061583518982,0.0,0,"159930.SZ,512800.SH,515650.SH,512580.SH,159928.SZ"
2024-03-29,0.012014794163405895,0.012014794163405895,0.0,0,"159930.SZ,512800.SH,515650.SH,512580.SH,159928.SZ"
2024-04-01,-0.0212845616042614,-0.0232845616042614,2.0,1,"512720.SH,159939.SZ,512760.SH,512980.SH,515050.SH"
2024-04-02,-0.0180644728243351,-0.0180644728243351,0.0,0,"512720.SH,159939.SZ,512760.SH,512980.SH,515050.SH"
2024-04-03,-0.012599395588040352,-0.012599395588040352,0.0,0,"512720.SH,159939.SZ,512760.SH,512980.SH,515050.SH"
2024-04-08,0.004602693486958742,0.004602693486958742,0.0,0,"512720.SH,159939.SZ,512760.SH,512980.SH,515050.SH"
2024-04-09,-0.02930835261940956,-0.02930835261940956,0.0,0,"512720.SH,159939.SZ,512760.SH,512980.SH,515050.SH"
2024-04-10,0.010364404879510403,0.010364404879510403,0.0,0,"512720.SH,159939.SZ,512760.SH,512980.SH,515050.SH"
2024-04-11,-0.0014891962055116892,-0.0014891962055116892,0.0,0,"512720.SH,159939.SZ,512760.SH,512980.SH,515050.SH"
2024-04-12,0.0034032489638775587,0.0034032489638775587,0.0,0,"512720.SH,159939.SZ,512760.SH,512980.SH,515050.SH"
2024-04-15,-0.0179823599755764,-0.0179823599755764,0.0,0,"512720.SH,159939.SZ,512760.SH,512980.SH,515050.SH"
2024-04-16,0.021958429366350174,0.021958429366350174,0.0,0,"512720.SH,159939.SZ,512760.SH,512980.SH,515050.SH"
2024-04-17,-0.006701076868921518,-0.006701076868921518,0.0,0,"512720.SH,159939.SZ,512760.SH,512980.SH,515050.SH"
2024-04-18,-0.028869736939668655,-0.028869736939668655,0.0,0,"512720.SH,159939.SZ,512760.SH,512980.SH,515050.SH"
2024-04-19,0.006032011471688747,0.006032011471688747,0.0,0,"512720.SH,159939.SZ,512760.SH,512980.SH,515050.SH"
2024-04-22,-6.781578849768266e-05,-6.781578849768266e-05,0.0,0,"512720.SH,159939.SZ,512760.SH,512980.SH,515050.SH"
2024-04-23,0.015600955113768578,0.015600955113768578,0.0,0,"512720.SH,159939.SZ,512760.SH,512980.SH,515050.SH"
2024-04-24,0.0024400479160249233,0.0024400479160249233,0.0,0,"512720.SH,159939.SZ,512760.SH,512980.SH,515050.SH"
2024-04-25,0.03519471362233162,0.03519471362233162,0.0,0,"512720.SH,159939.SZ,512760.SH,512980.SH,515050.SH"
2024-04-26,0.024190101772546768,0.024190101772546768,0.0,0,"512720.SH,159939.SZ,512760.SH,512980.SH,515050.SH"
2024-04-29,0.004315424710512161,0.004315424710512161,0.0,0,"512720.SH,159939.SZ,512760.SH,512980.SH,515050.SH"
2024-04-30,-0.005314413458108902,-0.005314413458108902,0.0,0,"512720.SH,159939.SZ,512760.SH,512980.SH,515050.SH"
2024-05-06,0.004316105507314205,0.0027161055073142053,1.6,1,"512200.SH,512710.SH,512880.SH,515050.SH,510630.SH"
2024-05-07,-0.012178299948573112,-0.012178299948573112,0.0,0,"512200.SH,512710.SH,512880.SH,515050.SH,510630.SH"
2024-05-08,0.014293411746621132,0.014293411746621132,0.0,0,"512200.SH,512710.SH,512880.SH,515050.SH,510630.SH"
2024-05-09,-0.004209926817566156,-0.004209926817566156,0.0,0,"512200.SH,512710.SH,512880.SH,515050.SH,510630.SH"
2024-05-10,0.000697593844961375,0.000697593844961375,0.0,0,"512200.SH,512710.SH,512880.SH,515050.SH,510630.SH"
2024-05-13,-0.0005125802126713097,-0.0005125802126713097,0.0,0,"512200.SH,512710.SH,512880.SH,515050.SH,510630.SH"
2024-05-14,-0.00301077077165246,-0.00301077077165246,0.0,0,"512200.SH,512710.SH,512880.SH,515050.SH,510630.SH"
2024-05-15,0.009391001425683498,0.009391001425683498,0.0,0,"512200.SH,512710.SH,512880.SH,515050.SH,510630.SH"
2024-05-16,0.0218791700899601,0.0218791700899601,0.0,0,"512200.SH,512710.SH,512880.SH,515050.SH,510630.SH"
2024-05-17,0.0037132289726287127,0.0037132289726287127,0.0,0,"512200.SH,512710.SH,512880.SH,515050.SH,510630.SH"
2024-05-20,-0.0057770004495978355,-0.0057770004495978355,0.0,0,"512200.SH,512710.SH,512880.SH,515050.SH,510630.SH"
2024-05-21,-0.0006078174337744713,-0.0006078174337744713,0.0,0,"512200.SH,512710.SH,512880.SH,515050.SH,510630.SH"
2024-05-22,-0.016506347805261612,-0.016506347805261612,0.0,0,"512200.SH,512710.SH,512880.SH,515050.SH,510630.SH"
2024-05-23,-0.015227176249027252,-0.015227176249027252,0.0,0,"512200.SH,512710.SH,512880.SH,515050.SH,510630.SH"
2024-05-24,0.0066875494085252285,0.0066875494085252285,0.0,0,"512200.SH,512710.SH,512880.SH,515050.SH,510630.SH"
2024-05-27,-0.015018761157989502,-0.015018761157989502,0.0,0,"512200.SH,512710.SH,512880.SH,515050.SH,510630.SH"
2024-05-28,-0.004303788300603628,-0.004303788300603628,0.0,0,"512200.SH,512710.SH,512880.SH,515050.SH,510630.SH"
2024-05-29,0.002620004117488861,0.002620004117488861,0.0,0,"512200.SH,512710.SH,512880.SH,515050.SH,510630.SH"
2024-05-30,-0.0010498393094167113,-0.0010498393094167113,0.0,0,"512200.SH,512710.SH,512880.SH,515050.SH,510630.SH"
2024-05-31,-0.0022065755911171436,-0.0022065755911171436,0.0,0,"512200.SH,512710.SH,512880.SH,515050.SH,510630.SH"
2024-06-03,0.002942110877484083,0.0017421108774840833,1.2,1,"512200.SH,512690.SH,512880.SH,512400.SH,159930.SZ"
2024-06-04,-0.00587482238188386,-0.00587482238188386,0.0,0,"512200.SH,512690.SH,512880.SH,512400.SH,159930.SZ"
2024-06-05,-0.000848877418320626,-0.000848877418320626,0.0,0,"512200.SH,512690.SH,512880.SH,512400.SH,159930.SZ"
2024-06-06,-0.009933149442076683,-0.009933149442076683,0.0,0,"512200.SH,512690.SH,512880.SH,512400.SH,159930.SZ"
2024-06-07,-0.009368027560412884,-0.009368027560412884,0.0,0,"512200.SH,512690.SH,512880.SH,512400.SH,159930.SZ"
2024-06-11,0.011192559264600277,0.011192559264600277,0.0,0,"512200.SH,512690.SH,512880.SH,512400.SH,159930.SZ"
2024-06-12,-0.016731685027480125,-0.016731685027480125,0.0,0,"512200.SH,512690.SH,512880.SH,512400.SH,159930.SZ"
2024-06-13,0.002002062974497676,0.002002062974497676,0.0,0,"512200.SH,512690.SH,512880.SH,512400.SH,159930.SZ"
2024-06-14,-0.002596601378172636,-0.002596601378172636,0.0,0,"512200.SH,512690.SH,512880.SH,512400.SH,159930.SZ"
2024-06-17,0.0018565437057986856,0.0018565437057986856,0.0,0,"512200.SH,512690.SH,512880.SH,512400.SH,159930.SZ"
2024-06-18,-0.004733792506158352,-0.004733792506158352,0.0,0,"512200.SH,512690.SH,512880.SH,512400.SH,159930.SZ"
2024-06-19,-0.004399695433676243,-0.004399695433676243,0.0,0,"512200.SH,512690.SH,512880.SH,512400.SH,159930.SZ"
2024-06-20,-0.01658296212553978,-0.01658296212553978,0.0,0,"512200.SH,512690.SH,512880.SH,512400.SH,159930.SZ"
2024-06-21,-0.006528165191411972,-0.006528165191411972,0.0,0,"512200.SH,512690.SH,512880.SH,512400.SH,159930.SZ"
2024-06-24,-0.004427442327141762,-0.004427442327141762,0.0,0,"512200.SH,512690.SH,512880.SH,512400.SH,159930.SZ"
2024-06-25,0.0072477334178984165,0.0072477334178984165,0.0,0,"512200.SH,512690.SH,512880.SH,512400.SH,159930.SZ"
2024-06-26,-0.01630908064544201,-0.01630908064544201,0.0,0,"512200.SH,512690.SH,512880.SH,512400.SH,159930.SZ"
2024-06-27,0.0011155512183904648,0.0011155512183904648,0.0,0,"512200.SH,512690.SH,512880.SH,512400.SH,159930.SZ"
2024-06-28,0.014671042561531067,0.014671042561531067,0.0,0,"512200.SH,512690.SH,512880.SH,512400.SH,159930.SZ"
2024-07-01,0.005049800965934992,0.003849800965934992,1.2,1,"512400.SH,510630.SH,515650.SH,512800.SH,512690.SH"
2024-07-02,-0.004177501890808344,-0.004177501890808344,0.0,0,"512400.SH,510630.SH,515650.SH,512800.SH,512690.SH"
2024-07-03,-0.009685946628451347,-0.009685946628451347,0.0,0,"512400.SH,510630.SH,515650.SH,512800.SH,512690.SH"
2024-07-04,-0.004747509956359863,-0.004747509956359863,0.0,0,"512400.SH,510630.SH,515650.SH,512800.SH,512690.SH"
2024-07-05,-0.010109080001711845,-0.010109080001711845,0.0,0,"512400.SH,510630.SH,515650.SH,512800.SH,512690.SH"
2024-07-08,0.009643967263400555,0.009643967263400555,0.0,0,"512400.SH,510630.SH,515650.SH,512800.SH,512690.SH"
2024-07-09,0.00522674759849906,0.00522674759849906,0.0,0,"512400.SH,510630.SH,515650.SH,512800.SH,512690.SH"
2024-07-10,0.015110552310943604,0.015110552310943604,0.0,0,"512400.SH,510630.SH,515650.SH,512800.SH,512690.SH"
2024-07-11,0.00014779418415855616,0.00014779418415855616,0.0,0,"512400.SH,510630.SH,515650.SH,512800.SH,512690.SH"
2024-07-12,0.002446422353386879,0.002446422353386879,0.0,0,"512400.SH,510630.SH,515650.SH,512800.SH,512690.SH"
2024-07-15,-0.00019595902995206416,-0.00019595902995206416,0.0,0,"512400.SH,510630.SH,515650.SH,512800.SH,512690.SH"
2024-07-16,0.004313954152166843,0.004313954152166843,0.0,0,"512400.SH,510630.SH,515650.SH,512800.SH,512690.SH"
2024-07-17,-0.00014264919445849955,-0.00014264919445849955,0.0,0,"512400.SH,510630.SH,515650.SH,512800.SH,512690.SH"
2024-07-18,0.005635224282741547,0.005635224282741547,0.0,0,"512400.SH,510630.SH,515650.SH,512800.SH,512690.SH"
2024-07-19,-0.01435512863099575,-0.01435512863099575,0.0,0,"512400.SH,510630.SH,515650.SH,512800.SH,512690.SH"
2024-07-22,-0.031087756156921387,-0.031087756156921387,0.0,0,"512400.SH,510630.SH,515650.SH,512800.SH,512690.SH"
2024-07-23,-0.012704226188361645,-0.012704226188361645,0.0,0,"512400.SH,510630.SH,515650.SH,512800.SH,512690.SH"
2024-07-24,0.00044271760270930827,0.00044271760270930827,0.0,0,"512400.SH,510630.SH,515650.SH,512800.SH,512690.SH"
2024-07-25,0.004836082924157381,0.004836082924157381,0.0,0,"512400.SH,510630.SH,515650.SH,512800.SH,512690.SH"
2024-07-26,-0.008293787017464638,-0.008293787017464638,0.0,0,"512400.SH,510630.SH,515650.SH,512800.SH,512690.SH"
2024-07-29,-0.004968766588717699,-0.004968766588717699,0.0,0,"512400.SH,510630.SH,515650.SH,512800.SH,512690.SH"
2024-07-30,0.03027215600013733,0.03027215600013733,0.0,0,"512400.SH,510630.SH,515650.SH,512800.SH,512690.SH"
2024-07-31,-0.019917869940400124,-0.019917869940400124,0.0,0,"512400.SH,510630.SH,515650.SH,512800.SH,512690.SH"
2024-08-01,-0.016942646354436874,-0.018942646354436876,2.0,1,"512710.SH,159930.SZ,159945.SZ,512810.SH,515880.SH"
2024-08-02,-0.016479142010211945,-0.016479142010211945,0.0,0,"512710.SH,159930.SZ,159945.SZ,512810.SH,515880.SH"
2024-08-05,0.005253246985375881,0.005253246985375881,0.0,0,"512710.SH,159930.SZ,159945.SZ,512810.SH,515880.SH"
2024-08-06,0.008351732976734638,0.008351732976734638,0.0,0,"512710.SH,159930.SZ,159945.SZ,512810.SH,515880.SH"
2024-08-07,-0.011035576462745667,-0.011035576462745667,0.0,0,"512710.SH,159930.SZ,159945.SZ,512810.SH,515880.SH"
2024-08-08,-0.005379467271268368,-0.005379467271268368,0.0,0,"512710.SH,159930.SZ,159945.SZ,512810.SH,515880.SH"
2024-08-09,0.0031602680683135986,0.0031602680683135986,0.0,0,"512710.SH,159930.SZ,159945.SZ,512810.SH,515880.SH"
2024-08-12,0.004627191461622715,0.004627191461622715,0.0,0,"512710.SH,159930.SZ,159945.SZ,512810.SH,515880.SH"
2024-08-13,-0.009840210899710655,-0.009840210899710655,0.0,0,"512710.SH,159930.SZ,159945.SZ,512810.SH,515880.SH"
2024-08-14,0.011833364143967628,0.011833364143967628,0.0,0,"512710.SH,159930.SZ,159945.SZ,512810.SH,515880.SH"
2024-08-15,-0.003519446821883321,-0.003519446821883321,0.0,0,"512710.SH,159930.SZ,159945.SZ,512810.SH,515880.SH"
2024-08-16,0.0007421582122333348,0.0007421582122333348,0.0,0,"512710.SH,159930.SZ,159945.SZ,512810.SH,515880.SH"
2024-08-19,-0.020850826054811478,-0.020850826054811478,0.0,0,"512710.SH,159930.SZ,159945.SZ,512810.SH,515880.SH"
2024-08-20,-0.0022652384359389544,-0.0022652384359389544,0.0,0,"512710.SH,159930.SZ,159945.SZ,512810.SH,515880.SH"
2024-08-21,-0.003384618554264307,-0.003384618554264307,0.0,0,"512710.SH,159930.SZ,159945.SZ,512810.SH,515880.SH"
2024-08-22,0.0013416961301118135,0.0013416961301118135,0.0,0,"512710.SH,159930.SZ,159945.SZ,512810.SH,515880.SH"
2024-08-23,-0.005841455422341824,-0.005841455422341824,0.0,0,"512710.SH,159930.SZ,159945.SZ,512810.SH,515880.SH"
2024-08-26,-0.0007885467493906617,-0.0007885467493906617,0.0,0,"512710.SH,159930.SZ,159945.SZ,512810.SH,515880.SH"
2024-08-27,0.0013129335129633546,0.0013129335129633546,0.0,0,"512710.SH,159930.SZ,159945.SZ,512810.SH,515880.SH"
2024-08-28,0.0033918723929673433,0.0033918723929673433,0.0,0,"512710.SH,159930.SZ,159945.SZ,512810.SH,515880.SH"
2024-08-29,0.013663296587765217,0.013663296587765217,0.0,0,"512710.SH,159930.SZ,159945.SZ,512810.SH,515880.SH"
2024-08-30,-0.013931159861385822,-0.013931159861385822,0.0,0,"512710.SH,159930.SZ,159945.SZ,512810.SH,515880.SH"
2024-09-02,-0.004532191902399063,-0.006132191902399063,1.6,1,"515050.SH,512800.SH,512400.SH,515880.SH,159909.SZ"
2024-09-03,-0.005064920522272587,-0.005064920522272587,0.0,0,"515050.SH,512800.SH,512400.SH,515880.SH,159909.SZ"
2024-09-04,0.003216599579900503,0.003216599579900503,0.0,0,"515050.SH,512800.SH,512400.SH,515880.SH,159909.SZ"
2024-09-05,-0.014377562329173088,-0.014377562329173088,0.0,0,"515050.SH,512800.SH,512400.SH,515880.SH,159909.SZ"
2024-09-06,-0.005549789872020483,-0.005549789872020483,0.0,0,"515050.SH,512800.SH,512400.SH,515880.SH,159909.SZ"
2024-09-09,0.006025032605975866,0.006025032605975866,0.0,0,"515050.SH,512800.SH,512400.SH,515880.SH,159909.SZ"
2024-09-10,0.00638844957575202,0.00638844957575202,0.0,0,"515050.SH,512800.SH,512400.SH,515880.SH,159909.SZ"
2024-09-11,-0.00455186003819108,-0.00455186003819108,0.0,0,"515050.SH,512800.SH,512400.SH,515880.SH,159909.SZ"
2024-09-12,-0.0023291748948395252,-0.0023291748948395252,0.0,0,"515050.SH,512800.SH,512400.SH,515880.SH,159909.SZ"
2024-09-13,0.000782706425525248,0.000782706425525248,0.0,0,"515050.SH,512800.SH,512400.SH,515880.SH,159909.SZ"
2024-09-18,0.008342999964952469,0.008342999964952469,0.0,0,"515050.SH,512800.SH,512400.SH,515880.SH,159909.SZ"
2024-09-19,0.0009629987180233002,0.0009629987180233002,0.0,0,"515050.SH,512800.SH,512400.SH,515880.SH,159909.SZ"
2024-09-20,0.01452749501913786,0.01452749501913786,0.0,0,"515050.SH,512800.SH,512400.SH,515880.SH,159909.SZ"
2024-09-23,0.049213849008083344,0.049213849008083344,0.0,0,"515050.SH,512800.SH,512400.SH,515880.SH,159909.SZ"
2024-09-24,-0.002785379532724619,-0.002785379532724619,0.0,0,"515050.SH,512800.SH,512400.SH,515880.SH,159909.SZ"
2024-09-25,0.047283995896577835,0.047283995896577835,0.0,0,"515050.SH,512800.SH,512400.SH,515880.SH,159909.SZ"
2024-09-26,0.06732843816280365,0.06732843816280365,0.0,0,"515050.SH,512800.SH,512400.SH,515880.SH,159909.SZ"
2024-09-27,0.1552596092224121,0.1552596092224121,0.0,0,"515050.SH,512800.SH,512400.SH,515880.SH,159909.SZ"
2024-09-30,-0.03459160774946213,-0.03459160774946213,0.0,0,"515050.SH,512800.SH,512400.SH,515880.SH,159909.SZ"
2024-10-08,-0.03672783821821213,-0.038327838218212125,1.6,1,"159936.SZ,159939.SZ,515880.SH,512480.SH,159945.SZ"
2024-10-09,-0.025487352162599564,-0.025487352162599564,0.0,0,"159936.SZ,159939.SZ,515880.SH,512480.SH,159945.SZ"
2024-10-10,-0.030071426182985306,-0.030071426182985306,0.0,0,"159936.SZ,159939.SZ,515880.SH,512480.SH,159945.SZ"
2024-10-11,0.024693692103028297,0.024693692103028297,0.0,0,"159936.SZ,159939.SZ,515880.SH,512480.SH,159945.SZ"
2024-10-14,-0.0361311212182045,-0.0361311212182045,0.0,0,"159936.SZ,159939.SZ,515880.SH,512480.SH,159945.SZ"
2024-10-15,0.009523912332952023,0.009523912332952023,0.0,0,"159936.SZ,159939.SZ,515880.SH,512480.SH,159945.SZ"
2024-10-16,-0.009376144036650658,-0.009376144036650658,0.0,0,"159936.SZ,159939.SZ,515880.SH,512480.SH,159945.SZ"
2024-10-17,0.07545848935842514,0.07545848935842514,0.0,0,"159936.SZ,159939.SZ,515880.SH,512480.SH,159945.SZ"
2024-10-18,0.0016117499908432364,0.0016117499908432364,0.0,0,"159936.SZ,159939.SZ,515880.SH,512480.SH,159945.SZ"
2024-10-21,-0.003385443240404129,-0.003385443240404129,0.0,0,"159936.SZ,159939.SZ,515880.SH,512480.SH,159945.SZ"
2024-10-22,-0.0034279662650078535,-0.0034279662650078535,0.0,0,"159936.SZ,159939.SZ,515880.SH,512480.SH,159945.SZ"
2024-10-23,0.005571021232753992,0.005571021232753992,0.0,0,"159936.SZ,159939.SZ,515880.SH,512480.SH,159945.SZ"
2024-10-24,0.0032901298254728317,0.0032901298254728317,0.0,0,"159936.SZ,159939.SZ,515880.SH,512480.SH,159945.SZ"
2024-10-25,0.0022800532169640064,0.0022800532169640064,0.0,0,"159936.SZ,159939.SZ,515880.SH,512480.SH,159945.SZ"
2024-10-28,-0.009103050455451012,-0.009103050455451012,0.0,0,"159936.SZ,159939.SZ,515880.SH,512480.SH,159945.SZ"
2024-10-29,-0.002569402102380991,-0.002569402102380991,0.0,0,"159936.SZ,159939.SZ,515880.SH,512480.SH,159945.SZ"
2024-10-30,0.002395546529442072,0.002395546529442072,0.0,0,"159936.SZ,159939.SZ,515880.SH,512480.SH,159945.SZ"
2024-10-31,-0.0176357664167881,-0.0176357664167881,0.0,0,"159936.SZ,159939.SZ,515880.SH,512480.SH,159945.SZ"
2024-11-01,0.025705179199576378,0.023705179199576376,2.0,1,"512760.SH,512580.SH,512710.SH,512660.SH,512810.SH"
2024-11-04,0.06216828152537346,0.06216828152537346,0.0,0,"512760.SH,512580.SH,512710.SH,512660.SH,512810.SH"
2024-11-05,-0.01453196071088314,-0.01453196071088314,0.0,0,"512760.SH,512580.SH,512710.SH,512660.SH,512810.SH"
2024-11-06,0.01569550111889839,0.01569550111889839,0.0,0,"512760.SH,512580.SH,512710.SH,512660.SH,512810.SH"
2024-11-07,0.020154176279902458,0.020154176279902458,0.0,0,"512760.SH,512580.SH,512710.SH,512660.SH,512810.SH"
2024-11-08,0.024425357580184937,0.024425357580184937,0.0,0,"512760.SH,512580.SH,512710.SH,512660.SH,512810.SH"
2024-11-11,-0.037985071539878845,-0.037985071539878845,0.0,0,"512760.SH,512580.SH,512710.SH,512660.SH,512810.SH"
2024-11-12,0.007460237480700016,0.007460237480700016,0.0,0,"512760.SH,512580.SH,512710.SH,512660.SH,512810.SH"
2024-11-13,-0.038623835891485214,-0.038623835891485214,0.0,0,"512760.SH,512580.SH,512710.SH,512660.SH,512810.SH"
2024-11-14,-0.031044352799654007,-0.031044352799654007,0.0,0,"512760.SH,512580.SH,512710.SH,512660.SH,512810.SH"
2024-11-15,-0.012954761274158955,-0.012954761274158955,0.0,0,"512760.SH,512580.SH,512710.SH,512660.SH,512810.SH"
2024-11-18,0.014804010279476643,0.014804010279476643,0.0,0,"512760.SH,512580.SH,512710.SH,512660.SH,512810.SH"
2024-11-19,0.007347028702497482,0.007347028702497482,0.0,0,"512760.SH,512580.SH,512710.SH,512660.SH,512810.SH"
2024-11-20,0.0010191916953772306,0.0010191916953772306,0.0,0,"512760.SH,512580.SH,512710.SH,512660.SH,512810.SH"
2024-11-21,-0.03826989606022835,-0.03826989606022835,0.0,0,"512760.SH,512580.SH,512710.SH,512660.SH,512810.SH"
2024-11-22,-0.010797956958413124,-0.010797956958413124,0.0,0,"512760.SH,512580.SH,512710.SH,512660.SH,512810.SH"
2024-11-25,-0.00996321626007557,-0.00996321626007557,0.0,0,"512760.SH,512580.SH,512710.SH,512660.SH,512810.SH"
2024-11-26,0.032262030988931656,0.032262030988931656,0.0,0,"512760.SH,512580.SH,512710.SH,512660.SH,512810.SH"
2024-11-27,-0.009356886148452759,-0.009356886148452759,0.0,0,"512760.SH,512580.SH,512710.SH,512660.SH,512810.SH"
2024-11-28,0.01607293076813221,0.01607293076813221,0.0,0,"512760.SH,512580.SH,512710.SH,512660.SH,512810.SH"
2024-11-29,0.00900085549801588,0.00900085549801588,0.0,0,"512760.SH,512580.SH,512710.SH,512660.SH,512810.SH"
2024-12-02,0.0021975834388285875,0.0001975834388285875,2.0,1,"515050.SH,512700.SH,512800.SH,510650.SH,515650.SH"
2024-12-03,-0.000803886738140136,-0.000803886738140136,0.0,0,"515050.SH,512700.SH,512800.SH,510650.SH,515650.SH"
2024-12-04,0.002439530100673437,0.002439530100673437,0.0,0,"515050.SH,512700.SH,512800.SH,510650.SH,515650.SH"
2024-12-05,0.011991529725492,0.011991529725492,0.0,0,"515050.SH,512700.SH,512800.SH,510650.SH,515650.SH"
2024-12-06,0.02585088089108467,0.02585088089108467,0.0,0,"515050.SH,512700.SH,512800.SH,510650.SH,515650.SH"
2024-12-09,-0.01631459780037403,-0.01631459780037403,0.0,0,"515050.SH,512700.SH,512800.SH,510650.SH,515650.SH"
2024-12-10,-0.0009611696004867554,-0.0009611696004867554,0.0,0,"515050.SH,512700.SH,512800.SH,510650.SH,515650.SH"
2024-12-11,0.008736939169466496,0.008736939169466496,0.0,0,"515050.SH,512700.SH,512800.SH,510650.SH,515650.SH"
2024-12-12,-0.017072640359401703,-0.017072640359401703,0.0,0,"515050.SH,512700.SH,512800.SH,510650.SH,515650.SH"
2024-12-13,0.0007622917182743549,0.0007622917182743549,0.0,0,"515050.SH,512700.SH,512800.SH,510650.SH,515650.SH"
2024-12-16,0.004008311778306961,0.004008311778306961,0.0,0,"515050.SH,512700.SH,512800.SH,510650.SH,515650.SH"
2024-12-17,0.0007878249743953347,0.0007878249743953347,0.0,0,"515050.SH,512700.SH,512800.SH,510650.SH,515650.SH"
2024-12-18,0.006361927837133408,0.006361927837133408,0.0,0,"515050.SH,512700.SH,512800.SH,510650.SH,515650.SH"
2024-12-19,-0.0010090445866808295,-0.0010090445866808295,0.0,0,"515050.SH,512700.SH,512800.SH,510650.SH,515650.SH"
2024-12-20,0.004443544894456863,0.004443544894456863,0.0,0,"515050.SH,512700.SH,512800.SH,510650.SH,515650.SH"
2024-12-23,0.012887878343462944,0.012887878343462944,0.0,0,"515050.SH,512700.SH,512800.SH,510650.SH,515650.SH"
2024-12-24,0.0030207554809749126,0.0030207554809749126,0.0,0,"515050.SH,512700.SH,512800.SH,510650.SH,515650.SH"
2024-12-25,0.007863005623221397,0.007863005623221397,0.0,0,"515050.SH,512700.SH,512800.SH,510650.SH,515650.SH"
2024-12-26,-0.0038297022692859173,-0.0038297022692859173,0.0,0,"515050.SH,512700.SH,512800.SH,510650.SH,515650.SH"
2024-12-27,0.009138600900769234,0.009138600900769234,0.0,0,"515050.SH,512700.SH,512800.SH,510650.SH,515650.SH"
2024-12-30,-0.01724996790289879,-0.01724996790289879,0.0,0,"515050.SH,512700.SH,512800.SH,510650.SH,515650.SH"
2024-12-31,-0.026573795825242996,-0.026573795825242996,0.0,0,"515050.SH,512700.SH,512800.SH,510650.SH,515650.SH"
2025-01-02,-0.028454909101128578,-0.03045490910112858,2.0,1,"512200.SH,512220.SH,159909.SZ,512480.SH,512980.SH"
2025-01-03,-0.006931271404027939,-0.006931271404027939,0.0,0,"512200.SH,512220.SH,159909.SZ,512480.SH,512980.SH"
2025-01-06,0.020379040390253067,0.020379040390253067,0.0,0,"512200.SH,512220.SH,159909.SZ,512480.SH,512980.SH"
2025-01-07,-0.0017180666327476501,-0.0017180666327476501,0.0,0,"512200.SH,512220.SH,159909.SZ,512480.SH,512980.SH"
2025-01-08,0.004529897123575211,0.004529897123575211,0.0,0,"512200.SH,512220.SH,159909.SZ,512480.SH,512980.SH"
2025-01-09,-0.02758760377764702,-0.02758760377764702,0.0,0,"512200.SH,512220.SH,159909.SZ,512480.SH,512980.SH"
2025-01-10,0.014918668195605278,0.014918668195605278,0.0,0,"512200.SH,512220.SH,159909.SZ,512480.SH,512980.SH"
2025-01-13,0.03643827885389328,0.03643827885389328,0.0,0,"512200.SH,512220.SH,159909.SZ,512480.SH,512980.SH"
2025-01-14,0.0006081686005927622,0.0006081686005927622,0.0,0,"512200.SH,512220.SH,159909.SZ,512480.SH,512980.SH"
2025-01-15,-0.012256616726517677,-0.012256616726517677,0.0,0,"512200.SH,512220.SH,159909.SZ,512480.SH,512980.SH"
2025-01-16,0.02028217725455761,0.02028217725455761,0.0,0,"512200.SH,512220.SH,159909.SZ,512480.SH,512980.SH"
2025-01-17,0.005731163080781698,0.005731163080781698,0.0,0,"512200.SH,512220.SH,159909.SZ,512480.SH,512980.SH"
2025-01-20,0.0010314835235476494,0.0010314835235476494,0.0,0,"512200.SH,512220.SH,159909.SZ,512480.SH,512980.SH"
2025-01-21,0.010082690045237541,0.010082690045237541,0.0,0,"512200.SH,512220.SH,159909.SZ,512480.SH,512980.SH"
2025-01-22,-0.016397440806031227,-0.016397440806031227,0.0,0,"512200.SH,512220.SH,159909.SZ,512480.SH,512980.SH"
2025-01-23,0.022305067628622055,0.022305067628622055,0.0,0,"512200.SH,512220.SH,159909.SZ,512480.SH,512980.SH"
2025-01-24,-0.008181311190128326,-0.008181311190128326,0.0,0,"512200.SH,512220.SH,159909.SZ,512480.SH,512980.SH"
2025-01-27,-0.005481339059770107,-0.005481339059770107,0.0,0,"512200.SH,512220.SH,159909.SZ,512480.SH,512980.SH"
2025-02-05,0.017574923112988472,0.01597492311298847,1.6,1,"512000.SH,512880.SH,512200.SH,512690.SH,515050.SH"
2025-02-06,0.02059791423380375,0.02059791423380375,0.0,0,"512000.SH,512880.SH,512200.SH,512690.SH,515050.SH"
2025-02-07,0.005261031445115805,0.005261031445115805,0.0,0,"512000.SH,512880.SH,512200.SH,512690.SH,515050.SH"
2025-02-10,-0.010960751213133335,-0.010960751213133335,0.0,0,"512000.SH,512880.SH,512200.SH,512690.SH,515050.SH"
2025-02-11,0.019087349995970726,0.019087349995970726,0.0,0,"512000.SH,512880.SH,512200.SH,512690.SH,515050.SH"
2025-02-12,-0.0019956945907324553,-0.0019956945907324553,0.0,0,"512000.SH,512880.SH,512200.SH,512690.SH,515050.SH"
2025-02-13,0.007614489644765854,0.007614489644765854,0.0,0,"512000.SH,512880.SH,512200.SH,512690.SH,515050.SH"
2025-02-14,-0.00033700541825965047,-0.00033700541825965047,0.0,0,"512000.SH,512880.SH,512200.SH,512690.SH,515050.SH"
2025-02-17,-0.021457208320498466,-0.021457208320498466,0.0,0,"512000.SH,512880.SH,512200.SH,512690.SH,515050.SH"
2025-02-18,0.011789913289248943,0.011789913289248943,0.0,0,"512000.SH,512880.SH,512200.SH,512690.SH,515050.SH"
2025-02-19,0.0041634258814156055,0.0041634258814156055,0.0,0,"512000.SH,512880.SH,512200.SH,512690.SH,515050.SH"
2025-02-20,0.012061551213264465,0.012061551213264465,0.0,0,"512000.SH,512880.SH,512200.SH,512690.SH,515050.SH"
2025-02-21,-0.006640919949859381,-0.006640919949859381,0.0,0,"512000.SH,512880.SH,512200.SH,512690.SH,515050.SH"
2025-02-24,-0.002045516623184085,-0.002045516623184085,0.0,0,"512000.SH,512880.SH,512200.SH,512690.SH,515050.SH"
2025-02-25,0.013474645093083382,0.013474645093083382,0.0,0,"512000.SH,512880.SH,512200.SH,512690.SH,515050.SH"
2025-02-26,-0.0040407381020486355,-0.0040407381020486355,0.0,0,"512000.SH,512880.SH,512200.SH,512690.SH,515050.SH"
2025-02-27,-0.01811874657869339,-0.01811874657869339,0.0,0,"512000.SH,512880.SH,512200.SH,512690.SH,515050.SH"
2025-02-28,-0.013869808986783028,-0.013869808986783028,0.0,0,"512000.SH,512880.SH,512200.SH,512690.SH,515050.SH"
2025-03-03,0.030058041214942932,0.02805804121494293,2.0,1,"512760.SH,512980.SH,512480.SH,512720.SH,159939.SZ"
2025-03-04,0.02267693355679512,0.02267693355679512,0.0,0,"512760.SH,512980.SH,512480.SH,512720.SH,159939.SZ"
2025-03-05,0.016189146786928177,0.016189146786928177,0.0,0,"512760.SH,512980.SH,512480.SH,512720.SH,159939.SZ"
2025-03-06,-0.01231825165450573,-0.01231825165450573,0.0,0,"512760.SH,512980.SH,512480.SH,512720.SH,159939.SZ"
2025-03-07,-0.021282536908984184,-0.021282536908984184,0.0,0,"512760.SH,512980.SH,512480.SH,512720.SH,159939.SZ"
2025-03-10,0.0193769633769989,0.0193769633769989,0.0,0,"512760.SH,512980.SH,512480.SH,512720.SH,159939.SZ"
2025-03-11,-0.005286344327032566,-0.005286344327032566,0.0,0,"512760.SH,512980.SH,512480.SH,512720.SH,159939.SZ"
2025-03-12,-0.023837467655539513,-0.023837467655539513,0.0,0,"512760.SH,512980.SH,512480.SH,512720.SH,159939.SZ"
2025-03-13,0.024381745606660843,0.024381745606660843,0.0,0,"512760.SH,512980.SH,512480.SH,512720.SH,159939.SZ"
2025-03-14,-0.0013826681533828378,-0.0013826681533828378,0.0,0,"512760.SH,512980.SH,512480.SH,512720.SH,159939.SZ"
2025-03-17,-0.0013873493298888206,-0.0013873493298888206,0.0,0,"512760.SH,512980.SH,512480.SH,512720.SH,159939.SZ"
2025-03-18,-0.011239157058298588,-0.011239157058298588,0.0,0,"512760.SH,512980.SH,512480.SH,512720.SH,159939.SZ"
2025-03-19,-0.016746951267123222,-0.016746951267123222,0.0,0,"512760.SH,512980.SH,512480.SH,512720.SH,159939.SZ"
2025-03-20,-0.023531103506684303,-0.023531103506684303,0.0,0,"512760.SH,512980.SH,512480.SH,512720.SH,159939.SZ"
2025-03-21,0.0035040643997490406,0.0035040643997490406,0.0,0,"512760.SH,512980.SH,512480.SH,512720.SH,159939.SZ"
2025-03-24,-0.019240176305174828,-0.019240176305174828,0.0,0,"512760.SH,512980.SH,512480.SH,512720.SH,159939.SZ"
2025-03-25,-1.5313784388126805e-05,-1.5313784388126805e-05,0.0,0,"512760.SH,512980.SH,512480.SH,512720.SH,159939.SZ"
2025-03-26,0.0056407758966088295,0.0056407758966088295,0.0,0,"512760.SH,512980.SH,512480.SH,512720.SH,159939.SZ"
2025-03-27,-0.012860449962317944,-0.012860449962317944,0.0,0,"512760.SH,512980.SH,512480.SH,512720.SH,159939.SZ"
2025-03-28,0.002360160695388913,0.002360160695388913,0.0,0,"512760.SH,512980.SH,512480.SH,512720.SH,159939.SZ"
2025-03-31,-0.006195534951984882,-0.006195534951984882,0.0,0,"512760.SH,512980.SH,512480.SH,512720.SH,159939.SZ"
2025-04-01,-0.0021948625799268484,-0.003394862579926848,1.2,1,"512720.SH,512000.SH,512690.SH,512980.SH,512880.SH"
2025-04-02,-0.03672618418931961,-0.03672618418931961,0.0,0,"512720.SH,512000.SH,512690.SH,512980.SH,512880.SH"
2025-04-03,-0.045881520956754684,-0.045881520956754684,0.0,0,"512720.SH,512000.SH,512690.SH,512980.SH,512880.SH"
2025-04-07,-0.005534968338906765,-0.005534968338906765,0.0,0,"512720.SH,512000.SH,512690.SH,512980.SH,512880.SH"
2025-04-08,0.05328024551272392,0.05328024551272392,0.0,0,"512720.SH,512000.SH,512690.SH,512980.SH,512880.SH"
2025-04-09,-0.004837378393858671,-0.004837378393858671,0.0,0,"512720.SH,512000.SH,512690.SH,512980.SH,512880.SH"
2025-04-10,0.011778349056839943,0.011778349056839943,0.0,0,"512720.SH,512000.SH,512690.SH,512980.SH,512880.SH"
2025-04-11,-0.003237680997699499,-0.003237680997699499,0.0,0,"512720.SH,512000.SH,512690.SH,512980.SH,512880.SH"
2025-04-14,-0.006495130714029074,-0.006495130714029074,0.0,0,"512720.SH,512000.SH,512690.SH,512980.SH,512880.SH"
2025-04-15,-0.005602770484983921,-0.005602770484983921,0.0,0,"512720.SH,512000.SH,512690.SH,512980.SH,512880.SH"
2025-04-16,0.0076982202008366585,0.0076982202008366585,0.0,0,"512720.SH,512000.SH,512690.SH,512980.SH,512880.SH"
2025-04-17,-0.00015729926235508174,-0.00015729926235508174,0.0,0,"512720.SH,512000.SH,512690.SH,512980.SH,512880.SH"
2025-04-18,0.011120893992483616,0.011120893992483616,0.0,0,"512720.SH,512000.SH,512690.SH,512980.SH,512880.SH"
2025-04-21,-0.0008433862822130322,-0.0008433862822130322,0.0,0,"512720.SH,512000.SH,512690.SH,512980.SH,512880.SH"
2025-04-22,-0.005556563846766949,-0.005556563846766949,0.0,0,"512720.SH,512000.SH,512690.SH,512980.SH,512880.SH"
2025-04-23,-0.00824323296546936,-0.00824323296546936,0.0,0,"512720.SH,512000.SH,512690.SH,512980.SH,512880.SH"
2025-04-24,0.0034141044598072767,0.0034141044598072767,0.0,0,"512720.SH,512000.SH,512690.SH,512980.SH,512880.SH"
2025-04-25,-0.0058395033702254295,-0.0058395033702254295,0.0,0,"512720.SH,512000.SH,512690.SH,512980.SH,512880.SH"
2025-04-28,0.004141968674957752,0.004141968674957752,0.0,0,"512720.SH,512000.SH,512690.SH,512980.SH,512880.SH"
2025-04-29,0.012083224952220917,0.012083224952220917,0.0,0,"512720.SH,512000.SH,512690.SH,512980.SH,512880.SH"
2025-04-30,0.03353995084762573,0.03353995084762573,0.0,0,"512720.SH,512000.SH,512690.SH,512980.SH,512880.SH"
2025-05-06,-0.013463703915476799,-0.0150637039154768,1.6,1,"512760.SH,512480.SH,512800.SH,512880.SH,159928.SZ"
2025-05-07,0.002419868251308799,0.002419868251308799,0.0,0,"512760.SH,512480.SH,512800.SH,512880.SH,159928.SZ"
2025-05-08,-0.00255355192348361,-0.00255355192348361,0.0,0,"512760.SH,512480.SH,512800.SH,512880.SH,159928.SZ"
2025-05-09,0.00783084612339735,0.00783084612339735,0.0,0,"512760.SH,512480.SH,512800.SH,512880.SH,159928.SZ"
2025-05-12,-0.003922868985682726,-0.003922868985682726,0.0,0,"512760.SH,512480.SH,512800.SH,512880.SH,159928.SZ"
2025-05-13,0.00991054531186819,0.00991054531186819,0.0,0,"512760.SH,512480.SH,512800.SH,512880.SH,159928.SZ"
2025-05-14,-0.01253061555325985,-0.01253061555325985,0.0,0,"512760.SH,512480.SH,512800.SH,512880.SH,159928.SZ"
2025-05-15,-0.006937463767826557,-0.006937463767826557,0.0,0,"512760.SH,512480.SH,512800.SH,512880.SH,159928.SZ"
2025-05-16,0.0022099397610872984,0.0022099397610872984,0.0,0,"512760.SH,512480.SH,512800.SH,512880.SH,159928.SZ"
2025-05-19,0.0029348821844905615,0.0029348821844905615,0.0,0,"512760.SH,512480.SH,512800.SH,512880.SH,159928.SZ"
2025-05-20,-0.003553622867912054,-0.003553622867912054,0.0,0,"512760.SH,512480.SH,512800.SH,512880.SH,159928.SZ"
2025-05-21,-0.0005835714982822537,-0.0005835714982822537,0.0,0,"512760.SH,512480.SH,512800.SH,512880.SH,159928.SZ"
2025-05-22,-0.009600229561328888,-0.009600229561328888,0.0,0,"512760.SH,512480.SH,512800.SH,512880.SH,159928.SZ"
2025-05-23,-0.0014051891630515456,-0.0014051891630515456,0.0,0,"512760.SH,512480.SH,512800.SH,512880.SH,159928.SZ"
2025-05-26,-0.0028205951675772667,-0.0028205951675772667,0.0,0,"512760.SH,512480.SH,512800.SH,512880.SH,159928.SZ"
2025-05-27,-0.0025670945178717375,-0.0025670945178717375,0.0,0,"512760.SH,512480.SH,512800.SH,512880.SH,159928.SZ"
2025-05-28,0.005271646194159985,0.005271646194159985,0.0,0,"512760.SH,512480.SH,512800.SH,512880.SH,159928.SZ"
2025-05-29,-0.00604896480217576,-0.00604896480217576,0.0,0,"512760.SH,512480.SH,512800.SH,512880.SH,159928.SZ"
2025-05-30,0.011775711551308632,0.011775711551308632,0.0,0,"512760.SH,512480.SH,512800.SH,512880.SH,159928.SZ"
2025-06-03,0.009871168993413448,0.007871168993413448,2.0,1,"512720.SH,512220.SH,512290.SH,512120.SH,159929.SZ"
2025-06-04,0.0027985763736069202,0.0027985763736069202,0.0,0,"512720.SH,512220.SH,512290.SH,512120.SH,159929.SZ"
2025-06-05,-0.0002822020906023681,-0.0002822020906023681,0.0,0,"512720.SH,512220.SH,512290.SH,512120.SH,159929.SZ"
2025-06-06,0.011891652829945087,0.011891652829945087,0.0,0,"512720.SH,512220.SH,512290.SH,512120.SH,159929.SZ"
2025-06-09,-0.007054163608700037,-0.007054163608700037,0.0,0,"512720.SH,512220.SH,512290.SH,512120.SH,159929.SZ"
2025-06-10,-0.002895669313147664,-0.002895669313147664,0.0,0,"512720.SH,512220.SH,512290.SH,512120.SH,159929.SZ"
2025-06-11,0.006932488642632961,0.006932488642632961,0.0,0,"512720.SH,512220.SH,512290.SH,512120.SH,159929.SZ"
2025-06-12,-0.013307454995810986,-0.013307454995810986,0.0,0,"512720.SH,512220.SH,512290.SH,512120.SH,159929.SZ"
2025-06-13,0.0022046812810003757,0.0022046812810003757,0.0,0,"512720.SH,512220.SH,512290.SH,512120.SH,159929.SZ"
2025-06-16,-0.014582030475139618,-0.014582030475139618,0.0,0,"512720.SH,512220.SH,512290.SH,512120.SH,159929.SZ"
2025-06-17,0.00014824458048678935,0.00014824458048678935,0.0,0,"512720.SH,512220.SH,512290.SH,512120.SH,159929.SZ"
2025-06-18,-0.01072152704000473,-0.01072152704000473,0.0,0,"512720.SH,512220.SH,512290.SH,512120.SH,159929.SZ"
2025-06-19,-0.008634443394839764,-0.008634443394839764,0.0,0,"512720.SH,512220.SH,512290.SH,512120.SH,159929.SZ"
2025-06-20,0.010177087970077991,0.010177087970077991,0.0,0,"512720.SH,512220.SH,512290.SH,512120.SH,159929.SZ"
2025-06-23,0.01613764651119709,0.01613764651119709,0.0,0,"512720.SH,512220.SH,512290.SH,512120.SH,159929.SZ"
2025-06-24,0.013553430326282978,0.013553430326282978,0.0,0,"512720.SH,512220.SH,512290.SH,512120.SH,159929.SZ"
2025-06-25,-0.006474797613918781,-0.006474797613918781,0.0,0,"512720.SH,512220.SH,512290.SH,512120.SH,159929.SZ"
2025-06-26,0.00019216537475585938,0.00019216537475585938,0.0,0,"512720.SH,512220.SH,512290.SH,512120.SH,159929.SZ"
2025-06-27,0.009699961170554161,0.009699961170554161,0.0,0,"512720.SH,512220.SH,512290.SH,512120.SH,159929.SZ"
2025-06-30,0.0038690692745149136,0.0038690692745149136,0.0,0,"512720.SH,512220.SH,512290.SH,512120.SH,159929.SZ"
2025-07-01,-0.013713337481021881,-0.015713337481021883,2.0,1,"512810.SH,515050.SH,515880.SH,512880.SH,512660.SH"
2025-07-02,0.012317225337028503,0.012317225337028503,0.0,0,"512810.SH,515050.SH,515880.SH,512880.SH,512660.SH"
2025-07-03,-0.007008287124335766,-0.007008287124335766,0.0,0,"512810.SH,515050.SH,515880.SH,512880.SH,512660.SH"
2025-07-04,-0.002728476654738188,-0.002728476654738188,0.0,0,"512810.SH,515050.SH,515880.SH,512880.SH,512660.SH"
2025-07-07,0.02364455536007881,0.02364455536007881,0.0,0,"512810.SH,515050.SH,515880.SH,512880.SH,512660.SH"
2025-07-08,-0.004052544478327036,-0.004052544478327036,0.0,0,"512810.SH,515050.SH,515880.SH,512880.SH,512660.SH"
2025-07-09,0.000398157921154052,0.000398157921154052,0.0,0,"512810.SH,515050.SH,515880.SH,512880.SH,512660.SH"
2025-07-10,0.007707110606133938,0.007707110606133938,0.0,0,"512810.SH,515050.SH,515880.SH,512880.SH,512660.SH"
2025-07-11,0.005705687217414379,0.005705687217414379,0.0,0,"512810.SH,515050.SH,515880.SH,512880.SH,512660.SH"
2025-07-14,0.015377899631857872,0.015377899631857872,0.0,0,"512810.SH,515050.SH,515880.SH,512880.SH,512660.SH"
2025-07-15,-0.007144926581531763,-0.007144926581531763,0.0,0,"512810.SH,515050.SH,515880.SH,512880.SH,512660.SH"
2025-07-16,0.03310365229845047,0.03310365229845047,0.0,0,"512810.SH,515050.SH,515880.SH,512880.SH,512660.SH"
2025-07-17,-0.001344611868262291,-0.001344611868262291,0.0,0,"512810.SH,515050.SH,515880.SH,512880.SH,512660.SH"
2025-07-18,0.007727419026196003,0.007727419026196003,0.0,0,"512810.SH,515050.SH,515880.SH,512880.SH,512660.SH"
2025-07-21,-0.004741451237350702,-0.004741451237350702,0.0,0,"512810.SH,515050.SH,515880.SH,512880.SH,512660.SH"
2025-07-22,0.0015044037718325853,0.0015044037718325853,0.0,0,"512810.SH,515050.SH,515880.SH,512880.SH,512660.SH"
2025-07-23,0.01336478441953659,0.01336478441953659,0.0,0,"512810.SH,515050.SH,515880.SH,512880.SH,512660.SH"
2025-07-24,0.0017178000416606665,0.0017178000416606665,0.0,0,"512810.SH,515050.SH,515880.SH,512880.SH,512660.SH"
2025-07-25,0.013603543862700462,0.013603543862700462,0.0,0,"512810.SH,515050.SH,515880.SH,512880.SH,512660.SH"
2025-07-28,0.018846292048692703,0.018846292048692703,0.0,0,"512810.SH,515050.SH,515880.SH,512880.SH,512660.SH"
2025-07-29,-0.0020488465670496225,-0.0020488465670496225,0.0,0,"512810.SH,515050.SH,515880.SH,512880.SH,512660.SH"
2025-07-30,-0.01299692690372467,-0.01299692690372467,0.0,0,"512810.SH,515050.SH,515880.SH,512880.SH,512660.SH"
2025-07-31,-0.015825044363737106,-0.015825044363737106,0.0,0,"512810.SH,515050.SH,515880.SH,512880.SH,512660.SH"
2025-08-01,0.017083680257201195,0.015883680257201195,1.2,1,"515050.SH,515880.SH,512290.SH,512000.SH,510660.SH"
2025-08-04,-0.0014451531460508704,-0.0014451531460508704,0.0,0,"515050.SH,515880.SH,512290.SH,512000.SH,510660.SH"
2025-08-05,0.006455620285123587,0.006455620285123587,0.0,0,"515050.SH,515880.SH,512290.SH,512000.SH,510660.SH"
2025-08-06,-0.01119010429829359,-0.01119010429829359,0.0,0,"515050.SH,515880.SH,512290.SH,512000.SH,510660.SH"
2025-08-07,0.0005732402205467224,0.0005732402205467224,0.0,0,"515050.SH,515880.SH,512290.SH,512000.SH,510660.SH"
2025-08-08,0.01516745239496231,0.01516745239496231,0.0,0,"515050.SH,515880.SH,512290.SH,512000.SH,510660.SH"
2025-08-11,0.014149117283523083,0.014149117283523083,0.0,0,"515050.SH,515880.SH,512290.SH,512000.SH,510660.SH"
2025-08-12,0.03468245267868042,0.03468245267868042,0.0,0,"515050.SH,515880.SH,512290.SH,512000.SH,510660.SH"
2025-08-13,-0.0165281742811203,-0.0165281742811203,0.0,0,"515050.SH,515880.SH,512290.SH,512000.SH,510660.SH"
2025-08-14,0.023851387202739716,0.023851387202739716,0.0,0,"515050.SH,515880.SH,512290.SH,512000.SH,510660.SH"
2025-08-15,0.015095749869942665,0.015095749869942665,0.0,0,"515050.SH,515880.SH,512290.SH,512000.SH,510660.SH"
2025-08-18,-0.005987927317619324,-0.005987927317619324,0.0,0,"515050.SH,515880.SH,512290.SH,512000.SH,510660.SH"
2025-08-19,0.019523967057466507,0.019523967057466507,0.0,0,"515050.SH,515880.SH,512290.SH,512000.SH,510660.SH"
2025-08-20,-0.0072220503352582455,-0.0072220503352582455,0.0,0,"515050.SH,515880.SH,512290.SH,512000.SH,510660.SH"
2025-08-21,0.03849005699157715,0.03849005699157715,0.0,0,"515050.SH,515880.SH,512290.SH,512000.SH,510660.SH"
2025-08-22,0.024771425873041153,0.024771425873041153,0.0,0,"515050.SH,515880.SH,512290.SH,512000.SH,510660.SH"
2025-08-25,-0.008030937984585762,-0.008030937984585762,0.0,0,"515050.SH,515880.SH,512290.SH,512000.SH,510660.SH"
2025-08-26,-0.00863003171980381,-0.00863003171980381,0.0,0,"515050.SH,515880.SH,512290.SH,512000.SH,510660.SH"
2025-08-27,0.03993535041809082,0.03993535041809082,0.0,0,"515050.SH,515880.SH,512290.SH,512000.SH,510660.SH"
2025-08-28,0.021212663501501083,0.021212663501501083,0.0,0,"515050.SH,515880.SH,512290.SH,512000.SH,510660.SH"
2025-08-29,0.026445651426911354,0.026445651426911354,0.0,0,"515050.SH,515880.SH,512290.SH,512000.SH,510660.SH"
2025-09-01,-0.004612122196704149,-0.006212122196704149,1.6,1,"512000.SH,159944.SZ,512690.SH,512800.SH,512980.SH"
2025-09-02,-0.019063619896769524,-0.019063619896769524,0.0,0,"512000.SH,159944.SZ,512690.SH,512800.SH,512980.SH"
2025-09-03,-0.007285372354090214,-0.007285372354090214,0.0,0,"512000.SH,159944.SZ,512690.SH,512800.SH,512980.SH"
2025-09-04,0.01526401937007904,0.01526401937007904,0.0,0,"512000.SH,159944.SZ,512690.SH,512800.SH,512980.SH"
2025-09-05,0.005116049200296402,0.005116049200296402,0.0,0,"512000.SH,159944.SZ,512690.SH,512800.SH,512980.SH"
2025-09-08,-0.00024722141097299755,-0.00024722141097299755,0.0,0,"512000.SH,159944.SZ,512690.SH,512800.SH,512980.SH"
2025-09-09,0.0003108385135419667,0.0003108385135419667,0.0,0,"512000.SH,159944.SZ,512690.SH,512800.SH,512980.SH"
2025-09-10,0.016301259398460388,0.016301259398460388,0.0,0,"512000.SH,159944.SZ,512690.SH,512800.SH,512980.SH"
2025-09-11,-0.009510032832622528,-0.009510032832622528,0.0,0,"512000.SH,159944.SZ,512690.SH,512800.SH,512980.SH"
2025-09-12,0.0024546978529542685,0.0024546978529542685,0.0,0,"512000.SH,159944.SZ,512690.SH,512800.SH,512980.SH"
2025-09-15,-0.005521871615201235,-0.005521871615201235,0.0,0,"512000.SH,159944.SZ,512690.SH,512800.SH,512980.SH"
2025-09-16,0.003373522311449051,0.003373522311449051,0.0,0,"512000.SH,159944.SZ,512690.SH,512800.SH,512980.SH"
2025-09-17,-0.02253878116607666,-0.02253878116607666,0.0,0,"512000.SH,159944.SZ,512690.SH,512800.SH,512980.SH"
2025-09-18,0.003794468240812421,0.003794468240812421,0.0,0,"512000.SH,159944.SZ,512690.SH,512800.SH,512980.SH"
2025-09-19,-0.005310636013746262,-0.005310636013746262,0.0,0,"512000.SH,159944.SZ,512690.SH,512800.SH,512980.SH"
2025-09-22,-0.009213650599122047,-0.009213650599122047,0.0,0,"512000.SH,159944.SZ,512690.SH,512800.SH,512980.SH"
2025-09-23,0.013197178952395916,0.013197178952395916,0.0,0,"512000.SH,159944.SZ,512690.SH,512800.SH,512980.SH"
2025-09-24,0.0029778634198009968,0.0029778634198009968,0.0,0,"512000.SH,159944.SZ,512690.SH,512800.SH,512980.SH"
2025-09-25,-0.008507130667567253,-0.008507130667567253,0.0,0,"512000.SH,159944.SZ,512690.SH,512800.SH,512980.SH"
2025-09-26,0.01986885443329811,0.01986885443329811,0.0,0,"512000.SH,159944.SZ,512690.SH,512800.SH,512980.SH"
2025-09-29,0.003762261476367712,0.003762261476367712,0.0,0,"512000.SH,159944.SZ,512690.SH,512800.SH,512980.SH"
2025-09-30,0.0016968331765383482,0.0016968331765383482,0.0,0,"512000.SH,159944.SZ,512690.SH,512800.SH,512980.SH"
2025-10-09,-0.05462435632944107,-0.05622435632944107,1.6,1,"512980.SH,512660.SH,512720.SH,159909.SZ,512880.SH"
2025-10-10,0.03635295107960701,0.03635295107960701,0.0,0,"512980.SH,512660.SH,512720.SH,159909.SZ,512880.SH"
2025-10-13,-0.025856871157884598,-0.025856871157884598,0.0,0,"512980.SH,512660.SH,512720.SH,159909.SZ,512880.SH"
2025-10-14,0.006461957935243845,0.006461957935243845,0.0,0,"512980.SH,512660.SH,512720.SH,159909.SZ,512880.SH"
2025-10-15,-0.006000473629683256,-0.006000473629683256,0.0,0,"512980.SH,512660.SH,512720.SH,159909.SZ,512880.SH"
2025-10-16,-0.01825905777513981,-0.01825905777513981,0.0,0,"512980.SH,512660.SH,512720.SH,159909.SZ,512880.SH"
2025-10-17,0.0011052952613681555,0.0011052952613681555,0.0,0,"512980.SH,512660.SH,512720.SH,159909.SZ,512880.SH"
2025-10-20,0.011694233864545822,0.011694233864545822,0.0,0,"512980.SH,512660.SH,512720.SH,159909.SZ,512880.SH"
2025-10-21,-0.0038728907238692045,-0.0038728907238692045,0.0,0,"512980.SH,512660.SH,512720.SH,159909.SZ,512880.SH"
2025-10-22,0.005538673140108585,0.005538673140108585,0.0,0,"512980.SH,512660.SH,512720.SH,159909.SZ,512880.SH"
2025-10-23,0.027179818600416183,0.027179818600416183,0.0,0,"512980.SH,512660.SH,512720.SH,159909.SZ,512880.SH"
2025-10-24,0.002898622304201126,0.002898622304201126,0.0,0,"512980.SH,512660.SH,512720.SH,159909.SZ,512880.SH"
2025-10-27,0.005168783012777567,0.005168783012777567,0.0,0,"512980.SH,512660.SH,512720.SH,159909.SZ,512880.SH"
2025-10-28,0.00971417035907507,0.00971417035907507,0.0,0,"512980.SH,512660.SH,512720.SH,159909.SZ,512880.SH"
2025-10-29,-0.017876727506518364,-0.017876727506518364,0.0,0,"512980.SH,512660.SH,512720.SH,159909.SZ,512880.SH"
2025-10-30,-0.0049358815886080265,-0.0049358815886080265,0.0,0,"512980.SH,512660.SH,512720.SH,159909.SZ,512880.SH"
2025-10-31,0.006263017654418945,0.006263017654418945,0.0,0,"512980.SH,512660.SH,512720.SH,159909.SZ,512880.SH"
2025-11-03,-0.02031387761235237,-0.021913877612352372,1.6,1,"159944.SZ,512290.SH,512580.SH,512880.SH,159930.SZ"
2025-11-04,0.016290836036205292,0.016290836036205292,0.0,0,"159944.SZ,512290.SH,512580.SH,512880.SH,159930.SZ"
2025-11-05,0.010846266523003578,0.010846266523003578,0.0,0,"159944.SZ,512290.SH,512580.SH,512880.SH,159930.SZ"
2025-11-06,0.007483481429517269,0.007483481429517269,0.0,0,"159944.SZ,512290.SH,512580.SH,512880.SH,159930.SZ"
2025-11-07,0.0040018451400101185,0.0040018451400101185,0.0,0,"159944.SZ,512290.SH,512580.SH,512880.SH,159930.SZ"
2025-11-10,-0.01053193025290966,-0.01053193025290966,0.0,0,"159944.SZ,512290.SH,512580.SH,512880.SH,159930.SZ"
2025-11-11,-0.0006891327211633325,-0.0006891327211633325,0.0,0,"159944.SZ,512290.SH,512580.SH,512880.SH,159930.SZ"
2025-11-12,0.012350688688457012,0.012350688688457012,0.0,0,"159944.SZ,512290.SH,512580.SH,512880.SH,159930.SZ"
2025-11-13,-0.007956977933645248,-0.007956977933645248,0.0,0,"159944.SZ,512290.SH,512580.SH,512880.SH,159930.SZ"
2025-11-14,-0.007980593480169773,-0.007980593480169773,0.0,0,"159944.SZ,512290.SH,512580.SH,512880.SH,159930.SZ"
2025-11-17,-0.010491518303751945,-0.010491518303751945,0.0,0,"159944.SZ,512290.SH,512580.SH,512880.SH,159930.SZ"
2025-11-18,0.009760675951838493,0.009760675951838493,0.0,0,"159944.SZ,512290.SH,512580.SH,512880.SH,159930.SZ"
2025-11-19,-0.022508591413497925,-0.022508591413497925,0.0,0,"159944.SZ,512290.SH,512580.SH,512880.SH,159930.SZ"
2025-11-20,-0.022473786026239395,-0.022473786026239395,0.0,0,"159944.SZ,512290.SH,512580.SH,512880.SH,159930.SZ"
2025-11-21,0.0017675359267741442,0.0017675359267741442,0.0,0,"159944.SZ,512290.SH,512580.SH,512880.SH,159930.SZ"
2025-11-24,0.0022057979367673397,0.0022057979367673397,0.0,0,"159944.SZ,512290.SH,512580.SH,512880.SH,159930.SZ"
2025-11-25,-0.002032381482422352,-0.002032381482422352,0.0,0,"159944.SZ,512290.SH,512580.SH,512880.SH,159930.SZ"
2025-11-26,0.0013468426186591387,0.0013468426186591387,0.0,0,"159944.SZ,512290.SH,512580.SH,512880.SH,159930.SZ"
2025-11-27,0.010383794084191322,0.010383794084191322,0.0,0,"159944.SZ,512290.SH,512580.SH,512880.SH,159930.SZ"
2025-11-28,0.004813394509255886,0.004813394509255886,0.0,0,"159944.SZ,512290.SH,512580.SH,512880.SH,159930.SZ"
2025-12-01,-0.01072958204895258,-0.01192958204895258,1.2,1,"512000.SH,512760.SH,512400.SH,512290.SH,512580.SH"
2025-12-02,-0.0026489628944545984,-0.0026489628944545984,0.0,0,"512000.SH,512760.SH,512400.SH,512290.SH,512580.SH"
2025-12-03,0.000567459617741406,0.000567459617741406,0.0,0,"512000.SH,512760.SH,512400.SH,512290.SH,512580.SH"
2025-12-04,0.020152820274233818,0.020152820274233818,0.0,0,"512000.SH,512760.SH,512400.SH,512290.SH,512580.SH"
2025-12-05,0.0026584058068692684,0.0026584058068692684,0.0,0,"512000.SH,512760.SH,512400.SH,512290.SH,512580.SH"
2025-12-08,-0.006742498837411404,-0.006742498837411404,0.0,0,"512000.SH,512760.SH,512400.SH,512290.SH,512580.SH"
2025-12-09,0.004662363789975643,0.004662363789975643,0.0,0,"512000.SH,512760.SH,512400.SH,512290.SH,512580.SH"
2025-12-10,-0.00830253679305315,-0.00830253679305315,0.0,0,"512000.SH,512760.SH,512400.SH,512290.SH,512580.SH"
2025-12-11,-0.0016314036911353469,-0.0016314036911353469,0.0,0,"512000.SH,512760.SH,512400.SH,512290.SH,512580.SH"
2025-12-12,-0.004542349837720394,-0.004542349837720394,0.0,0,"512000.SH,512760.SH,512400.SH,512290.SH,512580.SH"
2025-12-15,-0.015200103633105755,-0.015200103633105755,0.0,0,"512000.SH,512760.SH,512400.SH,512290.SH,512580.SH"
2025-12-16,0.01798776164650917,0.01798776164650917,0.0,0,"512000.SH,512760.SH,512400.SH,512290.SH,512580.SH"
2025-12-17,-0.0024080986622720957,-0.0024080986622720957,0.0,0,"512000.SH,512760.SH,512400.SH,512290.SH,512580.SH"
2025-12-18,0.008956263773143291,0.008956263773143291,0.0,0,"512000.SH,512760.SH,512400.SH,512290.SH,512580.SH"
2025-12-19,0.010589915327727795,0.010589915327727795,0.0,0,"512000.SH,512760.SH,512400.SH,512290.SH,512580.SH"
2025-12-22,0.004317895509302616,0.004317895509302616,0.0,0,"512000.SH,512760.SH,512400.SH,512290.SH,512580.SH"
2025-12-23,0.0032337172888219357,0.0032337172888219357,0.0,0,"512000.SH,512760.SH,512400.SH,512290.SH,512580.SH"
2025-12-24,0.004711017478257418,0.004711017478257418,0.0,0,"512000.SH,512760.SH,512400.SH,512290.SH,512580.SH"
2025-12-25,0.011841184459626675,0.011841184459626675,0.0,0,"512000.SH,512760.SH,512400.SH,512290.SH,512580.SH"
2025-12-26,-0.021542763337492943,-0.021542763337492943,0.0,0,"512000.SH,512760.SH,512400.SH,512290.SH,512580.SH"
2025-12-29,0.0150230061262846,0.0150230061262846,0.0,0,"512000.SH,512760.SH,512400.SH,512290.SH,512580.SH"
2025-12-30,0.0001056783803505823,0.0001056783803505823,0.0,0,"512000.SH,512760.SH,512400.SH,512290.SH,512580.SH"
2025-12-31,0.028191611170768738,0.028191611170768738,0.0,0,"512000.SH,512760.SH,512400.SH,512290.SH,512580.SH"
2026-01-05,0.028173822909593582,0.02657382290959358,1.6,1,"515880.SH,512480.SH,512220.SH,512400.SH,512880.SH"
2026-01-06,-0.005950865801423788,-0.005950865801423788,0.0,0,"515880.SH,512480.SH,512220.SH,512400.SH,512880.SH"
2026-01-07,-0.011485455557703972,-0.011485455557703972,0.0,0,"515880.SH,512480.SH,512220.SH,512400.SH,512880.SH"
2026-01-08,0.02225608006119728,0.02225608006119728,0.0,0,"515880.SH,512480.SH,512220.SH,512400.SH,512880.SH"
2026-01-09,0.014785544946789742,0.014785544946789742,0.0,0,"515880.SH,512480.SH,512220.SH,512400.SH,512880.SH"
2026-01-12,-0.018092835322022438,-0.018092835322022438,0.0,0,"515880.SH,512480.SH,512220.SH,512400.SH,512880.SH"
2026-01-13,-0.00015085507766343653,-0.00015085507766343653,0.0,0,"515880.SH,512480.SH,512220.SH,512400.SH,512880.SH"
2026-01-14,0.02496447041630745,0.02496447041630745,0.0,0,"515880.SH,512480.SH,512220.SH,512400.SH,512880.SH"
2026-01-15,-0.00400882214307785,-0.00400882214307785,0.0,0,"515880.SH,512480.SH,512220.SH,512400.SH,512880.SH"
2026-01-16,-0.002896380377933383,-0.002896380377933383,0.0,0,"515880.SH,512480.SH,512220.SH,512400.SH,512880.SH"
2026-01-19,-0.015089191496372223,-0.015089191496372223,0.0,0,"515880.SH,512480.SH,512220.SH,512400.SH,512880.SH"
2026-01-20,0.030176017433404922,0.030176017433404922,0.0,0,"515880.SH,512480.SH,512220.SH,512400.SH,512880.SH"
2026-01-21,0.0013810256496071815,0.0013810256496071815,0.0,0,"515880.SH,512480.SH,512220.SH,512400.SH,512880.SH"
2026-01-22,0.00529388478025794,0.00529388478025794,0.0,0,"515880.SH,512480.SH,512220.SH,512400.SH,512880.SH"
2026-01-23,-0.006920765154063702,-0.006920765154063702,0.0,0,"515880.SH,512480.SH,512220.SH,512400.SH,512880.SH"
2026-01-26,0.024392949417233467,0.024392949417233467,0.0,0,"515880.SH,512480.SH,512220.SH,512400.SH,512880.SH"
2026-01-27,0.014033712446689606,0.014033712446689606,0.0,0,"515880.SH,512480.SH,512220.SH,512400.SH,512880.SH"
2026-01-28,-0.03072107955813408,-0.03072107955813408,0.0,0,"515880.SH,512480.SH,512220.SH,512400.SH,512880.SH"
2026-01-29,-0.017376666888594627,-0.017376666888594627,0.0,0,"515880.SH,512480.SH,512220.SH,512400.SH,512880.SH"
2026-01-30,-0.13574299216270447,-0.13574299216270447,0.0,0,"515880.SH,512480.SH,512220.SH,512400.SH,512880.SH"
2026-02-02,0.03384246677160263,0.03224246677160263,1.6,1,"512710.SH,512400.SH,512660.SH,512980.SH,159944.SZ"
2026-02-03,-0.021268073469400406,-0.021268073469400406,0.0,0,"512710.SH,512400.SH,512660.SH,512980.SH,159944.SZ"
2026-02-04,-0.0244422797113657,-0.0244422797113657,0.0,0,"512710.SH,512400.SH,512660.SH,512980.SH,159944.SZ"
2026-02-05,0.028890063986182213,0.028890063986182213,0.0,0,"512710.SH,512400.SH,512660.SH,512980.SH,159944.SZ"
2026-02-06,0.008381958119571209,0.008381958119571209,0.0,0,"512710.SH,512400.SH,512660.SH,512980.SH,159944.SZ"
2026-02-09,0.0016328662168234587,0.0016328662168234587,0.0,0,"512710.SH,512400.SH,512660.SH,512980.SH,159944.SZ"
2026-02-10,-0.0003012854722328484,-0.0003012854722328484,0.0,0,"512710.SH,512400.SH,512660.SH,512980.SH,159944.SZ"
2026-02-11,0.003030751133337617,0.003030751133337617,0.0,0,"512710.SH,512400.SH,512660.SH,512980.SH,159944.SZ"
2026-02-12,0.00613897480070591,0.00613897480070591,0.0,0,"512710.SH,512400.SH,512660.SH,512980.SH,159944.SZ"
2026-02-13,0.003110795048996806,0.003110795048996806,0.0,0,"512710.SH,512400.SH,512660.SH,512980.SH,159944.SZ"
2026-02-24,0.020463228225708008,0.020463228225708008,0.0,0,"512710.SH,512400.SH,512660.SH,512980.SH,159944.SZ"
2026-02-25,-0.005705581046640873,-0.005705581046640873,0.0,0,"512710.SH,512400.SH,512660.SH,512980.SH,159944.SZ"
2026-02-26,0.03228380158543587,0.03228380158543587,0.0,0,"512710.SH,512400.SH,512660.SH,512980.SH,159944.SZ"
2026-02-27,-0.002444592537358403,-0.002444592537358403,0.0,0,"512710.SH,512400.SH,512660.SH,512980.SH,159944.SZ"
2026-03-02,-0.06534646451473236,-0.06654646451473237,1.2,1,"515880.SH,159944.SZ,512980.SH,512480.SH,512760.SH"
2026-03-03,0.033208638429641724,0.033208638429641724,0.0,0,"515880.SH,159944.SZ,512980.SH,512480.SH,512760.SH"
2026-03-04,-0.015408426523208618,-0.015408426523208618,0.0,0,"515880.SH,159944.SZ,512980.SH,512480.SH,512760.SH"
2026-03-05,-0.01204686425626278,-0.01204686425626278,0.0,0,"515880.SH,159944.SZ,512980.SH,512480.SH,512760.SH"
2026-03-06,0.017065543681383133,0.017065543681383133,0.0,0,"515880.SH,159944.SZ,512980.SH,512480.SH,512760.SH"
2026-03-09,0.00901393499225378,0.00901393499225378,0.0,0,"515880.SH,159944.SZ,512980.SH,512480.SH,512760.SH"
2026-03-10,-0.00866064615547657,-0.00866064615547657,0.0,0,"515880.SH,159944.SZ,512980.SH,512480.SH,512760.SH"
2026-03-11,-0.018531817942857742,-0.018531817942857742,0.0,0,"515880.SH,159944.SZ,512980.SH,512480.SH,512760.SH"
2026-03-12,-0.006947420537471771,-0.006947420537471771,0.0,0,"515880.SH,159944.SZ,512980.SH,512480.SH,512760.SH"
2026-03-13,0.009444921277463436,0.009444921277463436,0.0,0,"515880.SH,159944.SZ,512980.SH,512480.SH,512760.SH"
2026-03-16,-0.02320360578596592,-0.02320360578596592,0.0,0,"515880.SH,159944.SZ,512980.SH,512480.SH,512760.SH"
2026-03-17,-0.004959617741405964,-0.004959617741405964,0.0,0,"515880.SH,159944.SZ,512980.SH,512480.SH,512760.SH"
2026-03-18,-0.00026470888406038284,-0.00026470888406038284,0.0,0,"515880.SH,159944.SZ,512980.SH,512480.SH,512760.SH"
2026-03-19,-0.0386180616915226,-0.0386180616915226,0.0,0,"515880.SH,159944.SZ,512980.SH,512480.SH,512760.SH"
2026-03-20,-0.01317872665822506,-0.01317872665822506,0.0,0,"515880.SH,159944.SZ,512980.SH,512480.SH,512760.SH"
2026-03-23,0.016509465873241425,0.016509465873241425,0.0,0,"515880.SH,159944.SZ,512980.SH,512480.SH,512760.SH"
2026-03-24,0.011140776798129082,0.011140776798129082,0.0,0,"515880.SH,159944.SZ,512980.SH,512480.SH,512760.SH"
2026-03-25,-0.12497308105230331,-0.12497308105230331,0.0,0,"515880.SH,159944.SZ,512980.SH,512480.SH,512760.SH"
2026-03-26,0.008242574520409107,0.008242574520409107,0.0,0,"515880.SH,159944.SZ,512980.SH,512480.SH,512760.SH"
2026-03-27,0.016649290919303894,0.016649290919303894,0.0,0,"515880.SH,159944.SZ,512980.SH,512480.SH,512760.SH"
2026-03-30,0.005513467825949192,0.005513467825949192,0.0,0,"515880.SH,159944.SZ,512980.SH,512480.SH,512760.SH"
2026-03-31,0.0016296710819005966,0.0016296710819005966,0.0,0,"515880.SH,159944.SZ,512980.SH,512480.SH,512760.SH"
2026-04-01,-0.01864437758922577,-0.01984437758922577,1.2,1,"512760.SH,512660.SH,512710.SH,512810.SH,512480.SH"
2026-04-02,-0.010371034033596516,-0.010371034033596516,0.0,0,"512760.SH,512660.SH,512710.SH,512810.SH,512480.SH"
2026-04-03,0.025710100308060646,0.025710100308060646,0.0,0,"512760.SH,512660.SH,512710.SH,512810.SH,512480.SH"
2026-04-07,0.02275758609175682,0.02275758609175682,0.0,0,"512760.SH,512660.SH,512710.SH,512810.SH,512480.SH"
2026-04-08,0.014749539084732533,0.014749539084732533,0.0,0,"512760.SH,512660.SH,512710.SH,512810.SH,512480.SH"
2026-04-09,-0.0021971329115331173,-0.0021971329115331173,0.0,0,"512760.SH,512660.SH,512710.SH,512810.SH,512480.SH"
2026-04-10,0.023478176444768906,0.023478176444768906,0.0,0,"512760.SH,512660.SH,512710.SH,512810.SH,512480.SH"
2026-04-13,0.018633168190717697,0.018633168190717697,0.0,0,"512760.SH,512660.SH,512710.SH,512810.SH,512480.SH"
2026-04-14,-0.01132118608802557,-0.01132118608802557,0.0,0,"512760.SH,512660.SH,512710.SH,512810.SH,512480.SH"
2026-04-15,0.0035253912210464478,0.0035253912210464478,0.0,0,"512760.SH,512660.SH,512710.SH,512810.SH,512480.SH"
2026-04-16,0.00980219803750515,0.00980219803750515,0.0,0,"512760.SH,512660.SH,512710.SH,512810.SH,512480.SH"
2026-04-17,0.022988829761743546,0.022988829761743546,0.0,0,"512760.SH,512660.SH,512710.SH,512810.SH,512480.SH"
2026-04-20,-0.015983927994966507,-0.015983927994966507,0.0,0,"512760.SH,512660.SH,512710.SH,512810.SH,512480.SH"
2026-04-21,0.023767614737153053,0.023767614737153053,0.0,0,"512760.SH,512660.SH,512710.SH,512810.SH,512480.SH"
2026-04-22,-0.011249512434005737,-0.011249512434005737,0.0,0,"512760.SH,512660.SH,512710.SH,512810.SH,512480.SH"
2026-04-23,-0.001948389457538724,-0.001948389457538724,0.0,0,"512760.SH,512660.SH,512710.SH,512810.SH,512480.SH"
2026-04-24,0.010536634363234043,0.010536634363234043,0.0,0,"512760.SH,512660.SH,512710.SH,512810.SH,512480.SH"
2026-04-27,-0.02060377597808838,-0.02060377597808838,0.0,0,"512760.SH,512660.SH,512710.SH,512810.SH,512480.SH"
2026-04-28,0.0139203742146492,0.0139203742146492,0.0,0,"512760.SH,512660.SH,512710.SH,512810.SH,512480.SH"
2026-04-29,0.04325644671916962,0.04325644671916962,0.0,0,"512760.SH,512660.SH,512710.SH,512810.SH,512480.SH"
2026-04-30,0.022886116057634354,0.022886116057634354,0.0,0,"512760.SH,512660.SH,512710.SH,512810.SH,512480.SH"
2026-05-06,0.004344267304986715,0.0023442673049867153,2.0,1,"512000.SH,515050.SH,512800.SH,512220.SH,512720.SH"
